FECHA_CORTE,FECHA,HORA,DEPARTAMENTO,CODIGO_VIA,KILOMETRO,MODALIDAD,NUM_FALLECIDOS,NUM_HERIDOS,HORA_INT,ANIO,MES,DIA_SEMANA,ES_FATAL,precipitation_sum,rain_sum,precipitation_hours
20211222,2020-01-01,05:40,LIMA,PE-1S,24.0,DESPISTE,0,0.0,5.0,2020,1,2,0,0.0,0.0,0.0
20211222,2020-01-01,16:30,CAJAMARCA,PE-3N,74.0,DESPISTE,0,0.0,16.0,2020,1,2,0,0.0,0.0,0.0
20211222,2020-01-01,07:45,PASCO,PE-3N,103.0,DESPISTE,0,1.0,7.0,2020,1,2,0,4.8,4.8,9.0
20211222,2020-01-01,18:30,CAJAMARCA,PE-08,111.0,DESPISTE,0,2.0,18.0,2020,1,2,0,0.0,0.0,0.0
20211222,2020-01-01,18:40,LIMA,PE-1N,174.0,DESPISTE,0,5.0,18.0,2020,1,2,0,0.0,0.0,0.0
20211222,2020-01-01,16:30,ICA,PE-1S,199.0,CHOQUE,0,1.0,16.0,2020,1,2,0,0.1,0.1,1.0
20211222,2020-01-01,16:35,ICA,PE-1S,201.0,CHOQUE,1,1.0,16.0,2020,1,2,1,0.1,0.1,1.0
20211222,2020-01-01,21:45,HUANUCO,PE-3N,226.0,ATROPELLO,0,1.0,21.0,2020,1,2,0,13.4,13.4,12.0
20211222,2020-01-01,23:50,PIURA,PE-1N,232.0,CHOQUE,0,6.0,23.0,2020,1,2,0,0.0,0.0,0.0
20211222,2020-01-01,02:30,AMAZONAS,PE-5N,263.0,DESPISTE,0,2.0,2.0,2020,1,2,0,1.2,1.2,6.0
20211222,2020-01-01,23:40,AREQUIPA,PE-1S,521.0,CHOQUE,0,0.0,23.0,2020,1,2,0,1.5,1.5,5.0
20211222,2020-01-01,17:45,LA LIBERTAD,PE-1N,732.0,DESPISTE,0,5.0,17.0,2020,1,2,0,0.0,0.0,0.0
20211222,2020-01-01,10:30,LA LIBERTAD,PE-1N,734.0,DESPISTE,0,2.0,10.0,2020,1,2,0,0.0,0.0,0.0
20211222,2020-01-01,20:50,MOQUEGUA,PE-1S,1166.0,CHOQUE,0,0.0,20.0,2020,1,2,0,0.4,0.4,2.0
20211222,2020-01-01,16:50,TACNA,PE-1S,1245.0,DESPISTE,1,0.0,16.0,2020,1,2,1,0.9,0.9,2.0
20211222,2020-01-01,18:15,PUNO,PE-1S,1351.0,CHOQUE,0,0.0,18.0,2020,1,2,0,19.3,19.3,23.0
20211222,2020-01-02,12:50,AREQUIPA,PE-1SJ,6.0,DESPISTE,2,16.0,12.0,2020,1,3,1,4.3,4.3,14.0
20211222,2020-01-02,05:45,TACNA,PE-1SD,8.0,DESPISTE,2,1.0,5.0,2020,1,3,1,5.1,5.1,9.0
20211222,2020-01-02,16:30,AREQUIPA,PE-34J,14.0,CHOQUE,0,0.0,16.0,2020,1,3,0,4.3,4.3,14.0
20211222,2020-01-02,16:30,AREQUIPA,PE-34E,18.0,CHOQUE,0,3.0,16.0,2020,1,3,0,4.3,4.3,14.0
20211222,2020-01-02,11:00,AREQUIPA,PE-34A,34.0,ESPECIAL,0,0.0,11.0,2020,1,3,0,4.3,4.3,14.0
20211222,2020-01-02,10:10,LIMA,PE-1N,39.0,ATROPELLO,1,0.0,10.0,2020,1,3,1,0.2,0.2,2.0
20211222,2020-01-02,08:00,CAJAMARCA,PE-3N,43.0,CHOQUE,0,0.0,8.0,2020,1,3,0,1.0,1.0,9.0
20211222,2020-01-02,00:40,LIMA,PE-22,81.0,CHOQUE,0,1.0,0.0,2020,1,3,0,0.2,0.2,2.0
20211222,2020-01-02,08:25,LIMA,PE-1S,81.0,DESPISTE,0,0.0,8.0,2020,1,3,0,0.2,0.2,2.0
20211222,2020-01-02,11:20,LIMA,PE-1S,91.0,DESPISTE,0,1.0,11.0,2020,1,3,0,0.2,0.2,2.0
20211222,2020-01-02,16:00,AREQUIPA,PE-34A,131.0,CHOQUE,4,3.0,16.0,2020,1,3,1,4.3,4.3,14.0
20211222,2020-01-02,13:00,JUNIN,PE-22,148.0,CHOQUE,0,3.0,13.0,2020,1,3,0,17.4,17.4,17.0
20211222,2020-01-02,21:52,ANCASH,PE-16,162.0,CHOQUE,0,0.0,21.0,2020,1,3,0,0.0,0.0,0.0
20211222,2020-01-02,17:45,LIMA,PE-1N,191.0,DESPISTE,0,0.0,17.0,2020,1,3,0,0.2,0.2,2.0
20211222,2020-01-02,23:50,PUNO,PE-34H,226.0,DESPISTE,3,41.0,23.0,2020,1,3,1,19.2,19.2,24.0
20211222,2020-01-02,00:40,ANCASH,PE-1N,276.0,CHOQUE,2,6.0,0.0,2020,1,3,1,0.0,0.0,0.0
20211222,2020-01-02,15:45,AMAZONAS,PE-08B,294.0,DESPISTE,0,1.0,15.0,2020,1,3,0,1.0,1.0,9.0
20211222,2020-01-02,06:00,APURIMAC,PE-3S,370.0,DESPISTE,0,2.0,6.0,2020,1,3,0,12.2,12.2,19.0
20211222,2020-01-02,09:30,SAN MARTIN,PE-5N,579.0,DESPISTE,0,2.0,9.0,2020,1,3,0,2.7,2.7,13.0
20211222,2020-01-02,16:45,MADRE DE DIOS,PE-30C,587.0,DESPISTE,0,4.0,16.0,2020,1,3,0,44.8,44.8,18.0
20211222,2020-01-02,21:20,AREQUIPA,PE-1S,951.0,CHOQUE,0,0.0,21.0,2020,1,3,0,4.3,4.3,14.0
20211222,2020-01-02,20:15,TACNA,PE-34B,1018.0,DESPISTE,0,6.0,20.0,2020,1,3,0,5.1,5.1,9.0
20211222,2020-01-03,18:30,LIMA,LM-108,2.0,DESPISTE,0,2.0,18.0,2020,1,4,0,0.0,0.0,0.0
20211222,2020-01-03,06:50,LIMA,PE-1S,71.0,CHOQUE,0,2.0,6.0,2020,1,4,0,0.0,0.0,0.0
20211222,2020-01-03,02:25,LIMA,PE-1S,81.0,CHOQUE,0,4.0,2.0,2020,1,4,0,0.0,0.0,0.0
20211222,2020-01-03,11:40,LIMA,PE-1S,81.0,CHOQUE,0,0.0,11.0,2020,1,4,0,0.0,0.0,0.0
20211222,2020-01-03,19:00,LAMBAYEQUE,PE-1N,105.0,CHOQUE,0,3.0,19.0,2020,1,4,0,0.0,0.0,0.0
20211222,2020-01-03,23:45,LIMA,PE-1N,123.0,CHOQUE,0,1.0,23.0,2020,1,4,0,0.0,0.0,0.0
20211222,2020-01-03,11:29,JUNIN,PE-22,141.0,CHOQUE,0,0.0,11.0,2020,1,4,0,4.0,4.0,11.0
20211222,2020-01-03,16:00,LIMA,PE-1N,158.0,CHOQUE,0,2.0,16.0,2020,1,4,0,0.0,0.0,0.0
20211222,2020-01-03,07:30,ICA,PE-1S,192.0,DESPISTE,0,2.0,7.0,2020,1,4,0,0.0,0.0,0.0
20211222,2020-01-03,01:00,AYACUCHO,PE-28A,233.0,DESPISTE,0,0.0,1.0,2020,1,4,0,6.6,6.6,10.0
20211222,2020-01-03,06:50,PUNO,PE-34A,244.0,CHOQUE,0,1.0,6.0,2020,1,4,0,5.0,5.0,17.0
20211222,2020-01-03,10:10,ANCASH,PE-3N,388.0,DESPISTE,0,1.0,10.0,2020,1,4,0,0.6,0.6,3.0
20211222,2020-01-03,01:20,AREQUIPA,PE-1S,953.0,CHOQUE,0,2.0,1.0,2020,1,4,0,0.8,0.8,5.0
20211222,2020-01-03,23:50,PIURA,PE-1N,1009.0,DESPISTE,1,0.0,23.0,2020,1,4,1,0.0,0.0,0.0
20211222,2020-01-03,21:30,PUNO,PE-3S,1207.0,CHOQUE,0,4.0,21.0,2020,1,4,0,5.0,5.0,17.0
20211222,2020-01-04,11:10,ANCASH,PE-16,2.0,DESPISTE,0,0.0,11.0,2020,1,5,0,0.5,0.5,4.0
20211222,2020-01-04,12:30,AREQUIPA,PE-34,32.0,CHOQUE,0,0.0,12.0,2020,1,5,0,9.6,9.6,10.0
20211222,2020-01-04,21:40,LIMA,PE-1S,34.0,DESPISTE,0,2.0,21.0,2020,1,5,0,0.0,0.0,0.0
20211222,2020-01-04,21:00,TACNA,PE-1SD,34.0,CHOQUE,2,0.0,21.0,2020,1,5,1,0.0,0.0,0.0
20211222,2020-01-04,23:50,JUNIN,PE-3S,37.0,DESPISTE,0,4.0,23.0,2020,1,5,0,8.5,8.5,8.0
20211222,2020-01-04,17:30,UCAYALI,PE-5N,41.0,CHOQUE,0,2.0,17.0,2020,1,5,0,0.4,0.4,4.0
20211222,2020-01-04,16:50,CAJAMARCA,PE-08B,45.0,CHOQUE,0,2.0,16.0,2020,1,5,0,6.0,6.0,16.0
20211222,2020-01-04,01:50,JUNIN,PE-22,54.0,CHOQUE,0,0.0,1.0,2020,1,5,0,8.5,8.5,8.0
20211222,2020-01-04,16:30,CAJAMARCA,PE-08A,62.0,DESPISTE,0,1.0,16.0,2020,1,5,0,6.0,6.0,16.0
20211222,2020-01-04,11:25,LIMA,PE-1N,111.0,DESPISTE,0,0.0,11.0,2020,1,5,0,0.0,0.0,0.0
20211222,2020-01-04,09:30,LIMA,PE-1N,117.0,DESPISTE,0,1.0,9.0,2020,1,5,0,0.0,0.0,0.0
20211222,2020-01-04,12:45,LIMA,PE-1S,120.0,DESPISTE,0,2.0,12.0,2020,1,5,0,0.0,0.0,0.0
20211222,2020-01-04,12:05,HUANUCO,PE-3N,207.0,CHOQUE,0,1.0,12.0,2020,1,5,0,1.0,1.0,4.0
20211222,2020-01-04,16:00,LAMBAYEQUE,PE-1N,829.0,DESPISTE,0,2.0,16.0,2020,1,5,0,0.0,0.0,0.0
20211222,2020-01-05,19:50,ICA,PE-28A,4.0,CHOQUE,0,6.0,19.0,2020,1,6,0,0.3,0.3,3.0
20211222,2020-01-05,19:50,LIMA,PE-1S,21.0,CHOQUE,0,2.0,19.0,2020,1,6,0,0.0,0.0,0.0
20211222,2020-01-05,13:30,LIMA,PE-20A,25.0,CHOQUE,0,2.0,13.0,2020,1,6,0,0.0,0.0,0.0
20211222,2020-01-05,13:40,JUNIN,PE-5S,45.0,CHOQUE,0,0.0,13.0,2020,1,6,0,2.4,2.4,4.0
20211222,2020-01-05,10:54,LIMA,PE-1S,54.0,DESPISTE,0,2.0,10.0,2020,1,6,0,0.0,0.0,0.0
20211222,2020-01-05,14:30,LIMA,PE-1N,83.0,CHOQUE,0,5.0,14.0,2020,1,6,0,0.0,0.0,0.0
20211222,2020-01-05,16:50,LAMBAYEQUE,PE-1N,91.0,CHOQUE,0,1.0,16.0,2020,1,6,0,0.0,0.0,0.0
20211222,2020-01-05,04:55,LIMA,PE-22,96.0,CHOQUE,0,3.0,4.0,2020,1,6,0,0.0,0.0,0.0
20211222,2020-01-05,14:10,LIMA,PE-1N,106.0,CHOQUE,0,2.0,14.0,2020,1,6,0,0.0,0.0,0.0
20211222,2020-01-05,07:20,LIMA,PE-22,129.0,CHOQUE,0,0.0,7.0,2020,1,6,0,0.0,0.0,0.0
20211222,2020-01-05,15:45,PASCO,PE-3N,137.0,CHOQUE,0,2.0,15.0,2020,1,6,0,0.1,0.1,1.0
20211222,2020-01-05,23:30,AREQUIPA,PE-34A,158.0,DESPISTE,0,0.0,23.0,2020,1,6,0,0.4,0.4,3.0
20211222,2020-01-05,13:40,ANCASH,PE-1N,309.0,CHOQUE,3,4.0,13.0,2020,1,6,1,2.3,2.3,6.0
20211222,2020-01-05,18:30,MOQUEGUA,PE-1S,1136.0,DESPISTE,0,0.0,18.0,2020,1,6,0,0.9,0.9,4.0
20211222,2020-01-05,17:00,PUNO,PE-3S,1258.0,DESPISTE,0,5.0,17.0,2020,1,6,0,3.2,3.2,13.0
20211222,2020-01-05,10:20,AREQUIPA,PE-34E,1300.0,CHOQUE,0,0.0,10.0,2020,1,6,0,0.4,0.4,3.0
20211222,2020-01-06,15:40,LIMA,PE-22,10.0,CHOQUE,0,0.0,15.0,2020,1,0,0,0.0,0.0,0.0
20211222,2020-01-06,06:00,LA LIBERTAD,PE-5N,20.0,DESPISTE,0,7.0,6.0,2020,1,0,0,0.0,0.0,0.0
20211222,2020-01-06,23:40,AYACUCHO,PE-28B,28.0,DESPISTE,0,0.0,23.0,2020,1,0,0,0.0,0.0,0.0
20211222,2020-01-06,22:30,PUNO,PE-30A,75.0,CHOQUE,1,0.0,22.0,2020,1,0,1,2.4,2.4,5.0
20211222,2020-01-06,16:00,ICA,PE-30A,118.0,DESPISTE,0,0.0,16.0,2020,1,0,0,0.0,0.0,0.0
20211222,2020-01-06,13:45,HUANCAVELICA,PE-3S,135.0,ATROPELLO,1,0.0,13.0,2020,1,0,1,2.0,2.0,3.0
20211222,2020-01-06,02:30,ICA,PE-1S,196.0,ATROPELLO,1,0.0,2.0,2020,1,0,1,0.0,0.0,0.0
20211222,2020-01-06,11:20,ICA,PE-1S,273.0,ATROPELLO,1,0.0,11.0,2020,1,0,1,0.0,0.0,0.0
20211222,2020-01-06,00:20,AREQUIPA,PE-1S,571.0,CHOQUE,16,46.0,0.0,2020,1,0,1,6.5,6.5,11.0
20211222,2020-01-06,12:30,AREQUIPA,PE-1S,902.0,DESPISTE,0,1.0,12.0,2020,1,0,0,6.5,6.5,11.0
20211222,2020-01-06,14:20,AREQUIPA,PE-1S,988.0,CHOQUE,2,5.0,14.0,2020,1,0,1,6.5,6.5,11.0
20211222,2020-01-07,15:00,LIMA,PE-1S,29.0,CHOQUE,0,1.0,15.0,2020,1,1,0,0.0,0.0,0.0
20211222,2020-01-07,11:30,HUANUCO,PE-18A,111.0,DESPISTE,0,0.0,11.0,2020,1,1,0,0.1,0.1,1.0
20211222,2020-01-07,04:30,HUANCAVELICA,PE-28A,124.0,ESPECIAL,0,2.0,4.0,2020,1,1,0,0.4,0.4,2.0
20211222,2020-01-07,16:30,AREQUIPA,PE-34A,151.0,DESPISTE,0,1.0,16.0,2020,1,1,0,0.8,0.8,5.0
20211222,2020-01-07,05:00,CUSCO,PE-3S,155.0,CHOQUE,1,0.0,5.0,2020,1,1,1,0.5,0.5,4.0
20211222,2020-01-07,06:15,ANCASH,PE-1N,246.0,DESPISTE,0,3.0,6.0,2020,1,1,0,0.0,0.0,0.0
20211222,2020-01-07,19:30,APURIMAC,PE-30A,283.0,DESPISTE,0,6.0,19.0,2020,1,1,0,0.0,0.0,0.0
20211222,2020-01-07,17:15,ANCASH,PE-1N,287.0,DESPISTE,0,1.0,17.0,2020,1,1,0,0.0,0.0,0.0
20211222,2020-01-07,03:15,ICA,PE-1S,315.0,DESPISTE,0,1.0,3.0,2020,1,1,0,0.3,0.3,3.0
20211222,2020-01-07,08:10,ANCASH,PE-3N,629.0,CHOQUE,0,2.0,8.0,2020,1,1,0,0.0,0.0,0.0
20211222,2020-01-07,13:00,CUSCO,PE-3S,870.0,CHOQUE,0,1.0,13.0,2020,1,1,0,0.5,0.5,4.0
20211222,2020-01-07,16:30,AREQUIPA,PE-1S,872.0,DESPISTE,0,0.0,16.0,2020,1,1,0,0.8,0.8,5.0
20211222,2020-01-07,06:00,CUSCO,PE-3S,1063.0,CHOQUE,0,0.0,6.0,2020,1,1,0,0.5,0.5,4.0
20211222,2020-01-08,11:35,JUNIN,PE-22,15.0,DESPISTE,0,1.0,11.0,2020,1,2,0,1.1,1.1,5.0
20211222,2020-01-08,16:30,AREQUIPA,PE-34E,23.0,DESPISTE,2,4.0,16.0,2020,1,2,1,0.0,0.0,0.0
20211222,2020-01-08,07:35,JUNIN,PE-22,37.0,DESPISTE,0,1.0,7.0,2020,1,2,0,1.1,1.1,5.0
20211222,2020-01-08,21:00,LIMA,PE-1N,48.0,CHOQUE,0,0.0,21.0,2020,1,2,0,0.0,0.0,0.0
20211222,2020-01-08,15:20,CAJAMARCA,PE-3N,50.0,DESPISTE,0,0.0,15.0,2020,1,2,0,0.7,0.7,4.0
20211222,2020-01-08,03:30,PIURA,PE-1N,61.0,CHOQUE,0,0.0,3.0,2020,1,2,0,0.0,0.0,0.0
20211222,2020-01-08,21:00,HUANCAVELICA,PE-28A,80.0,CHOQUE,1,0.0,21.0,2020,1,2,1,3.1,3.1,4.0
20211222,2020-01-08,14:40,AREQUIPA,PE-34A,141.0,DESPISTE,0,2.0,14.0,2020,1,2,0,0.0,0.0,0.0
20211222,2020-01-08,10:00,PUNO,PE-34A,205.0,DESPISTE,0,2.0,10.0,2020,1,2,0,0.2,0.2,2.0
20211222,2020-01-08,11:30,HUANUCO,PE-3N,272.0,DESPISTE,0,2.0,11.0,2020,1,2,0,1.5,1.5,8.0
20211222,2020-01-08,04:20,ICA,PE-1S,331.0,CHOQUE,2,5.0,4.0,2020,1,2,1,0.6,0.6,5.0
20211222,2020-01-08,05:30,ANCASH,PE-1N,416.0,ATROPELLO,1,0.0,5.0,2020,1,2,1,0.1,0.1,1.0
20211222,2020-01-09,12:20,ANCASH,PE-12B,8.0,DESPISTE,0,25.0,12.0,2020,1,3,0,2.4,2.4,5.0
20211222,2020-01-09,05:30,LA LIBERTAD,PE-1NF,9.0,DESPISTE,0,0.0,5.0,2020,1,3,0,0.0,0.0,0.0
20211222,2020-01-09,15:25,CAJAMARCA,PE-06B,11.0,CHOQUE,0,3.0,15.0,2020,1,3,0,0.2,0.2,2.0
20211222,2020-01-09,18:20,AREQUIPA,PE-34A,88.0,CHOQUE,0,1.0,18.0,2020,1,3,0,1.1,1.1,4.0
20211222,2020-01-09,21:30,LAMBAYEQUE,PE-1N,89.0,CHOQUE,0,1.0,21.0,2020,1,3,0,0.0,0.0,0.0
20211222,2020-01-09,22:15,AREQUIPA,PE-34A,120.0,CHOQUE,0,4.0,22.0,2020,1,3,0,1.1,1.1,4.0
20211222,2020-01-09,07:20,JUNIN,PE-22,135.0,CHOQUE,0,0.0,7.0,2020,1,3,0,4.3,4.3,5.0
20211222,2020-01-09,23:00,ANCASH,PE-1N,432.0,ESPECIAL,0,1.0,23.0,2020,1,3,0,2.4,2.4,5.0
20211222,2020-01-09,06:30,SAN MARTIN,PE-5N,634.0,ESPECIAL,0,1.0,6.0,2020,1,3,0,0.6,0.6,3.0
20211222,2020-01-09,09:40,LA LIBERTAD,PE-1N,655.0,DESPISTE,0,5.0,9.0,2020,1,3,0,0.0,0.0,0.0
20211222,2020-01-09,10:30,AREQUIPA,PE-1S,823.0,ATROPELLO,1,0.0,10.0,2020,1,3,1,1.1,1.1,4.0
20211222,2020-01-09,20:10,CUSCO,PE-3S,1067.0,DESPISTE,0,2.0,20.0,2020,1,3,0,1.4,1.4,7.0
20211222,2020-01-10,23:50,TACNA,PE-1SD,28.0,CHOQUE,0,0.0,23.0,2020,1,4,0,0.0,0.0,0.0
20211222,2020-01-10,23:15,LIMA,PE-1S,70.0,DESPISTE,0,5.0,23.0,2020,1,4,0,0.0,0.0,0.0
20211222,2020-01-10,12:00,ICA,PE-30A,71.0,DESPISTE,2,0.0,12.0,2020,1,4,1,0.0,0.0,0.0
20211222,2020-01-10,20:30,CAJAMARCA,PE-06B,79.0,CHOQUE,0,2.0,20.0,2020,1,4,0,0.9,0.9,4.0
20211222,2020-01-10,23:30,LIMA,PE-1S,91.0,ATROPELLO,1,0.0,23.0,2020,1,4,1,0.0,0.0,0.0
20211222,2020-01-10,19:50,JUNIN,PE-3N,94.0,CHOQUE,0,0.0,19.0,2020,1,4,0,3.4,3.4,7.0
20211222,2020-01-10,16:40,LIMA,PE-1S,101.0,CHOQUE,0,0.0,16.0,2020,1,4,0,0.0,0.0,0.0
20211222,2020-01-10,17:25,LIMA,PE-1S,129.0,DESPISTE,0,1.0,17.0,2020,1,4,0,0.0,0.0,0.0
20211222,2020-01-10,17:00,LAMBAYEQUE,PE-06A,167.0,DESPISTE,0,2.0,17.0,2020,1,4,0,0.0,0.0,0.0
20211222,2020-01-10,05:00,AREQUIPA,PE-34A,179.0,DESPISTE,1,4.0,5.0,2020,1,4,1,0.0,0.0,0.0
20211222,2020-01-10,06:45,ICA,PE-1S,195.0,CHOQUE,0,1.0,6.0,2020,1,4,0,0.0,0.0,0.0
20211222,2020-01-10,02:30,AMAZONAS,PE-5N,264.0,DESPISTE,0,6.0,2.0,2020,1,4,0,0.8,0.8,6.0
20211222,2020-01-10,17:40,LA LIBERTAD,PE-1N,506.0,ESPECIAL,0,0.0,17.0,2020,1,4,0,0.0,0.0,0.0
20211222,2020-01-10,06:30,LA LIBERTAD,PE-1N,620.0,CHOQUE,0,4.0,6.0,2020,1,4,0,0.0,0.0,0.0
20211222,2020-01-11,17:40,ANCASH,AN-110,3.0,CHOQUE,0,0.0,17.0,2020,1,5,0,0.9,0.9,6.0
20211222,2020-01-11,17:30,AREQUIPA,PE-34E,20.0,CHOQUE,0,10.0,17.0,2020,1,5,0,0.0,0.0,0.0
20211222,2020-01-11,11:00,LIMA,PE-1N,22.0,ATROPELLO,0,2.0,11.0,2020,1,5,0,0.6,0.6,6.0
20211222,2020-01-11,10:45,LIMA,PE-1N,75.0,ESPECIAL,0,2.0,10.0,2020,1,5,0,0.6,0.6,6.0
20211222,2020-01-11,03:20,LIMA,PE-22,87.0,CHOQUE,0,0.0,3.0,2020,1,5,0,0.6,0.6,6.0
20211222,2020-01-11,07:40,CAJAMARCA,PE-3N,94.0,CHOQUE,0,2.0,7.0,2020,1,5,0,1.5,1.5,8.0
20211222,2020-01-11,07:46,LIMA,PE-22,100.0,CHOQUE,0,5.0,7.0,2020,1,5,0,0.6,0.6,6.0
20211222,2020-01-11,03:45,CUSCO,PE-28B,101.0,DESPISTE,0,0.0,3.0,2020,1,5,0,1.4,1.4,7.0
20211222,2020-01-11,23:40,JUNIN,PE-3S,124.0,CHOQUE,0,0.0,23.0,2020,1,5,0,4.7,4.7,10.0
20211222,2020-01-11,14:20,PUNO,PE-34H,131.0,CHOQUE,0,0.0,14.0,2020,1,5,0,2.1,2.1,10.0
20211222,2020-01-11,22:10,JUNIN,PE-22,160.0,DESPISTE,0,0.0,22.0,2020,1,5,0,4.7,4.7,10.0
20211222,2020-01-11,06:45,ICA,PE-1S,187.0,CHOQUE,0,1.0,6.0,2020,1,5,0,0.0,0.0,0.0
20211222,2020-01-11,20:30,LA LIBERTAD,PE-1N,518.0,CHOQUE,0,0.0,20.0,2020,1,5,0,0.1,0.1,1.0
20211222,2020-01-11,17:05,AREQUIPA,PE-1S,587.0,DESPISTE,0,0.0,17.0,2020,1,5,0,0.0,0.0,0.0
20211222,2020-01-11,20:30,LAMBAYEQUE,PE-1N,768.0,CHOQUE,0,1.0,20.0,2020,1,5,0,0.0,0.0,0.0
20211222,2020-01-11,00:30,PIURA,PE-1N,971.0,CHOQUE,0,1.0,0.0,2020,1,5,0,0.0,0.0,0.0
20211222,2020-01-11,05:00,AREQUIPA,PE-1S,987.0,CHOQUE,0,0.0,5.0,2020,1,5,0,0.0,0.0,0.0
20211222,2020-01-11,01:30,CUSCO,PE-3S,993.0,CHOQUE,1,0.0,1.0,2020,1,5,1,1.4,1.4,7.0
20211222,2020-01-11,04:30,CUSCO,PE-3S,1106.0,CHOQUE,0,2.0,4.0,2020,1,5,0,1.4,1.4,7.0
20211222,2020-01-11,11:40,MOQUEGUA,PE-1S,1261.0,CHOQUE,0,1.0,11.0,2020,1,5,0,0.0,0.0,0.0
20211222,2020-01-12,19:45,PUNO,PE-34H,6.0,CHOQUE,1,0.0,19.0,2020,1,6,1,3.6,3.6,14.0
20211222,2020-01-12,04:10,LAMBAYEQUE,PE-08,9.0,CHOQUE,1,1.0,4.0,2020,1,6,1,0.0,0.0,0.0
20211222,2020-01-12,15:30,ANCASH,AN-111,20.0,DESPISTE,0,1.0,15.0,2020,1,6,0,3.1,3.1,8.0
20211222,2020-01-12,00:30,LIMA,PE-1N,43.0,CHOQUE,0,1.0,0.0,2020,1,6,0,0.2,0.2,2.0
20211222,2020-01-12,01:10,LIMA,PE-22,60.0,CHOQUE,0,2.0,1.0,2020,1,6,0,0.2,0.2,2.0
20211222,2020-01-12,16:30,LIMA,PE-1N,63.0,DESPISTE,0,5.0,16.0,2020,1,6,0,0.2,0.2,2.0
20211222,2020-01-12,06:40,LIMA,PE-1S,66.0,DESPISTE,0,0.0,6.0,2020,1,6,0,0.2,0.2,2.0
20211222,2020-01-12,23:20,UCAYALI,PE-18C,96.0,CHOQUE,2,0.0,23.0,2020,1,6,1,0.7,0.7,7.0
20211222,2020-01-12,07:30,LIMA,PE-22,98.0,DESPISTE,0,0.0,7.0,2020,1,6,0,0.2,0.2,2.0
20211222,2020-01-12,16:50,AREQUIPA,PE-1SD,119.0,DESPISTE,0,2.0,16.0,2020,1,6,0,0.0,0.0,0.0
20211222,2020-01-12,14:30,JUNIN,PE-3S,137.0,CHOQUE,0,3.0,14.0,2020,1,6,0,2.0,2.0,11.0
20211222,2020-01-12,01:55,LIMA,PE-1N,159.0,CHOQUE,1,27.0,1.0,2020,1,6,1,0.2,0.2,2.0
20211222,2020-01-12,08:55,ICA,PE-1S,199.0,DESPISTE,0,2.0,8.0,2020,1,6,0,0.0,0.0,0.0
20211222,2020-01-12,21:30,ICA,PE-1S,225.0,CHOQUE,0,0.0,21.0,2020,1,6,0,0.0,0.0,0.0
20211222,2020-01-12,17:20,AMAZONAS,PE-08B,277.0,DESPISTE,0,0.0,17.0,2020,1,6,0,3.1,3.1,15.0
20211222,2020-01-12,14:50,ANCASH,PE-1N,320.0,ESPECIAL,0,0.0,14.0,2020,1,6,0,3.1,3.1,8.0
20211222,2020-01-12,03:45,MADRE DE DIOS,PE-30C,329.0,DESPISTE,0,1.0,3.0,2020,1,6,0,1.6,1.6,4.0
20211222,2020-01-12,04:20,ICA,PE-1S,357.0,CHOQUE,5,6.0,4.0,2020,1,6,1,0.0,0.0,0.0
20211222,2020-01-12,06:20,SAN MARTIN,PE-5N,390.0,DESPISTE,0,0.0,6.0,2020,1,6,0,4.0,4.0,11.0
20211222,2020-01-12,17:30,MADRE DE DIOS,PE-30C,460.0,DESPISTE,1,3.0,17.0,2020,1,6,1,1.6,1.6,4.0
20211222,2020-01-12,13:10,LA LIBERTAD,PE-1N,521.0,CHOQUE,0,3.0,13.0,2020,1,6,0,0.0,0.0,0.0
20211222,2020-01-12,15:00,AREQUIPA,PE-1S,576.0,CHOQUE,0,1.0,15.0,2020,1,6,0,0.0,0.0,0.0
20211222,2020-01-12,18:35,LA LIBERTAD,PE-1N,656.0,DESPISTE,0,6.0,18.0,2020,1,6,0,0.0,0.0,0.0
20211222,2020-01-12,18:10,AREQUIPA,PE-1S,688.0,DESPISTE,0,0.0,18.0,2020,1,6,0,0.0,0.0,0.0
20211222,2020-01-12,09:00,PUNO,PE-3S,1300.0,CHOQUE,0,1.0,9.0,2020,1,6,0,3.6,3.6,14.0
20211222,2020-01-12,04:25,CAJAMARCA,PE-3N,1814.0,CHOQUE,0,2.0,4.0,2020,1,6,0,0.3,0.3,2.0
20211222,2020-01-13,15:20,AMAZONAS,PE-5N,12.0,CHOQUE,0,0.0,15.0,2020,1,0,0,0.8,0.8,5.0
20211222,2020-01-13,19:00,JUNIN,PE-5S,12.0,DESPISTE,0,0.0,19.0,2020,1,0,0,2.9,2.9,8.0
20211222,2020-01-13,17:40,JUNIN,PE-3S,46.0,CHOQUE,0,0.0,17.0,2020,1,0,0,2.9,2.9,8.0
20211222,2020-01-13,13:20,JUNIN,PE-3S,46.0,CHOQUE,0,1.0,13.0,2020,1,0,0,2.9,2.9,8.0
20211222,2020-01-13,20:20,HUANUCO,PE-18A,50.0,DESPISTE,0,0.0,20.0,2020,1,0,0,1.6,1.6,6.0
20211222,2020-01-13,15:35,PUNO,PE-34H,55.0,DESPISTE,0,0.0,15.0,2020,1,0,0,15.6,15.6,17.0
20211222,2020-01-13,22:00,AREQUIPA,PE-34A,76.0,DESPISTE,0,0.0,22.0,2020,1,0,0,1.5,1.5,10.0
20211222,2020-01-13,18:50,LAMBAYEQUE,PE-06A,92.0,CHOQUE,1,0.0,18.0,2020,1,0,1,0.0,0.0,0.0
20211222,2020-01-13,16:20,AMAZONAS,PE-5N,135.0,DESPISTE,0,3.0,16.0,2020,1,0,0,0.8,0.8,5.0
20211222,2020-01-13,15:50,LA LIBERTAD,PE-1N,561.0,ATROPELLO,0,1.0,15.0,2020,1,0,0,0.0,0.0,0.0
20211222,2020-01-13,13:10,TACNA,PE-1S,1235.0,DESPISTE,0,1.0,13.0,2020,1,0,0,0.1,0.1,1.0
20211222,2020-01-14,11:40,LIMA,PE-1S,24.0,CHOQUE,1,0.0,11.0,2020,1,1,1,0.1,0.1,1.0
20211222,2020-01-14,16:30,LIMA,PE-1SJ,32.0,CHOQUE,0,2.0,16.0,2020,1,1,0,0.1,0.1,1.0
20211222,2020-01-14,13:35,LIMA,PE-1N,75.0,CHOQUE,0,1.0,13.0,2020,1,1,0,0.1,0.1,1.0
20211222,2020-01-14,13:55,PUNO,PE-34H,86.0,CHOQUE,0,2.0,13.0,2020,1,1,0,8.9,8.9,16.0
20211222,2020-01-14,18:00,HUANCAVELICA,PE-28A,114.0,DESPISTE,0,1.0,18.0,2020,1,1,0,4.1,4.1,8.0
20211222,2020-01-14,16:30,LIMA,PE-1S,125.0,DESPISTE,0,0.0,16.0,2020,1,1,0,0.1,0.1,1.0
20211222,2020-01-14,13:30,JUNIN,PE-22,145.0,DESPISTE,0,0.0,13.0,2020,1,1,0,8.3,8.3,14.0
20211222,2020-01-14,02:40,LIMA,PE-1N,201.0,DESPISTE,0,0.0,2.0,2020,1,1,0,0.1,0.1,1.0
20211222,2020-01-14,15:00,ANCASH,PE-1N,331.0,DESPISTE,1,5.0,15.0,2020,1,1,1,2.1,2.1,7.0
20211222,2020-01-14,12:30,APURIMAC,PE-3S,828.0,DESPISTE,0,3.0,12.0,2020,1,1,0,4.5,4.5,11.0
20211222,2020-01-14,02:30,CUSCO,PE-3S,970.0,DESPISTE,0,3.0,2.0,2020,1,1,0,7.4,7.4,14.0
20211222,2020-01-14,19:10,CUSCO,PE-3S,1009.0,CHOQUE,0,2.0,19.0,2020,1,1,0,7.4,7.4,14.0
20211222,2020-01-15,18:00,LIMA,PE-20A,6.0,CHOQUE,0,0.0,18.0,2020,1,2,0,0.0,0.0,0.0
20211222,2020-01-15,21:30,AMAZONAS,PE-5N,7.0,DESPISTE,0,1.0,21.0,2020,1,2,0,1.5,1.5,8.0
20211222,2020-01-15,21:35,PIURA,PE-02A,8.0,DESPISTE,1,0.0,21.0,2020,1,2,1,0.0,0.0,0.0
20211222,2020-01-15,07:50,LIMA,PE-1S,32.0,DESPISTE,0,1.0,7.0,2020,1,2,0,0.0,0.0,0.0
20211222,2020-01-15,03:00,JUNIN,PE-3S,37.0,CHOQUE,0,8.0,3.0,2020,1,2,0,3.6,3.6,10.0
20211222,2020-01-15,17:40,JUNIN,PE-3S,62.0,DESPISTE,0,1.0,17.0,2020,1,2,0,3.6,3.6,10.0
20211222,2020-01-15,20:15,LIMA,PE-1N,81.0,ATROPELLO,1,1.0,20.0,2020,1,2,1,0.0,0.0,0.0
20211222,2020-01-15,03:30,JUNIN,PE-22,152.0,DESPISTE,0,0.0,3.0,2020,1,2,0,3.6,3.6,10.0
20211222,2020-01-15,16:00,PIURA,PE-1NJ,154.0,DESPISTE,0,6.0,16.0,2020,1,2,0,0.0,0.0,0.0
20211222,2020-01-15,07:30,CAJAMARCA,PE-06B,155.0,DESPISTE,1,1.0,7.0,2020,1,2,1,1.3,1.3,6.0
20211222,2020-01-15,09:30,HUANUCO,PE-14A,203.0,DESPISTE,0,0.0,9.0,2020,1,2,0,1.5,1.5,10.0
20211222,2020-01-15,11:55,ICA,PE-1S,208.0,DESPISTE,0,2.0,11.0,2020,1,2,0,7.4,7.4,6.0
20211222,2020-01-15,06:50,LIMA,PE-1N,217.0,DESPISTE,0,2.0,6.0,2020,1,2,0,0.0,0.0,0.0
20211222,2020-01-15,18:00,ICA,PE-1S,268.0,DESPISTE,0,3.0,18.0,2020,1,2,0,7.4,7.4,6.0
20211222,2020-01-15,08:30,AMAZONAS,PE-5N,273.0,DESPISTE,0,0.0,8.0,2020,1,2,0,1.5,1.5,8.0
20211222,2020-01-15,15:47,ICA,PE-1S,283.0,ATROPELLO,0,1.0,15.0,2020,1,2,0,7.4,7.4,6.0
20211222,2020-01-15,17:00,AYACUCHO,PE-28A,313.0,DESPISTE,0,0.0,17.0,2020,1,2,0,5.5,5.5,9.0
20211222,2020-01-15,07:45,ANCASH,PE-1N,342.0,CHOQUE,0,0.0,7.0,2020,1,2,0,2.7,2.7,6.0
20211222,2020-01-15,22:10,ANCASH,PE-1N,343.0,DESPISTE,0,2.0,22.0,2020,1,2,0,2.7,2.7,6.0
20211222,2020-01-15,14:20,CUSCO,PE-3S,985.0,ATROPELLO,1,0.0,14.0,2020,1,2,1,9.9,9.9,15.0
20211222,2020-01-15,12:50,PUNO,PE-3S,1280.0,DESPISTE,0,1.0,12.0,2020,1,2,0,9.0,9.0,18.0
20211222,2020-01-16,18:20,LORETO,LO-103,11.0,CHOQUE,0,2.0,18.0,2020,1,3,0,0.9,0.9,3.0
20211222,2020-01-16,16:30,CUSCO,PE-28B,14.0,ATROPELLO,0,1.0,16.0,2020,1,3,0,12.4,12.4,14.0
20211222,2020-01-16,21:45,LIMA,PE-1NA,20.0,CHOQUE,0,0.0,21.0,2020,1,3,0,0.8,0.8,4.0
20211222,2020-01-16,03:44,CAJAMARCA,PE-06B,32.0,DESPISTE,0,7.0,3.0,2020,1,3,0,0.3,0.3,3.0
20211222,2020-01-16,17:15,AREQUIPA,PE-34F,38.0,DESPISTE,0,0.0,17.0,2020,1,3,0,2.4,2.4,6.0
20211222,2020-01-16,05:30,LIMA,PE-22,40.0,CHOQUE,0,0.0,5.0,2020,1,3,0,0.8,0.8,4.0
20211222,2020-01-16,04:00,LIMA,PE-20A,45.0,DESPISTE,1,3.0,4.0,2020,1,3,1,0.8,0.8,4.0
20211222,2020-01-16,19:00,HUANUCO,PE-18A,49.0,DESPISTE,0,0.0,19.0,2020,1,3,0,2.4,2.4,11.0
20211222,2020-01-16,15:00,AREQUIPA,PE-34A,53.0,CHOQUE,0,3.0,15.0,2020,1,3,0,2.4,2.4,6.0
20211222,2020-01-16,14:00,LIMA,PE-1N,64.0,DESPISTE,0,1.0,14.0,2020,1,3,0,0.8,0.8,4.0
20211222,2020-01-16,15:55,LIMA,PE-1S,77.0,CHOQUE,0,0.0,15.0,2020,1,3,0,0.8,0.8,4.0
20211222,2020-01-16,23:50,AMAZONAS,PE-5N,81.0,CHOQUE,0,0.0,23.0,2020,1,3,0,1.4,1.4,8.0
20211222,2020-01-16,00:38,LIMA,PE-22,92.0,DESPISTE,0,0.0,0.0,2020,1,3,0,0.8,0.8,4.0
20211222,2020-01-16,21:00,LIMA,PE-22,112.0,DESPISTE,0,0.0,21.0,2020,1,3,0,0.8,0.8,4.0
20211222,2020-01-16,21:50,AREQUIPA,PE-34A,124.0,CHOQUE,0,0.0,21.0,2020,1,3,0,2.4,2.4,6.0
20211222,2020-01-16,17:45,CAJAMARCA,PE-08B,130.0,DESPISTE,0,2.0,17.0,2020,1,3,0,0.3,0.3,3.0
20211222,2020-01-16,09:00,HUANCAVELICA,PE-28A,137.0,DESPISTE,0,2.0,9.0,2020,1,3,0,3.7,3.6,11.0
20211222,2020-01-16,18:30,JUNIN,PE-22,139.0,DESPISTE,0,0.0,18.0,2020,1,3,0,16.3,16.3,14.0
20211222,2020-01-16,19:30,ICA,PE-1S,299.0,ATROPELLO,0,2.0,19.0,2020,1,3,0,0.0,0.0,0.0
20211222,2020-01-16,08:00,ANCASH,PE-1N,383.0,DESPISTE,0,0.0,8.0,2020,1,3,0,0.3,0.3,3.0
20211222,2020-01-16,13:00,AYACUCHO,PE-3S,464.0,DESPISTE,0,4.0,13.0,2020,1,3,0,18.1,18.1,12.0
20211222,2020-01-16,00:05,AREQUIPA,PE-1S,935.0,CHOQUE,2,0.0,0.0,2020,1,3,1,2.4,2.4,6.0
20211222,2020-01-17,09:58,CUSCO,PE-34G,4.0,CHOQUE,0,2.0,9.0,2020,1,4,0,0.8,0.8,4.0
20211222,2020-01-17,12:50,JUNIN,PE-3S,6.0,DESPISTE,0,0.0,12.0,2020,1,4,0,1.7,1.7,8.0
20211222,2020-01-17,05:50,ANCASH,PE-16,49.0,DESPISTE,1,0.0,5.0,2020,1,4,1,0.3,0.3,2.0
20211222,2020-01-17,15:40,AREQUIPA,PE-34A,78.0,DESPISTE,1,9.0,15.0,2020,1,4,1,0.8,0.8,2.0
20211222,2020-01-17,N.I.,LIMA,PE-1N,80.0,DESPISTE,0,0.0,,2020,1,4,0,0.2,0.2,2.0
20211222,2020-01-17,15:30,TACNA,PE-36A,124.0,DESPISTE,1,3.0,15.0,2020,1,4,1,0.0,0.0,0.0
20211222,2020-01-17,12:30,CAJAMARCA,PE-08B,126.0,DESPISTE,1,1.0,12.0,2020,1,4,1,0.0,0.0,0.0
20211222,2020-01-17,05:00,AMAZONAS,PE-5N,285.0,DESPISTE,0,1.0,5.0,2020,1,4,0,0.9,0.9,7.0
20211222,2020-01-17,19:50,APURIMAC,PE-3S,759.0,DESPISTE,2,2.0,19.0,2020,1,4,1,5.4,5.4,13.0
20211222,2020-01-18,09:00,JUNIN,PE-3SA,19.0,DESPISTE,0,0.0,9.0,2020,1,5,0,3.0,3.0,16.0
20211222,2020-01-18,18:00,HUANUCO,PE-18A,20.0,DESPISTE,0,0.0,18.0,2020,1,5,0,4.9,4.9,14.0
20211222,2020-01-18,09:30,LAMBAYEQUE,PE-1NJ,35.0,CHOQUE,0,1.0,9.0,2020,1,5,0,0.0,0.0,0.0
20211222,2020-01-18,08:45,LIMA,PE-22,57.0,DESPISTE,0,0.0,8.0,2020,1,5,0,0.2,0.2,2.0
20211222,2020-01-18,17:50,JUNIN,PE-22,62.0,DESPISTE,0,4.0,17.0,2020,1,5,0,3.0,3.0,16.0
20211222,2020-01-18,09:30,AREQUIPA,PE-34E,63.0,DESPISTE,0,0.0,9.0,2020,1,5,0,6.4,6.4,8.0
20211222,2020-01-18,20:00,CAJAMARCA,PE-06B,78.0,DESPISTE,0,0.0,20.0,2020,1,5,0,0.7,0.7,5.0
20211222,2020-01-18,15:30,LIMA,PE-1N,82.0,CHOQUE,0,1.0,15.0,2020,1,5,0,0.2,0.2,2.0
20211222,2020-01-18,11:00,LA LIBERTAD,PE-1N,89.0,CHOQUE,0,1.0,11.0,2020,1,5,0,0.0,0.0,0.0
20211222,2020-01-18,02:00,LIMA,PE-22,103.0,DESPISTE,0,0.0,2.0,2020,1,5,0,0.2,0.2,2.0
20211222,2020-01-18,19:00,LIMA,PE-1S,173.0,ESPECIAL,0,0.0,19.0,2020,1,5,0,0.2,0.2,2.0
20211222,2020-01-18,10:30,AMAZONAS,PE-5N,233.0,DESPISTE,0,0.0,10.0,2020,1,5,0,1.4,1.4,7.0
20211222,2020-01-18,12:30,PUNO,PE-34A,272.0,DESPISTE,0,0.0,12.0,2020,1,5,0,2.3,2.3,13.0
20211222,2020-01-18,19:40,CUSCO,PE-3S,1101.0,CHOQUE,0,14.0,19.0,2020,1,5,0,0.5,0.5,4.0
20211222,2020-01-19,10:20,LA LIBERTAD,N.I.,0.0,CHOQUE,0,14.0,10.0,2020,1,6,0,0.0,0.0,0.0
20211222,2020-01-19,13:55,PUNO,PE-34H,36.0,CHOQUE,0,3.0,13.0,2020,1,6,0,2.6,2.6,8.0
20211222,2020-01-19,21:30,CUSCO,CU-117,43.0,CHOQUE,0,1.0,21.0,2020,1,6,0,1.5,1.5,7.0
20211222,2020-01-19,17:45,PIURA,PE-1N,64.0,DESPISTE,0,1.0,17.0,2020,1,6,0,0.0,0.0,0.0
20211222,2020-01-19,16:45,HUANCAVELICA,PE-28A,93.0,DESPISTE,0,1.0,16.0,2020,1,6,0,5.4,5.4,7.0
20211222,2020-01-19,10:00,HUANUCO,PE-18A,110.0,CHOQUE,0,0.0,10.0,2020,1,6,0,2.2,2.2,7.0
20211222,2020-01-19,17:00,AREQUIPA,PE-34A,117.0,CHOQUE,0,4.0,17.0,2020,1,6,0,6.0,6.0,10.0
20211222,2020-01-19,07:00,ICA,PE-1S,202.0,DESPISTE,0,1.0,7.0,2020,1,6,0,0.0,0.0,0.0
20211222,2020-01-19,10:50,LIMA,PE-1N,215.0,DESPISTE,0,0.0,10.0,2020,1,6,0,0.0,0.0,0.0
20211222,2020-01-19,23:10,SAN MARTIN,PE-5N,572.0,CHOQUE,0,1.0,23.0,2020,1,6,0,3.7,3.7,14.0
20211222,2020-01-19,04:00,LA LIBERTAD,PE-1N,713.0,CHOQUE,0,1.0,4.0,2020,1,6,0,0.0,0.0,0.0
20211222,2020-01-20,10:45,JUNIN,PE-3N,1.0,DESPISTE,0,3.0,10.0,2020,1,0,0,7.4,7.4,13.0
20211222,2020-01-20,21:30,ANCASH,PE-14,2.0,CHOQUE,0,0.0,21.0,2020,1,0,0,17.2,17.2,12.0
20211222,2020-01-20,10:00,HUANCAVELICA,PE-3SD,8.0,DESPISTE,1,2.0,10.0,2020,1,0,1,8.1,8.1,11.0
20211222,2020-01-20,22:45,LAMBAYEQUE,PE-1N,10.0,ATROPELLO,0,1.0,22.0,2020,1,0,0,0.3,0.3,2.0
20211222,2020-01-20,14:00,LA LIBERTAD,PE-1S,14.0,CHOQUE,1,0.0,14.0,2020,1,0,1,0.0,0.0,0.0
20211222,2020-01-20,06:00,LIMA,PE-1N,106.0,CHOQUE,0,0.0,6.0,2020,1,0,0,2.0,2.0,7.0
20211222,2020-01-20,13:10,AREQUIPA,PE-34A,109.0,DESPISTE,0,0.0,13.0,2020,1,0,0,24.0,24.0,10.0
20211222,2020-01-20,02:30,LIMA,PE-1N,137.0,DESPISTE,0,0.0,2.0,2020,1,0,0,2.0,2.0,7.0
20211222,2020-01-20,13:20,AREQUIPA,PE-34A,146.0,DESPISTE,1,5.0,13.0,2020,1,0,1,24.0,24.0,10.0
20211222,2020-01-20,03:10,LIMA,PE-1N,159.0,DESPISTE,0,7.0,3.0,2020,1,0,0,2.0,2.0,7.0
20211222,2020-01-20,15:30,JUNIN,PE-3S,162.0,DESPISTE,0,0.0,15.0,2020,1,0,0,7.4,7.4,13.0
20211222,2020-01-20,21:00,PIURA,PE-1N,234.0,ATROPELLO,0,1.0,21.0,2020,1,0,0,0.0,0.0,0.0
20211222,2020-01-20,00:36,ICA,PE-1S,324.0,ATROPELLO,1,0.0,0.0,2020,1,0,1,0.0,0.0,0.0
20211222,2020-01-20,13:45,SAN MARTIN,PE-5N,397.0,DESPISTE,0,0.0,13.0,2020,1,0,0,2.9,2.9,6.0
20211222,2020-01-20,21:20,ICA,PE-1S,461.0,ATROPELLO,1,0.0,21.0,2020,1,0,1,0.0,0.0,0.0
20211222,2020-01-20,21:40,AREQUIPA,PE-1S,668.0,DESPISTE,0,0.0,21.0,2020,1,0,0,24.0,24.0,10.0
20211222,2020-01-21,07:40,JUNIN,N.I.,30.0,DESPISTE,0,1.0,7.0,2020,1,1,0,10.1,10.1,14.0
20211222,2020-01-21,06:36,TACNA,PE-36,34.0,DESPISTE,0,0.0,6.0,2020,1,1,0,12.7,12.7,10.0
20211222,2020-01-21,10:25,TACNA,N.I.,44.0,DESPISTE,0,2.0,10.0,2020,1,1,0,12.7,12.7,10.0
20211222,2020-01-21,23:50,LIMA,PE-1N,48.0,CHOQUE,0,0.0,23.0,2020,1,1,0,0.9,0.9,3.0
20211222,2020-01-21,06:45,LIMA,PE-22,57.0,CHOQUE,0,2.0,6.0,2020,1,1,0,0.9,0.9,3.0
20211222,2020-01-21,20:30,HUANCAVELICA,PE-28A,66.0,DESPISTE,0,0.0,20.0,2020,1,1,0,8.1,8.1,16.0
20211222,2020-01-21,04:30,ANCASH,PE-16,82.0,DESPISTE,0,1.0,4.0,2020,1,1,0,1.9,1.9,7.0
20211222,2020-01-21,08:30,AYACUCHO,PE-30A,100.0,CHOQUE,0,0.0,8.0,2020,1,1,0,0.3,0.3,3.0
20211222,2020-01-21,21:00,TACNA,N.I.,108.0,CHOQUE,0,0.0,21.0,2020,1,1,0,12.7,12.7,10.0
20211222,2020-01-21,19:30,JUNIN,PE-3S,111.0,ATROPELLO,0,1.0,19.0,2020,1,1,0,10.1,10.1,14.0
20211222,2020-01-21,06:10,AMAZONAS,PE-5N,230.0,DESPISTE,0,0.0,6.0,2020,1,1,0,1.8,1.8,7.0
20211222,2020-01-21,09:15,ANCASH,PE-1N,252.0,CHOQUE,0,0.0,9.0,2020,1,1,0,1.9,1.9,7.0
20211222,2020-01-21,02:40,ICA,PE-1S,271.0,ATROPELLO,0,1.0,2.0,2020,1,1,0,3.3,3.3,8.0
20211222,2020-01-21,02:30,ICA,PE-1S,271.0,ATROPELLO,0,1.0,2.0,2020,1,1,0,3.3,3.3,8.0
20211222,2020-01-21,11:10,MADRE DE DIOS,PE-30C,274.0,DESPISTE,0,0.0,11.0,2020,1,1,0,33.6,33.6,21.0
20211222,2020-01-21,11:40,ANCASH,PE-1N,275.0,DESPISTE,0,3.0,11.0,2020,1,1,0,1.9,1.9,7.0
20211222,2020-01-21,01:25,ANCASH,PE-1N,323.0,DESPISTE,0,4.0,1.0,2020,1,1,0,1.9,1.9,7.0
20211222,2020-01-21,07:00,ANCASH,N.I.,622.0,DESPISTE,0,1.0,7.0,2020,1,1,0,1.9,1.9,7.0
20211222,2020-01-21,00:00,LAMBAYEQUE,PE-1N,920.0,CHOQUE,0,9.0,0.0,2020,1,1,0,0.0,0.0,0.0
20211222,2020-01-22,02:48,JUNIN,N.I.,10.0,DESPISTE,0,1.0,2.0,2020,1,2,0,5.6,5.6,12.0
20211222,2020-01-22,10:50,JUNIN,PE-3S,22.0,CHOQUE,2,8.0,10.0,2020,1,2,1,5.6,5.6,12.0
20211222,2020-01-22,03:30,JUNIN,PE-22,27.0,DESPISTE,0,1.0,3.0,2020,1,2,0,5.6,5.6,12.0
20211222,2020-01-22,19:00,AYACUCHO,N.I.,45.0,DESPISTE,0,5.0,19.0,2020,1,2,0,7.3,7.3,16.0
20211222,2020-01-22,07:00,LIMA,PE-1N,70.0,DESPISTE,0,0.0,7.0,2020,1,2,0,1.2,1.2,8.0
20211222,2020-01-22,04:30,LIMA,PE-22,80.0,ESPECIAL,0,2.0,4.0,2020,1,2,0,1.2,1.2,8.0
20211222,2020-01-22,07:20,CAJAMARCA,PE-08,85.0,DESPISTE,0,0.0,7.0,2020,1,2,0,1.0,1.0,6.0
20211222,2020-01-22,11:20,LIMA,PE-22,111.0,CHOQUE,0,0.0,11.0,2020,1,2,0,1.2,1.2,8.0
20211222,2020-01-22,02:00,AREQUIPA,PE-34A,136.0,DESPISTE,0,2.0,2.0,2020,1,2,0,25.5,25.5,12.0
20211222,2020-01-22,00:30,ICA,PE-1S,200.0,CHOQUE,0,5.0,0.0,2020,1,2,0,3.6,3.6,18.0
20211222,2020-01-22,10:45,ICA,PE-1S,222.0,DESPISTE,0,0.0,10.0,2020,1,2,0,3.6,3.6,18.0
20211222,2020-01-22,18:22,ANCASH,PE-1N,419.0,CHOQUE,1,2.0,18.0,2020,1,2,1,0.8,0.8,5.0
20211222,2020-01-22,06:20,HUANUCO,N.I.,459.0,DESPISTE,0,0.0,6.0,2020,1,2,0,0.6,0.6,3.0
20211222,2020-01-22,18:15,LA LIBERTAD,PE-1N,512.0,ESPECIAL,0,0.0,18.0,2020,1,2,0,0.0,0.0,0.0
20211222,2020-01-22,20:25,ANCASH,N.I.,639.0,DESPISTE,0,1.0,20.0,2020,1,2,0,0.8,0.8,5.0
20211222,2020-01-22,00:50,AREQUIPA,PE-1S,649.0,DESPISTE,0,0.0,0.0,2020,1,2,0,25.5,25.5,12.0
20211222,2020-01-22,03:00,AREQUIPA,PE-1S,922.0,DESPISTE,4,18.0,3.0,2020,1,2,1,25.5,25.5,12.0
20211222,2020-01-22,07:15,MOQUEGUA,PE-1S,1131.0,CHOQUE,0,1.0,7.0,2020,1,2,0,15.1,15.1,16.0
20211222,2020-01-22,16:00,CAJAMARCA,PE-3N,1200.0,DESPISTE,0,3.0,16.0,2020,1,2,0,1.0,1.0,6.0
20211222,2020-01-22,13:10,CAJAMARCA,PE-3N,1382.0,DESPISTE,0,1.0,13.0,2020,1,2,0,1.0,1.0,6.0
20211222,2020-01-23,19:00,LIMA,PE-1N,4.0,CHOQUE,0,2.0,19.0,2020,1,3,0,0.0,0.0,0.0
20211222,2020-01-23,16:30,LORETO,LO-103,9.0,CHOQUE,0,2.0,16.0,2020,1,3,0,7.1,7.1,8.0
20211222,2020-01-23,21:00,AREQUIPA,PE-34E,16.0,CHOQUE,0,0.0,21.0,2020,1,3,0,10.8,10.8,24.0
20211222,2020-01-23,06:00,AREQUIPA,PE-34E,33.0,CHOQUE,0,2.0,6.0,2020,1,3,0,10.8,10.8,24.0
20211222,2020-01-23,08:45,CUSCO,N.I.,68.0,DESPISTE,0,0.0,8.0,2020,1,3,0,2.4,2.4,11.0
20211222,2020-01-23,08:48,TACNA,PE-1SD,69.0,DESPISTE,0,0.0,8.0,2020,1,3,0,3.6,3.6,7.0
20211222,2020-01-23,05:00,LIMA,PE-22,70.0,DESPISTE,0,0.0,5.0,2020,1,3,0,0.0,0.0,0.0
20211222,2020-01-23,22:15,LIMA,PE-1N,73.0,CHOQUE,0,3.0,22.0,2020,1,3,0,0.0,0.0,0.0
20211222,2020-01-23,23:10,LIMA,PE-1S,93.0,CHOQUE,0,0.0,23.0,2020,1,3,0,0.0,0.0,0.0
20211222,2020-01-23,22:45,AREQUIPA,PE-34A,122.0,CHOQUE,0,1.0,22.0,2020,1,3,0,10.8,10.8,24.0
20211222,2020-01-23,14:10,LIMA,PE-1S,141.0,DESPISTE,0,1.0,14.0,2020,1,3,0,0.0,0.0,0.0
20211222,2020-01-23,17:50,JUNIN,N.I.,142.0,DESPISTE,0,0.0,17.0,2020,1,3,0,6.0,6.0,8.0
20211222,2020-01-23,15:50,PUNO,N.I.,215.0,DESPISTE,0,0.0,15.0,2020,1,3,0,4.6,4.6,12.0
20211222,2020-01-23,00:00,PUNO,PE-34B,270.0,DESPISTE,0,1.0,0.0,2020,1,3,0,4.6,4.6,12.0
20211222,2020-01-23,12:50,MADRE DE DIOS,PE-34B,406.0,DESPISTE,0,1.0,12.0,2020,1,3,0,7.6,7.6,15.0
20211222,2020-01-23,21:30,ANCASH,PE-1N,425.0,CHOQUE,0,3.0,21.0,2020,1,3,0,0.1,0.1,1.0
20211222,2020-01-23,01:40,SAN MARTIN,PE-5N,463.0,CHOQUE,0,1.0,1.0,2020,1,3,0,7.4,7.4,15.0
20211222,2020-01-23,12:05,AREQUIPA,PE-1S,752.0,DESPISTE,0,0.0,12.0,2020,1,3,0,10.8,10.8,24.0
20211222,2020-01-23,15:00,PIURA,PE-1N,920.0,DESPISTE,3,16.0,15.0,2020,1,3,1,0.3,0.3,2.0
20211222,2020-01-23,19:40,LIMA,PE-1N,,ESPECIAL,0,1.0,19.0,2020,1,3,0,0.0,0.0,0.0
20211222,2020-01-24,17:35,CAJAMARCA,PE-3N,18.0,DESPISTE,0,0.0,17.0,2020,1,4,0,3.7,3.7,15.0
20211222,2020-01-24,13:58,JUNIN,PE-3SA,22.0,DESPISTE,0,1.0,13.0,2020,1,4,0,4.7,4.7,13.0
20211222,2020-01-24,12:00,LIMA,PE-1NE,28.0,DESPISTE,1,0.0,12.0,2020,1,4,1,0.3,0.3,1.0
20211222,2020-01-24,09:00,LIMA,PE-20A,29.0,CHOQUE,0,1.0,9.0,2020,1,4,0,0.3,0.3,1.0
20211222,2020-01-24,06:40,JUNIN,PE-3S,37.0,DESPISTE,0,0.0,6.0,2020,1,4,0,4.7,4.7,13.0
20211222,2020-01-24,00:10,CAJAMARCA,PE-06B,39.0,DESPISTE,0,1.0,0.0,2020,1,4,0,3.7,3.7,15.0
20211222,2020-01-24,10:00,JUNIN,PE-22,42.0,CHOQUE,0,1.0,10.0,2020,1,4,0,4.7,4.7,13.0
20211222,2020-01-24,17:50,JUNIN,PE-3S,59.0,DESPISTE,0,4.0,17.0,2020,1,4,0,4.7,4.7,13.0
20211222,2020-01-24,02:00,AREQUIPA,PE-34A,122.0,CHOQUE,0,5.0,2.0,2020,1,4,0,7.7,7.7,15.0
20211222,2020-01-24,12:30,AYACUCHO,PE-3S,133.0,DESPISTE,0,1.0,12.0,2020,1,4,0,9.2,9.2,12.0
20211222,2020-01-24,17:00,AMAZONAS,PE-5N,290.0,DESPISTE,0,0.0,17.0,2020,1,4,0,2.5,2.5,9.0
20211222,2020-01-24,20:30,ICA,PE-1S,422.0,CHOQUE,0,1.0,20.0,2020,1,4,0,9.1,9.1,10.0
20211222,2020-01-24,22:50,ICA,PE-1S,424.0,CHOQUE,0,0.0,22.0,2020,1,4,0,9.1,9.1,10.0
20211222,2020-01-24,14:50,LA LIBERTAD,PE-1N,468.0,CHOQUE,1,0.0,14.0,2020,1,4,1,0.0,0.0,0.0
20211222,2020-01-24,11:30,PUNO,PE-3S,1326.0,CHOQUE,0,1.0,11.0,2020,1,4,0,5.0,5.0,13.0
20211222,2020-01-25,18:30,LIMA,LM-108,3.0,DESPISTE,0,0.0,18.0,2020,1,5,0,2.3,2.3,5.0
20211222,2020-01-25,10:30,LIMA,PE-20A,24.0,CHOQUE,0,1.0,10.0,2020,1,5,0,2.3,2.3,5.0
20211222,2020-01-25,05:30,JUNIN,PE-22,55.0,DESPISTE,0,0.0,5.0,2020,1,5,0,0.5,0.5,4.0
20211222,2020-01-25,19:30,JUNIN,PE-3S,64.0,DESPISTE,0,0.0,19.0,2020,1,5,0,0.5,0.5,4.0
20211222,2020-01-25,15:30,CUSCO,PE-28B,75.0,CHOQUE,0,3.0,15.0,2020,1,5,0,2.0,2.0,10.0
20211222,2020-01-25,05:15,LIMA,PE-1S,84.0,DESPISTE,0,0.0,5.0,2020,1,5,0,2.3,2.3,5.0
20211222,2020-01-25,21:00,LA LIBERTAD,PE-10A,104.0,CHOQUE,0,1.0,21.0,2020,1,5,0,0.1,0.1,1.0
20211222,2020-01-25,17:30,LAMBAYEQUE,PE-06A,108.0,DESPISTE,0,1.0,17.0,2020,1,5,0,0.0,0.0,0.0
20211222,2020-01-25,06:00,LIMA,PE-22,123.0,CHOQUE,0,4.0,6.0,2020,1,5,0,2.3,2.3,5.0
20211222,2020-01-25,06:40,JUNIN,PE-22,156.0,CHOQUE,0,0.0,6.0,2020,1,5,0,0.5,0.5,4.0
20211222,2020-01-25,07:50,PUNO,PE-5N,156.0,CHOQUE,0,0.0,7.0,2020,1,5,0,5.6,5.6,9.0
20211222,2020-01-25,22:15,ANCASH,PE-3N,208.0,CHOQUE,0,0.0,22.0,2020,1,5,0,12.1,12.1,18.0
20211222,2020-01-25,03:00,ANCASH,PE-1N,443.0,CHOQUE,0,0.0,3.0,2020,1,5,0,12.1,12.1,18.0
20211222,2020-01-25,09:30,LAMBAYEQUE,PE-1N,775.0,ATROPELLO,0,1.0,9.0,2020,1,5,0,0.0,0.0,0.0
20211222,2020-01-25,10:15,TACNA,PE-1S,1261.0,ESPECIAL,0,5.0,10.0,2020,1,5,0,2.7,2.7,11.0
20211222,2020-01-25,10:48,TACNA,PE-1S,1333.0,CHOQUE,0,1.0,10.0,2020,1,5,0,2.7,2.7,11.0
20211222,2020-01-26,05:40,JUNIN,PE-3N,2.0,CHOQUE,0,1.0,5.0,2020,1,6,0,0.4,0.4,4.0
20211222,2020-01-26,13:30,JUNIN,PE-3S,8.0,CHOQUE,0,5.0,13.0,2020,1,6,0,0.4,0.4,4.0
20211222,2020-01-26,19:00,AREQUIPA,PE-1SD,23.0,DESPISTE,0,0.0,19.0,2020,1,6,0,7.4,7.4,9.0
20211222,2020-01-26,05:50,PUNO,PE-30A,24.0,DESPISTE,0,2.0,5.0,2020,1,6,0,2.4,2.4,6.0
20211222,2020-01-26,12:45,CAJAMARCA,PE-06B,32.0,DESPISTE,0,2.0,12.0,2020,1,6,0,7.2,7.2,15.0
20211222,2020-01-26,15:00,LIMA,PE-22,34.0,CHOQUE,0,1.0,15.0,2020,1,6,0,0.0,0.0,0.0
20211222,2020-01-26,16:15,AREQUIPA,PE-34A,63.0,CHOQUE,0,0.0,16.0,2020,1,6,0,7.4,7.4,9.0
20211222,2020-01-26,18:45,LIMA,PE-1S,88.0,CHOQUE,0,2.0,18.0,2020,1,6,0,0.0,0.0,0.0
20211222,2020-01-26,16:30,LIMA,PE-1S,131.0,ATROPELLO,1,0.0,16.0,2020,1,6,1,0.0,0.0,0.0
20211222,2020-01-26,04:40,ANCASH,PE-3N,150.0,DESPISTE,0,0.0,4.0,2020,1,6,0,14.1,14.1,11.0
20211222,2020-01-26,17:45,UCAYALI,PE-18C,169.0,DESPISTE,0,5.0,17.0,2020,1,6,0,0.0,0.0,0.0
20211222,2020-01-26,13:40,AMAZONAS,PE-5N,243.0,CHOQUE,0,4.0,13.0,2020,1,6,0,25.6,25.6,15.0
20211222,2020-01-26,15:00,ANCASH,PE-1N,286.0,DESPISTE,0,1.0,15.0,2020,1,6,0,14.1,14.1,11.0
20211222,2020-01-26,13:15,ANCASH,PE-14,396.0,DESPISTE,0,2.0,13.0,2020,1,6,0,14.1,14.1,11.0
20211222,2020-01-26,04:30,ANCASH,PE-3N,530.0,DESPISTE,0,0.0,4.0,2020,1,6,0,14.1,14.1,11.0
20211222,2020-01-26,14:55,ANCASH,PE-3N,640.0,DESPISTE,0,0.0,14.0,2020,1,6,0,14.1,14.1,11.0
20211222,2020-01-26,07:30,AREQUIPA,PE-1S,975.0,CHOQUE,0,0.0,7.0,2020,1,6,0,7.4,7.4,9.0
20211222,2020-01-26,10:45,PIURA,PE-1N,1003.0,CHOQUE,0,0.0,10.0,2020,1,6,0,0.5,0.5,2.0
20211222,2020-01-26,16:40,CUSCO,PE-3S,1074.0,DESPISTE,0,4.0,16.0,2020,1,6,0,1.7,1.7,10.0
20211222,2020-01-27,07:30,AREQUIPA,PE-34,47.0,DESPISTE,0,0.0,7.0,2020,1,0,0,35.5,35.5,13.0
20211222,2020-01-27,14:55,JUNIN,PE-3N,47.0,DESPISTE,0,0.0,14.0,2020,1,0,0,1.3,1.3,2.0
20211222,2020-01-27,14:45,JUNIN,PE-3N,58.0,DESPISTE,0,0.0,14.0,2020,1,0,0,1.3,1.3,2.0
20211222,2020-01-27,03:35,LIMA,PE-22,97.0,CHOQUE,0,1.0,3.0,2020,1,0,0,0.0,0.0,0.0
20211222,2020-01-27,12:15,LIMA,PE-22,109.0,DESPISTE,0,0.0,12.0,2020,1,0,0,0.0,0.0,0.0
20211222,2020-01-27,03:10,LIMA,PE-22,117.0,CHOQUE,0,1.0,3.0,2020,1,0,0,0.0,0.0,0.0
20211222,2020-01-27,00:40,LIMA,PE-1S,121.0,DESPISTE,0,4.0,0.0,2020,1,0,0,0.0,0.0,0.0
20211222,2020-01-27,10:30,LIMA,PE-1S,135.0,DESPISTE,0,1.0,10.0,2020,1,0,0,0.0,0.0,0.0
20211222,2020-01-27,19:40,LIMA,PE-1N,182.0,CHOQUE,0,0.0,19.0,2020,1,0,0,0.0,0.0,0.0
20211222,2020-01-27,19:15,ANCASH,PE-1N,340.0,DESPISTE,1,3.0,19.0,2020,1,0,1,6.9,6.9,7.0
20211222,2020-01-27,10:45,APURIMAC,PE-3S,397.0,DESPISTE,0,0.0,10.0,2020,1,0,0,1.3,1.3,8.0
20211222,2020-01-27,16:30,SAN MARTIN,PE-5N,542.0,DESPISTE,0,1.0,16.0,2020,1,0,0,0.5,0.5,4.0
20211222,2020-01-27,06:50,SAN MARTIN,PE-5N,591.0,DESPISTE,0,1.0,6.0,2020,1,0,0,0.5,0.5,4.0
20211222,2020-01-27,18:10,AREQUIPA,PE-1S,778.0,DESPISTE,0,0.0,18.0,2020,1,0,0,35.5,35.5,13.0
20211222,2020-01-27,14:25,PUNO,PE-3S,1407.0,CHOQUE,0,1.0,14.0,2020,1,0,0,6.9,6.9,8.0
20211222,2020-01-28,07:00,AREQUIPA,PE-34E,3.0,DESPISTE,0,2.0,7.0,2020,1,1,0,27.0,27.0,20.0
20211222,2020-01-28,17:11,AREQUIPA,PE-34E,8.0,DESPISTE,0,1.0,17.0,2020,1,1,0,27.0,27.0,20.0
20211222,2020-01-28,05:00,LORETO,LO-103,10.0,ATROPELLO,1,1.0,5.0,2020,1,1,1,0.6,0.6,3.0
20211222,2020-01-28,07:00,LIMA,PE-1S,17.0,CHOQUE,0,2.0,7.0,2020,1,1,0,0.1,0.1,1.0
20211222,2020-01-28,16:00,JUNIN,PE-3SA,30.0,DESPISTE,0,2.0,16.0,2020,1,1,0,10.2,10.2,9.0
20211222,2020-01-28,04:30,LIMA,PE-1S,46.0,DESPISTE,0,0.0,4.0,2020,1,1,0,0.1,0.1,1.0
20211222,2020-01-28,04:00,JUNIN,PE-3S,74.0,DESPISTE,0,0.0,4.0,2020,1,1,0,10.2,10.2,9.0
20211222,2020-01-28,06:50,UCAYALI,PE-18C,77.0,DESPISTE,0,0.0,6.0,2020,1,1,0,26.7,26.7,12.0
20211222,2020-01-28,06:05,LIMA,PE-1S,91.0,CHOQUE,0,2.0,6.0,2020,1,1,0,0.1,0.1,1.0
20211222,2020-01-28,07:10,LIMA,PE-1S,92.0,CHOQUE,0,1.0,7.0,2020,1,1,0,0.1,0.1,1.0
20211222,2020-01-28,21:30,HUANUCO,PE-18A,116.0,ESPECIAL,0,1.0,21.0,2020,1,1,0,5.2,5.2,5.0
20211222,2020-01-28,07:35,LIMA,PE-1N,119.0,CHOQUE,0,6.0,7.0,2020,1,1,0,0.1,0.1,1.0
20211222,2020-01-28,06:00,LIMA,PE-1N,119.0,DESPISTE,0,0.0,6.0,2020,1,1,0,0.1,0.1,1.0
20211222,2020-01-28,01:20,JUNIN,PE-3S,143.0,DESPISTE,0,1.0,1.0,2020,1,1,0,10.2,10.2,9.0
20211222,2020-01-28,16:30,JUNIN,PE-22,161.0,DESPISTE,0,0.0,16.0,2020,1,1,0,10.2,10.2,9.0
20211222,2020-01-28,13:25,HUANCAVELICA,PE-3S,198.0,DESPISTE,0,2.0,13.0,2020,1,1,0,9.1,9.1,8.0
20211222,2020-01-28,18:50,ICA,PE-1S,276.0,CHOQUE,0,4.0,18.0,2020,1,1,0,3.1,3.1,12.0
20211222,2020-01-28,23:45,SAN MARTIN,PE-5N,462.0,CHOQUE,1,1.0,23.0,2020,1,1,1,12.2,12.2,19.0
20211222,2020-01-28,06:40,MADRE DE DIOS,PE-30C,557.0,ATROPELLO,1,0.0,6.0,2020,1,1,1,7.4,7.4,12.0
20211222,2020-01-28,06:45,AREQUIPA,PE-1S,860.0,DESPISTE,0,0.0,6.0,2020,1,1,0,27.0,27.0,20.0
20211222,2020-01-28,16:00,AREQUIPA,PE-1S,860.0,CHOQUE,0,3.0,16.0,2020,1,1,0,27.0,27.0,20.0
20211222,2020-01-28,19:30,CUSCO,N.I.,935.0,CHOQUE,0,1.0,19.0,2020,1,1,0,17.9,17.9,21.0
20211222,2020-01-28,11:30,PUNO,PE-3S,1290.0,CHOQUE,1,7.0,11.0,2020,1,1,1,0.8,0.8,3.0
20211222,2020-01-29,17:40,LORETO,LO-103,5.0,CHOQUE,0,2.0,17.0,2020,1,2,0,7.5,7.5,7.0
20211222,2020-01-29,00:10,AREQUIPA,PE-34A,15.0,VOLCADURA,0,0.0,0.0,2020,1,2,0,17.1,17.1,9.0
20211222,2020-01-29,18:00,CUSCO,N.I.,18.0,DESPISTE,0,0.0,18.0,2020,1,2,0,2.2,2.2,11.0
20211222,2020-01-29,19:00,UCAYALI,PE-5N,56.0,DESPISTE,1,1.0,19.0,2020,1,2,1,31.0,31.0,19.0
20211222,2020-01-29,22:00,LIMA,PE-22,81.0,CHOQUE,0,0.0,22.0,2020,1,2,0,0.0,0.0,0.0
20211222,2020-01-29,09:30,CUSCO,N.I.,101.0,DESPISTE,0,4.0,9.0,2020,1,2,0,2.2,2.2,11.0
20211222,2020-01-29,19:00,LIMA,PE-22,132.0,CHOQUE,0,0.0,19.0,2020,1,2,0,0.0,0.0,0.0
20211222,2020-01-29,19:50,JUNIN,PE-22,132.0,CHOQUE,0,0.0,19.0,2020,1,2,0,0.1,0.1,1.0
20211222,2020-01-29,16:30,ICA,PE-1S,184.0,CHOQUE,0,1.0,16.0,2020,1,2,0,5.6,5.6,12.0
20211222,2020-01-29,14:30,PIURA,PE-1NJ,223.0,CHOQUE,0,2.0,14.0,2020,1,2,0,0.0,0.0,0.0
20211222,2020-01-29,21:40,SAN MARTIN,PE-5N,659.0,CHOQUE,0,2.0,21.0,2020,1,2,0,20.0,20.0,20.0
20211222,2020-01-29,19:00,TACNA,PE-1S,1307.0,DESPISTE,0,0.0,19.0,2020,1,2,0,0.3,0.3,3.0
20211222,2020-01-29,17:00,PUNO,PE-5N,1492.0,CHOQUE,0,1.0,17.0,2020,1,2,0,2.2,2.2,7.0
20211222,2020-01-30,05:40,LIMA,PE-1S,11.0,CHOQUE,1,2.0,5.0,2020,1,3,1,0.0,0.0,0.0
20211222,2020-01-30,15:30,PUNO,PE-36B,23.0,DESPISTE,1,2.0,15.0,2020,1,3,1,20.1,20.1,15.0
20211222,2020-01-30,11:17,CUSCO,PE-34J,25.0,CHOQUE,0,0.0,11.0,2020,1,3,0,1.0,1.0,5.0
20211222,2020-01-30,10:20,PIURA,PE-1NJ,28.0,DESPISTE,0,2.0,10.0,2020,1,3,0,0.1,0.1,1.0
20211222,2020-01-30,06:45,PUNO,PE-5N,75.0,DESPISTE,0,2.0,6.0,2020,1,3,0,20.1,20.1,15.0
20211222,2020-01-30,21:30,ICA,PE-1S,206.0,CHOQUE,0,0.0,21.0,2020,1,3,0,7.7,7.7,7.0
20211222,2020-01-30,17:27,ICA,PE-1S,246.0,CHOQUE,0,0.0,17.0,2020,1,3,0,7.7,7.7,7.0
20211222,2020-01-30,22:00,MADRE DE DIOS,PE-30C,264.0,CHOQUE,0,13.0,22.0,2020,1,3,0,1.5,1.5,11.0
20211222,2020-01-30,14:30,AYACUCHO,PE-28A,328.0,CHOQUE,1,12.0,14.0,2020,1,3,1,1.2,1.2,10.0
20211222,2020-01-30,04:20,AREQUIPA,PE-1S,792.0,CHOQUE,0,0.0,4.0,2020,1,3,0,13.9,13.9,9.0
20211222,2020-01-30,22:50,LAMBAYEQUE,PE-1N,820.0,CHOQUE,0,0.0,22.0,2020,1,3,0,0.0,0.0,0.0
20211222,2020-01-30,10:45,MOQUEGUA,PE-1S,1176.0,DESPISTE,0,3.0,10.0,2020,1,3,0,0.8,0.8,7.0
20211222,2020-01-30,15:45,PUNO,PE-3S,1234.0,DESPISTE,0,0.0,15.0,2020,1,3,0,20.1,20.1,15.0
20211222,2020-01-30,14:55,PUNO,PE-1S,1380.0,DESPISTE,0,11.0,14.0,2020,1,3,0,20.1,20.1,15.0
20211222,2020-01-31,07:24,LIMA,PE-1N,8.0,CHOQUE,0,0.0,7.0,2020,1,4,0,0.0,0.0,0.0
20211222,2020-01-31,23:40,CAJAMARCA,PE-06B,40.0,DESPISTE,0,3.0,23.0,2020,1,4,0,7.7,7.7,6.0
20211222,2020-01-31,22:00,LIMA,PE-1S,58.0,CHOQUE,0,2.0,22.0,2020,1,4,0,0.0,0.0,0.0
20211222,2020-01-31,09:30,JUNIN,PE-3N,64.0,CHOQUE,0,1.0,9.0,2020,1,4,0,6.6,6.6,14.0
20211222,2020-01-31,06:30,LIMA,PE-22,85.0,DESPISTE,0,0.0,6.0,2020,1,4,0,0.0,0.0,0.0
20211222,2020-01-31,06:48,LIMA,PE-1N,93.0,CHOQUE,0,2.0,6.0,2020,1,4,0,0.0,0.0,0.0
20211222,2020-01-31,18:45,AYACUCHO,PE-22,126.0,CHOQUE,0,1.0,18.0,2020,1,4,0,0.4,0.4,3.0
20211222,2020-01-31,08:24,PUNO,PE-5N,128.0,DESPISTE,0,0.0,8.0,2020,1,4,0,4.9,4.9,16.0
20211222,2020-01-31,14:10,PUNO,PE-30A,167.0,DESPISTE,0,0.0,14.0,2020,1,4,0,4.9,4.9,16.0
20211222,2020-01-31,02:10,LIMA,PE-1N,180.0,DESPISTE,0,1.0,2.0,2020,1,4,0,0.0,0.0,0.0
20211222,2020-01-31,17:10,LIMA,PE-1N,212.0,CHOQUE,0,0.0,17.0,2020,1,4,0,0.0,0.0,0.0
20211222,2020-01-31,20:15,LIMA,PE-1N,220.0,ESPECIAL,0,0.0,20.0,2020,1,4,0,0.0,0.0,0.0
20211222,2020-01-31,20:45,ICA,PE-1S,227.0,CHOQUE,0,4.0,20.0,2020,1,4,0,0.0,0.0,0.0
20211222,2020-01-31,11:30,PUNO,PE-36A,245.0,DESPISTE,0,0.0,11.0,2020,1,4,0,4.9,4.9,16.0
20211222,2020-01-31,02:35,AMAZONAS,PE-5N,266.0,DESPISTE,0,1.0,2.0,2020,1,4,0,1.8,1.8,14.0
20211222,2020-01-31,23:40,AREQUIPA,PE-1S,580.0,CHOQUE,0,0.0,23.0,2020,1,4,0,1.2,1.2,4.0
20211222,2020-01-31,12:05,PIURA,PE-1N,1078.0,ESPECIAL,0,0.0,12.0,2020,1,4,0,0.0,0.0,0.0
20211222,2020-02-01,05:30,JUNIN,PE-3S,9.0,DESPISTE,0,1.0,5.0,2020,2,5,0,11.6,11.6,13.0
20211222,2020-02-01,17:00,CUSCO,PE-28G,12.0,DESPISTE,0,3.0,17.0,2020,2,5,0,2.4,2.4,12.0
20211222,2020-02-01,14:15,TACNA,PE-36A,24.0,DESPISTE,0,3.0,14.0,2020,2,5,0,0.0,0.0,0.0
20211222,2020-02-01,17:00,CAJAMARCA,PE-06B,76.0,DESPISTE,0,1.0,17.0,2020,2,5,0,4.0,4.0,14.0
20211222,2020-02-01,19:13,JUNIN,PE-3S,91.0,ATROPELLO,1,2.0,19.0,2020,2,5,1,11.6,11.6,13.0
20211222,2020-02-01,22:00,LIMA,PE-22,105.0,DESPISTE,0,0.0,22.0,2020,2,5,0,0.0,0.0,0.0
20211222,2020-02-01,09:20,MOQUEGUA,PE-1S,110.0,CHOQUE,0,1.0,9.0,2020,2,5,0,0.0,0.0,0.0
20211222,2020-02-01,18:20,AYACUCHO,PE-28A,298.0,CHOQUE,0,8.0,18.0,2020,2,5,0,0.1,0.1,1.0
20211222,2020-02-01,14:30,ICA,PE-1S,370.0,CHOQUE,1,6.0,14.0,2020,2,5,1,0.0,0.0,0.0
20211222,2020-02-01,04:20,ICA,PE-1S,478.0,DESPISTE,0,2.0,4.0,2020,2,5,0,0.0,0.0,0.0
20211222,2020-02-01,08:30,AREQUIPA,PE-1S,608.0,DESPISTE,0,1.0,8.0,2020,2,5,0,2.0,2.0,5.0
20211222,2020-02-02,13:00,CUSCO,PE-28B,2.0,CHOQUE,0,0.0,13.0,2020,2,6,0,6.5,6.5,15.0
20211222,2020-02-02,23:50,LA LIBERTAD,PE-10A,6.0,CHOQUE,0,6.0,23.0,2020,2,6,0,0.0,0.0,0.0
20211222,2020-02-02,16:54,LIMA,PE-1S,47.0,CHOQUE,0,1.0,16.0,2020,2,6,0,0.1,0.1,1.0
20211222,2020-02-02,12:40,JUNIN,PE-3N,48.0,DESPISTE,0,2.0,12.0,2020,2,6,0,6.2,6.2,10.0
20211222,2020-02-02,07:30,AREQUIPA,PE-1SD,51.0,CHOQUE,2,2.0,7.0,2020,2,6,1,7.7,7.7,7.0
20211222,2020-02-02,08:10,LIMA,PE-1S,56.0,DESPISTE,0,1.0,8.0,2020,2,6,0,0.1,0.1,1.0
20211222,2020-02-02,02:40,LIMA,PE-1S,70.0,CHOQUE,0,3.0,2.0,2020,2,6,0,0.1,0.1,1.0
20211222,2020-02-02,20:30,LIMA,PE-1S,70.0,CHOQUE,0,12.0,20.0,2020,2,6,0,0.1,0.1,1.0
20211222,2020-02-02,00:40,LIMA,PE-22,81.0,CHOQUE,0,1.0,0.0,2020,2,6,0,0.1,0.1,1.0
20211222,2020-02-02,19:30,CAJAMARCA,PE-08B,96.0,CHOQUE,0,4.0,19.0,2020,2,6,0,5.0,5.0,18.0
20211222,2020-02-02,16:45,JUNIN,PE-22B,97.0,CHOQUE,0,5.0,16.0,2020,2,6,0,6.2,6.2,10.0
20211222,2020-02-02,15:30,LIMA,PE-22,100.0,CHOQUE,0,2.0,15.0,2020,2,6,0,0.1,0.1,1.0
20211222,2020-02-02,06:00,JUNIN,PE-3S,106.0,ATROPELLO,1,0.0,6.0,2020,2,6,1,6.2,6.2,10.0
20211222,2020-02-02,11:30,LIMA,PE-1S,107.0,DESPISTE,0,0.0,11.0,2020,2,6,0,0.1,0.1,1.0
20211222,2020-02-02,05:30,JUNIN,PE-22,138.0,CHOQUE,0,4.0,5.0,2020,2,6,0,6.2,6.2,10.0
20211222,2020-02-02,19:30,MOQUEGUA,PE-1SD,187.0,DESPISTE,0,0.0,19.0,2020,2,6,0,0.0,0.0,0.0
20211222,2020-02-02,05:00,HUANCAVELICA,PE-28A,189.0,DESPISTE,0,7.0,5.0,2020,2,6,0,14.0,14.0,12.0
20211222,2020-02-02,11:50,AMAZONAS,PE-08B,305.0,DESPISTE,0,0.0,11.0,2020,2,6,0,4.3,4.3,15.0
20211222,2020-02-02,18:38,ANCASH,N.I.,447.0,CHOQUE,0,0.0,18.0,2020,2,6,0,18.6,18.6,18.0
20211222,2020-02-02,14:15,SAN MARTIN,PE-5N,535.0,DESPISTE,0,0.0,14.0,2020,2,6,0,0.6,0.6,6.0
20211222,2020-02-02,11:30,AREQUIPA,PE-1S,633.0,DESPISTE,0,1.0,11.0,2020,2,6,0,7.7,7.7,7.0
20211222,2020-02-02,14:10,AREQUIPA,PE-1S,861.0,DESPISTE,0,1.0,14.0,2020,2,6,0,7.7,7.7,7.0
20211222,2020-02-03,08:25,JUNIN,PE-3S,15.0,DESPISTE,0,0.0,8.0,2020,2,0,0,10.4,10.4,17.0
20211222,2020-02-03,19:30,PIURA,PE-02,20.0,DESPISTE,0,2.0,19.0,2020,2,0,0,0.0,0.0,0.0
20211222,2020-02-03,18:30,LIMA,PE-1S,36.0,DESPISTE,0,1.0,18.0,2020,2,0,0,0.4,0.4,4.0
20211222,2020-02-03,10:40,LIMA,PE-1S,76.0,DESPISTE,1,20.0,10.0,2020,2,0,1,0.4,0.4,4.0
20211222,2020-02-03,08:40,LIMA,PE-22,100.0,DESPISTE,1,0.0,8.0,2020,2,0,1,0.4,0.4,4.0
20211222,2020-02-03,22:15,CUSCO,PE-28B,108.0,DESPISTE,0,0.0,22.0,2020,2,0,0,5.4,5.4,16.0
20211222,2020-02-03,07:55,LIMA,PE-22,129.0,CHOQUE,0,1.0,7.0,2020,2,0,0,0.4,0.4,4.0
20211222,2020-02-03,16:20,ICA,PE-1S,188.0,DESPISTE,0,0.0,16.0,2020,2,0,0,0.0,0.0,0.0
20211222,2020-02-03,05:30,AYACUCHO,PE-28A,265.0,CHOQUE,0,0.0,5.0,2020,2,0,0,8.7,8.7,8.0
20211222,2020-02-03,04:30,ANCASH,PE-1N,379.0,DESPISTE,0,0.0,4.0,2020,2,0,0,6.9,6.9,13.0
20211222,2020-02-03,12:30,HUANUCO,PE-5N,499.0,CHOQUE,0,1.0,12.0,2020,2,0,0,1.8,1.8,13.0
20211222,2020-02-03,07:30,LA LIBERTAD,PE-1N,600.0,CHOQUE,0,2.0,7.0,2020,2,0,0,0.0,0.0,0.0
20211222,2020-02-03,00:20,AREQUIPA,PE-1S,1046.0,CHOQUE,0,7.0,0.0,2020,2,0,0,1.0,1.0,5.0
20211222,2020-02-03,08:30,PIURA,PE-1NL,1057.0,CHOQUE,0,1.0,8.0,2020,2,0,0,0.0,0.0,0.0
20211222,2020-02-04,17:00,HUANUCO,PE-18A,8.0,ATROPELLO,0,1.0,17.0,2020,2,1,0,4.1,4.1,6.0
20211222,2020-02-04,07:40,MOQUEGUA,PE-36,18.0,CHOQUE,0,8.0,7.0,2020,2,1,0,0.0,0.0,0.0
20211222,2020-02-04,18:15,SAN MARTIN,PE-5NB,40.0,CHOQUE,0,0.0,18.0,2020,2,1,0,0.5,0.5,3.0
20211222,2020-02-04,09:50,CUSCO,PE-28F,46.0,DESPISTE,0,0.0,9.0,2020,2,1,0,10.3,10.3,22.0
20211222,2020-02-04,15:30,LIMA,PE-1N,68.0,DESPISTE,0,2.0,15.0,2020,2,1,0,0.0,0.0,0.0
20211222,2020-02-04,00:45,LIMA,PE-22,101.0,ESPECIAL,0,0.0,0.0,2020,2,1,0,0.0,0.0,0.0
20211222,2020-02-04,05:50,HUANCAVELICA,PE-28D,136.0,CHOQUE,0,0.0,5.0,2020,2,1,0,12.9,12.9,19.0
20211222,2020-02-04,06:30,ICA,PE-1S,236.0,ATROPELLO,1,0.0,6.0,2020,2,1,1,0.1,0.1,1.0
20211222,2020-02-04,10:20,PUNO,PE-36A,270.0,ATROPELLO,0,1.0,10.0,2020,2,1,0,8.9,8.9,21.0
20211222,2020-02-04,11:20,PUNO,PE-36A,278.0,DESPISTE,0,1.0,11.0,2020,2,1,0,8.9,8.9,21.0
20211222,2020-02-04,17:00,ANCASH,PE-1N,291.0,DESPISTE,1,2.0,17.0,2020,2,1,1,2.4,2.4,6.0
20211222,2020-02-04,20:30,PUNO,PE-30A,340.0,ATROPELLO,1,0.0,20.0,2020,2,1,1,8.9,8.9,21.0
20211222,2020-02-04,04:35,ICA,PE-1S,475.0,ATROPELLO,1,1.0,4.0,2020,2,1,1,0.1,0.1,1.0
20211222,2020-02-04,18:45,LAMBAYEQUE,PE-1N,834.0,DESPISTE,0,2.0,18.0,2020,2,1,0,0.0,0.0,0.0
20211222,2020-02-04,15:15,CUSCO,PE-3S,1022.0,CHOQUE,0,6.0,15.0,2020,2,1,0,10.3,10.3,22.0
20211222,2020-02-04,07:50,PIURA,PE-1NL,1039.0,CHOQUE,0,1.0,7.0,2020,2,1,0,0.0,0.0,0.0
20211222,2020-02-04,04:10,PUNO,PE-1S,1394.0,ATROPELLO,1,0.0,4.0,2020,2,1,1,8.9,8.9,21.0
20211222,2020-02-05,10:00,CUSCO,N.I.,0.0,CHOQUE,0,0.0,10.0,2020,2,2,0,9.6,9.6,18.0
20211222,2020-02-05,08:00,LIMA,PE-22,16.0,ATROPELLO,1,0.0,8.0,2020,2,2,1,0.0,0.0,0.0
20211222,2020-02-05,18:15,LIMA,PE-22,22.0,CHOQUE,0,1.0,18.0,2020,2,2,0,0.0,0.0,0.0
20211222,2020-02-05,21:10,UCAYALI,PE-18C,86.0,CHOQUE,0,1.0,21.0,2020,2,2,0,5.0,5.0,5.0
20211222,2020-02-05,02:20,JUNIN,PE-3S,92.0,DESPISTE,0,0.0,2.0,2020,2,2,0,10.5,10.5,15.0
20211222,2020-02-05,07:50,LIMA,PE-1S,126.0,DESPISTE,0,2.0,7.0,2020,2,2,0,0.0,0.0,0.0
20211222,2020-02-05,21:45,AMAZONAS,PE-5N,212.0,VOLCADURA,2,2.0,21.0,2020,2,2,1,0.9,0.9,4.0
20211222,2020-02-05,02:50,SAN MARTIN,PE-5N,483.0,DESPISTE,0,1.0,2.0,2020,2,2,0,1.7,1.7,6.0
20211222,2020-02-05,19:15,LAMBAYEQUE,PE-1N,754.0,DESPISTE,0,6.0,19.0,2020,2,2,0,0.0,0.0,0.0
20211222,2020-02-05,06:30,CUSCO,N.I.,940.0,DESPISTE,0,0.0,6.0,2020,2,2,0,9.6,9.6,18.0
20211222,2020-02-05,06:30,AREQUIPA,PE-1S,957.0,CHOQUE,7,5.0,6.0,2020,2,2,1,0.5,0.5,3.0
20211222,2020-02-05,08:50,PIURA,PE-1NL,1049.0,DESPISTE,0,1.0,8.0,2020,2,2,0,0.0,0.0,0.0
20211222,2020-02-05,11:00,CUSCO,PE-3S,1071.0,DESPISTE,0,1.0,11.0,2020,2,2,0,9.6,9.6,18.0
20211222,2020-02-05,11:00,PUNO,PE-3S,1214.0,DESPISTE,0,2.0,11.0,2020,2,2,0,4.3,4.3,10.0
20211222,2020-02-06,19:00,PIURA,PE-1N,66.0,DESPISTE,0,1.0,19.0,2020,2,3,0,0.0,0.0,0.0
20211222,2020-02-06,06:20,LIMA,PE-22,97.0,DESPISTE,1,0.0,6.0,2020,2,3,1,0.0,0.0,0.0
20211222,2020-02-06,23:45,JUNIN,PE-22,136.0,CHOQUE,0,2.0,23.0,2020,2,3,0,17.5,17.5,20.0
20211222,2020-02-06,08:15,JUNIN,PE-22,155.0,CHOQUE,0,9.0,8.0,2020,2,3,0,17.5,17.5,20.0
20211222,2020-02-06,12:20,AREQUIPA,PE-34A,157.0,CHOQUE,0,1.0,12.0,2020,2,3,0,0.1,0.1,1.0
20211222,2020-02-06,08:40,HUANCAVELICA,PE-28A,165.0,DESPISTE,0,0.0,8.0,2020,2,3,0,5.7,5.7,15.0
20211222,2020-02-06,02:30,ICA,PE-1S,219.0,CHOQUE,0,1.0,2.0,2020,2,3,0,0.0,0.0,0.0
20211222,2020-02-06,10:40,PUNO,PE-34A,235.0,DESPISTE,0,1.0,10.0,2020,2,3,0,9.8,9.8,13.0
20211222,2020-02-06,16:45,MADRE DE DIOS,PE-30C,450.0,CHOQUE,1,0.0,16.0,2020,2,3,1,21.8,21.8,20.0
20211222,2020-02-06,20:30,AREQUIPA,N.I.,587.0,CHOQUE,0,0.0,20.0,2020,2,3,0,0.1,0.1,1.0
20211222,2020-02-06,17:00,APURIMAC,PE-3S,782.0,CHOQUE,0,4.0,17.0,2020,2,3,0,1.0,1.0,5.0
20211222,2020-02-06,15:00,SAN MARTIN,PE-5N,,DESPISTE,0,1.0,15.0,2020,2,3,0,1.1,1.1,6.0
20211222,2020-02-07,15:45,LA LIBERTAD,PE-10A,1.0,CHOQUE,2,2.0,15.0,2020,2,4,1,0.0,0.0,0.0
20211222,2020-02-07,11:20,ANCASH,PE-1N,6.0,CHOQUE,1,0.0,11.0,2020,2,4,1,2.2,2.2,14.0
20211222,2020-02-07,00:15,JUNIN,PE-3SA,9.0,CHOQUE,0,0.0,0.0,2020,2,4,0,21.2,21.2,14.0
20211222,2020-02-07,19:20,ANCASH,AN-110,28.0,DESPISTE,0,0.0,19.0,2020,2,4,0,2.2,2.2,14.0
20211222,2020-02-07,10:38,TACNA,PE-1SD,29.0,DESPISTE,0,2.0,10.0,2020,2,4,0,0.0,0.0,0.0
20211222,2020-02-07,07:30,AREQUIPA,PE-1SE,29.0,DESPISTE,0,3.0,7.0,2020,2,4,0,0.0,0.0,0.0
20211222,2020-02-07,06:00,LIMA,PE-1S,44.0,DESPISTE,0,0.0,6.0,2020,2,4,0,0.0,0.0,0.0
20211222,2020-02-07,05:50,AREQUIPA,PE-1SD,44.0,CHOQUE,0,0.0,5.0,2020,2,4,0,0.0,0.0,0.0
20211222,2020-02-07,12:20,LIMA,PE-1S,85.0,DESPISTE,0,0.0,12.0,2020,2,4,0,0.0,0.0,0.0
20211222,2020-02-07,11:00,JUNIN,PE-3S,98.0,ATROPELLO,1,0.0,11.0,2020,2,4,1,21.2,21.2,14.0
20211222,2020-02-07,10:50,ANCASH,PE-12,118.0,CHOQUE,0,4.0,10.0,2020,2,4,0,2.2,2.2,14.0
20211222,2020-02-07,19:30,MOQUEGUA,PE-1SD,138.0,CHOQUE,0,0.0,19.0,2020,2,4,0,0.0,0.0,0.0
20211222,2020-02-07,N.I.,LIMA,PE-1N,146.0,ATROPELLO,1,0.0,,2020,2,4,1,0.0,0.0,0.0
20211222,2020-02-07,02:15,ICA,PE-1S,224.0,CHOQUE,0,2.0,2.0,2020,2,4,0,0.0,0.0,0.0
20211222,2020-02-07,19:40,HUANUCO,PE-5N,258.0,DESPISTE,1,1.0,19.0,2020,2,4,1,0.7,0.7,5.0
20211222,2020-02-07,09:10,ANCASH,N.I.,440.0,CHOQUE,0,1.0,9.0,2020,2,4,0,2.2,2.2,14.0
20211222,2020-02-07,12:45,CUSCO,N.I.,865.0,DESPISTE,0,5.0,12.0,2020,2,4,0,12.8,12.8,15.0
20211222,2020-02-07,05:00,TACNA,PE-1S,1261.0,CHOQUE,0,2.0,5.0,2020,2,4,0,0.0,0.0,0.0
20211222,2020-02-08,16:00,PIURA,PE-1N,24.0,CHOQUE,0,2.0,16.0,2020,2,5,0,0.4,0.4,3.0
20211222,2020-02-08,07:00,AREQUIPA,PE-34A,28.0,CHOQUE,0,0.0,7.0,2020,2,5,0,0.6,0.6,4.0
20211222,2020-02-08,23:20,LIMA,PE-1NE,33.0,DESPISTE,0,0.0,23.0,2020,2,5,0,0.0,0.0,0.0
20211222,2020-02-08,11:15,LIMA,PE-1S,39.0,CHOQUE,0,1.0,11.0,2020,2,5,0,0.0,0.0,0.0
20211222,2020-02-08,20:30,CUSCO,CU-117,44.0,CHOQUE,0,0.0,20.0,2020,2,5,0,13.1,13.1,19.0
20211222,2020-02-08,09:30,LIMA,PE-22,45.0,DESPISTE,0,0.0,9.0,2020,2,5,0,0.0,0.0,0.0
20211222,2020-02-08,10:00,HUANCAVELICA,PE-26B,59.0,CHOQUE,0,5.0,10.0,2020,2,5,0,10.3,10.3,14.0
20211222,2020-02-08,17:40,JUNIN,PE-3N,60.0,CHOQUE,0,0.0,17.0,2020,2,5,0,11.0,11.0,9.0
20211222,2020-02-08,20:50,LIMA,PE-1S,90.0,ATROPELLO,0,1.0,20.0,2020,2,5,0,0.0,0.0,0.0
20211222,2020-02-08,03:55,LIMA,PE-1S,103.0,CHOQUE,0,0.0,3.0,2020,2,5,0,0.0,0.0,0.0
20211222,2020-02-08,14:40,LIMA,PE-22,111.0,CHOQUE,0,0.0,14.0,2020,2,5,0,0.0,0.0,0.0
20211222,2020-02-08,01:45,JUNIN,PE-22,135.0,DESPISTE,0,4.0,1.0,2020,2,5,0,11.0,11.0,9.0
20211222,2020-02-08,13:30,JUNIN,PE-22,152.0,CHOQUE,1,2.0,13.0,2020,2,5,1,11.0,11.0,9.0
20211222,2020-02-08,13:15,TACNA,PE-36A,157.0,DESPISTE,0,1.0,13.0,2020,2,5,0,0.6,0.6,1.0
20211222,2020-02-08,14:10,APURIMAC,PE-30A,182.0,DESPISTE,0,1.0,14.0,2020,2,5,0,16.6,16.6,15.0
20211222,2020-02-08,02:40,LIMA,N.I.,195.0,DESPISTE,0,0.0,2.0,2020,2,5,0,0.0,0.0,0.0
20211222,2020-02-08,11:55,PUNO,PE-34A,203.0,DESPISTE,0,0.0,11.0,2020,2,5,0,14.6,14.6,22.0
20211222,2020-02-08,06:40,APURIMAC,PE-30A,308.0,DESPISTE,0,0.0,6.0,2020,2,5,0,16.6,16.6,15.0
20211222,2020-02-08,05:30,ANCASH,PE-1N,374.0,CHOQUE,0,0.0,5.0,2020,2,5,0,1.1,1.1,7.0
20211222,2020-02-08,06:40,HUANUCO,PE-1S,516.0,CHOQUE,1,0.0,6.0,2020,2,5,1,1.7,1.7,11.0
20211222,2020-02-08,04:45,AREQUIPA,PE-1S,668.0,DESPISTE,0,0.0,4.0,2020,2,5,0,0.6,0.6,4.0
20211222,2020-02-08,13:20,AREQUIPA,PE-1S,716.0,CHOQUE,0,3.0,13.0,2020,2,5,0,0.6,0.6,4.0
20211222,2020-02-08,22:08,LAMBAYEQUE,PE-1N,819.0,CHOQUE,0,1.0,22.0,2020,2,5,0,0.8,0.8,2.0
20211222,2020-02-08,17:10,CUSCO,PE-3S,879.0,DESPISTE,0,3.0,17.0,2020,2,5,0,13.1,13.1,19.0
20211222,2020-02-08,20:00,AREQUIPA,PE-1S,931.0,DESPISTE,0,1.0,20.0,2020,2,5,0,0.6,0.6,4.0
20211222,2020-02-09,05:20,PIURA,PE-02A,3.0,DESPISTE,0,2.0,5.0,2020,2,6,0,0.0,0.0,0.0
20211222,2020-02-09,18:40,CUSCO,PE-30,3.0,CHOQUE,0,2.0,18.0,2020,2,6,0,6.4,6.4,16.0
20211222,2020-02-09,17:30,LORETO,LO-103,5.0,CHOQUE,0,1.0,17.0,2020,2,6,0,6.4,6.4,5.0
20211222,2020-02-09,17:10,LORETO,LO-103,12.0,DESPISTE,0,1.0,17.0,2020,2,6,0,6.4,6.4,5.0
20211222,2020-02-09,16:00,TACNA,MO-108,14.0,DESPISTE,0,6.0,16.0,2020,2,6,0,0.0,0.0,0.0
20211222,2020-02-09,17:30,LIMA,PE-1S,24.0,CHOQUE,0,1.0,17.0,2020,2,6,0,0.0,0.0,0.0
20211222,2020-02-09,12:00,LIMA,PE-20A,27.0,DESPISTE,0,2.0,12.0,2020,2,6,0,0.0,0.0,0.0
20211222,2020-02-09,01:30,LIMA,PE-1N,47.0,ATROPELLO,0,1.0,1.0,2020,2,6,0,0.0,0.0,0.0
20211222,2020-02-09,22:30,LIMA,PE-1S,56.0,ATROPELLO,1,0.0,22.0,2020,2,6,1,0.0,0.0,0.0
20211222,2020-02-09,23:00,LIMA,PE-22,65.0,CHOQUE,0,3.0,23.0,2020,2,6,0,0.0,0.0,0.0
20211222,2020-02-09,02:00,CAJAMARCA,PE-06B,67.0,DESPISTE,0,0.0,2.0,2020,2,6,0,4.4,4.4,12.0
20211222,2020-02-09,16:30,CUSCO,PE-28B,68.0,CHOQUE,0,0.0,16.0,2020,2,6,0,6.4,6.4,16.0
20211222,2020-02-09,14:00,CUSCO,PE-28B,68.0,CHOQUE,0,0.0,14.0,2020,2,6,0,6.4,6.4,16.0
20211222,2020-02-09,17:50,CAJAMARCA,PE-3N,77.0,DESPISTE,0,1.0,17.0,2020,2,6,0,4.4,4.4,12.0
20211222,2020-02-09,18:20,AREQUIPA,PE-34A,88.0,CHOQUE,0,1.0,18.0,2020,2,6,0,2.1,2.1,6.0
20211222,2020-02-09,10:30,LIMA,PE-22,92.0,DESPISTE,0,1.0,10.0,2020,2,6,0,0.0,0.0,0.0
20211222,2020-02-09,09:40,LIMA,PE-1S,113.0,CHOQUE,1,0.0,9.0,2020,2,6,1,0.0,0.0,0.0
20211222,2020-02-09,22:15,AREQUIPA,PE-34A,120.0,CHOQUE,0,4.0,22.0,2020,2,6,0,2.1,2.1,6.0
20211222,2020-02-09,15:35,MOQUEGUA,PE-36A,123.0,DESPISTE,0,2.0,15.0,2020,2,6,0,1.2,1.2,4.0
20211222,2020-02-09,16:30,CAJAMARCA,PE-08B,132.0,CHOQUE,0,2.0,16.0,2020,2,6,0,4.4,4.4,12.0
20211222,2020-02-09,08:10,AYACUCHO,PE-28A,228.0,DESPISTE,0,0.0,8.0,2020,2,6,0,0.4,0.4,4.0
20211222,2020-02-09,07:30,LIMA,PE-1N,236.0,CHOQUE,0,2.0,7.0,2020,2,6,0,0.0,0.0,0.0
20211222,2020-02-09,16:20,ICA,PE-1S,269.0,ESPECIAL,0,0.0,16.0,2020,2,6,0,0.0,0.0,0.0
20211222,2020-02-09,02:10,AMAZONAS,PE-5N,280.0,DESPISTE,0,8.0,2.0,2020,2,6,0,5.7,5.7,8.0
20211222,2020-02-09,00:30,AMAZONAS,PE-08B,321.0,DESPISTE,0,1.0,0.0,2020,2,6,0,5.7,5.7,8.0
20211222,2020-02-09,14:15,MADRE DE DIOS,PE-30C,386.0,CHOQUE,0,1.0,14.0,2020,2,6,0,9.2,9.2,9.0
20211222,2020-02-09,03:10,HUANUCO,PE-5N,453.0,CHOQUE,0,1.0,3.0,2020,2,6,0,4.8,4.8,16.0
20211222,2020-02-09,14:55,ANCASH,PE-3N,638.0,DESPISTE,1,1.0,14.0,2020,2,6,1,0.0,0.0,0.0
20211222,2020-02-09,23:08,LAMBAYEQUE,PE-1S,815.0,CHOQUE,0,0.0,23.0,2020,2,6,0,0.0,0.0,0.0
20211222,2020-02-09,04:40,CUSCO,PE-3S,,VOLCADURA,0,1.0,4.0,2020,2,6,0,6.4,6.4,16.0
20211222,2020-02-10,15:45,CAJAMARCA,PE-08,9.0,DESPISTE,0,0.0,15.0,2020,2,0,0,8.1,8.1,9.0
20211222,2020-02-10,15:15,AREQUIPA,PE-34E,36.0,CHOQUE,0,0.0,15.0,2020,2,0,0,5.0,5.0,10.0
20211222,2020-02-10,20:10,LIMA,PE-1N,43.0,CHOQUE,1,16.0,20.0,2020,2,0,1,0.1,0.1,1.0
20211222,2020-02-10,13:10,LIMA,PE-22,46.0,ATROPELLO,0,1.0,13.0,2020,2,0,0,0.1,0.1,1.0
20211222,2020-02-10,17:30,LIMA,PE-22,50.0,DESPISTE,0,1.0,17.0,2020,2,0,0,0.1,0.1,1.0
20211222,2020-02-10,08:15,LIMA,PE-22,69.0,DESPISTE,0,3.0,8.0,2020,2,0,0,0.1,0.1,1.0
20211222,2020-02-10,10:30,LIMA,PE-1N,82.0,CHOQUE,0,3.0,10.0,2020,2,0,0,0.1,0.1,1.0
20211222,2020-02-10,07:00,HUANCAVELICA,PE-28A,114.0,DESPISTE,1,3.0,7.0,2020,2,0,1,8.5,8.5,18.0
20211222,2020-02-10,21:30,AREQUIPA,PE-34A,156.0,DESPISTE,0,3.0,21.0,2020,2,0,0,5.0,5.0,10.0
20211222,2020-02-10,00:30,PUNO,PE-34A,206.0,DESPISTE,1,2.0,0.0,2020,2,0,1,25.2,24.8,24.0
20211222,2020-02-10,10:10,SAN MARTIN,PE-5N,515.0,DESPISTE,0,3.0,10.0,2020,2,0,0,5.0,5.0,12.0
20211222,2020-02-10,13:00,CAJAMARCA,PE-08,693.0,DESPISTE,1,2.0,13.0,2020,2,0,1,8.1,8.1,9.0
20211222,2020-02-10,19:30,AREQUIPA,PE-1S,791.0,CHOQUE,0,2.0,19.0,2020,2,0,0,5.0,5.0,10.0
20211222,2020-02-10,16:20,APURIMAC,PE-3S,833.0,DESPISTE,0,2.0,16.0,2020,2,0,0,4.7,4.7,18.0
20211222,2020-02-10,19:30,APURIMAC,PE-3S,833.0,CHOQUE,0,0.0,19.0,2020,2,0,0,4.7,4.7,18.0
20211222,2020-02-11,05:20,LIMA,PE-22,29.0,CHOQUE,0,0.0,5.0,2020,2,1,0,0.9,0.9,6.0
20211222,2020-02-11,16:30,AREQUIPA,PE-34E,31.0,DESPISTE,0,0.0,16.0,2020,2,1,0,1.8,1.8,6.0
20211222,2020-02-11,00:10,LIMA,PE-1S,53.0,CHOQUE,0,1.0,0.0,2020,2,1,0,0.9,0.9,6.0
20211222,2020-02-11,16:50,AREQUIPA,PE-34A,147.0,CHOQUE,0,2.0,16.0,2020,2,1,0,1.8,1.8,6.0
20211222,2020-02-11,11:20,LIMA,PE-1N,186.0,CHOQUE,0,3.0,11.0,2020,2,1,0,0.9,0.9,6.0
20211222,2020-02-11,23:40,ICA,PE-1S,187.0,CHOQUE,0,4.0,23.0,2020,2,1,0,1.7,1.7,4.0
20211222,2020-02-11,13:15,ANCASH,PE-1N,392.0,DESPISTE,0,0.0,13.0,2020,2,1,0,6.9,6.9,12.0
20211222,2020-02-11,19:25,SAN MARTIN,PE-5N,512.0,CHOQUE,0,2.0,19.0,2020,2,1,0,0.0,0.0,0.0
20211222,2020-02-11,10:30,LAMBAYEQUE,PE-1N,779.0,CHOQUE,0,1.0,10.0,2020,2,1,0,0.0,0.0,0.0
20211222,2020-02-11,20:00,PUNO,PE-3S,1227.0,CHOQUE,0,1.0,20.0,2020,2,1,0,7.1,7.1,19.0
20211222,2020-02-12,07:45,CAJAMARCA,PE-06B,47.0,DESPISTE,0,2.0,7.0,2020,2,2,0,0.6,0.6,5.0
20211222,2020-02-12,04:30,TACNA,PE-36A,75.0,DESPISTE,0,0.0,4.0,2020,2,2,0,2.3,2.3,9.0
20211222,2020-02-12,00:20,AREQUIPA,PE-34A,100.0,DESPISTE,0,0.0,0.0,2020,2,2,0,27.4,27.4,23.0
20211222,2020-02-12,13:40,JUNIN,PE-22,137.0,DESPISTE,0,3.0,13.0,2020,2,2,0,5.0,5.0,4.0
20211222,2020-02-12,12:35,ICA,PE-1S,187.0,DESPISTE,0,1.0,12.0,2020,2,2,0,0.0,0.0,0.0
20211222,2020-02-12,05:00,PUNO,PE-34A,205.0,DESPISTE,0,0.0,5.0,2020,2,2,0,16.6,16.6,23.0
20211222,2020-02-12,06:20,ICA,PE-1S,226.0,DESPISTE,0,2.0,6.0,2020,2,2,0,0.0,0.0,0.0
20211222,2020-02-12,10:40,PUNO,PE-34A,246.0,DESPISTE,0,0.0,10.0,2020,2,2,0,16.6,16.6,23.0
20211222,2020-02-12,07:45,AREQUIPA,PE-1S,811.0,DESPISTE,0,0.0,7.0,2020,2,2,0,27.4,27.4,23.0
20211222,2020-02-12,18:30,CUSCO,PE-3S,1007.0,CHOQUE,0,0.0,18.0,2020,2,2,0,3.7,3.7,16.0
20211222,2020-02-12,22:20,CUSCO,PE-3S,1026.0,DESPISTE,0,1.0,22.0,2020,2,2,0,3.7,3.7,16.0
20211222,2020-02-12,02:40,CUSCO,PE-3S,1045.0,VOLCADURA,0,3.0,2.0,2020,2,2,0,3.7,3.7,16.0
20211222,2020-02-13,23:30,CUSCO,PE-28G,18.0,ATROPELLO,1,0.0,23.0,2020,2,3,1,9.4,9.4,14.0
20211222,2020-02-13,17:30,JUNIN,PE-3SA,20.0,DESPISTE,0,1.0,17.0,2020,2,3,0,4.8,4.8,12.0
20211222,2020-02-13,09:20,UCAYALI,PE-18C,24.0,CHOQUE,0,0.0,9.0,2020,2,3,0,0.8,0.8,6.0
20211222,2020-02-13,15:30,CAJAMARCA,PE-06B,35.0,CHOQUE,0,10.0,15.0,2020,2,3,0,0.9,0.9,6.0
20211222,2020-02-13,00:30,PIURA,PE-36A,65.0,DESPISTE,0,0.0,0.0,2020,2,3,0,0.0,0.0,0.0
20211222,2020-02-13,17:30,ANCASH,PE-3N,93.0,CHOQUE,0,2.0,17.0,2020,2,3,0,2.5,2.5,10.0
20211222,2020-02-13,21:00,LIMA,PE-1S,96.0,CHOQUE,0,0.0,21.0,2020,2,3,0,0.0,0.0,0.0
20211222,2020-02-13,21:35,LIMA,PE-1S,131.0,ATROPELLO,1,0.0,21.0,2020,2,3,1,0.0,0.0,0.0
20211222,2020-02-13,17:50,JUNIN,PE-22,136.0,CHOQUE,3,3.0,17.0,2020,2,3,1,4.8,4.8,12.0
20211222,2020-02-13,04:45,MOQUEGUA,PE-1SD,226.0,DESPISTE,0,1.0,4.0,2020,2,3,0,0.8,0.8,5.0
20211222,2020-02-13,17:30,APURIMAC,PE-3S,251.0,CHOQUE,0,1.0,17.0,2020,2,3,0,1.0,1.0,6.0
20211222,2020-02-13,12:30,ICA,PE-1S,328.0,CHOQUE,0,1.0,12.0,2020,2,3,0,0.0,0.0,0.0
20211222,2020-02-13,07:00,ANCASH,PE-1N,345.0,DESPISTE,0,1.0,7.0,2020,2,3,0,2.5,2.5,10.0
20211222,2020-02-13,10:30,ICA,PE-1S,362.0,DESPISTE,1,3.0,10.0,2020,2,3,1,0.0,0.0,0.0
20211222,2020-02-13,19:40,LAMBAYEQUE,PE-1N,761.0,CHOQUE,0,1.0,19.0,2020,2,3,0,1.8,1.8,4.0
20211222,2020-02-13,17:30,PIURA,PE-1N,1027.0,CHOQUE,0,1.0,17.0,2020,2,3,0,0.0,0.0,0.0
20211222,2020-02-14,19:30,ICA,PE-28A,37.0,DESPISTE,0,0.0,19.0,2020,2,4,0,0.0,0.0,0.0
20211222,2020-02-14,02:25,LIMA,PE-1N,38.0,DESPISTE,0,0.0,2.0,2020,2,4,0,0.7,0.7,3.0
20211222,2020-02-14,08:20,CAJAMARCA,PE-08B,42.0,DESPISTE,0,0.0,8.0,2020,2,4,0,2.7,2.7,6.0
20211222,2020-02-14,15:00,ANCASH,AN-107,46.0,CHOQUE,0,9.0,15.0,2020,2,4,0,4.5,4.5,8.0
20211222,2020-02-14,15:30,LIMA,PE-1S,59.0,CHOQUE,0,4.0,15.0,2020,2,4,0,0.7,0.7,3.0
20211222,2020-02-14,06:45,ANCASH,PE-12A,64.0,DESPISTE,0,1.0,6.0,2020,2,4,0,4.5,4.5,8.0
20211222,2020-02-14,18:00,LIMA,PE-1S,86.0,ATROPELLO,1,0.0,18.0,2020,2,4,1,0.7,0.7,3.0
20211222,2020-02-14,23:02,LIMA,PE-1S,88.0,DESPISTE,0,0.0,23.0,2020,2,4,0,0.7,0.7,3.0
20211222,2020-02-14,19:00,AMAZONAS,PE-5N,94.0,ATROPELLO,0,1.0,19.0,2020,2,4,0,1.2,1.2,8.0
20211222,2020-02-14,15:20,LIMA,PE-22,114.0,CHOQUE,0,3.0,15.0,2020,2,4,0,0.7,0.7,3.0
20211222,2020-02-14,19:10,ANCASH,PE-16,117.0,DESPISTE,0,0.0,19.0,2020,2,4,0,4.5,4.5,8.0
20211222,2020-02-14,13:40,LIMA,PE-1S,126.0,CHOQUE,0,0.0,13.0,2020,2,4,0,0.7,0.7,3.0
20211222,2020-02-14,03:50,JUNIN,PE-22,143.0,CHOQUE,0,0.0,3.0,2020,2,4,0,5.0,5.0,3.0
20211222,2020-02-14,12:30,HUANCAVELICA,PE-28A,160.0,DESPISTE,0,1.0,12.0,2020,2,4,0,5.6,5.6,12.0
20211222,2020-02-14,N.I.,JUNIN,PE-22,165.0,ATROPELLO,0,1.0,,2020,2,4,0,5.0,5.0,3.0
20211222,2020-02-14,05:20,ICA,PE-1S,410.0,CHOQUE,0,0.0,5.0,2020,2,4,0,0.0,0.0,0.0
20211222,2020-02-14,17:00,ANCASH,PE-3N,603.0,CHOQUE,0,2.0,17.0,2020,2,4,0,4.5,4.5,8.0
20211222,2020-02-14,14:50,APURIMAC,PE-3S,755.0,ATROPELLO,0,1.0,14.0,2020,2,4,0,0.2,0.2,2.0
20211222,2020-02-14,09:30,AREQUIPA,PE-1S,926.0,CHOQUE,0,0.0,9.0,2020,2,4,0,5.7,5.7,16.0
20211222,2020-02-14,12:30,AREQUIPA,PE-1S,975.0,CHOQUE,0,1.0,12.0,2020,2,4,0,5.7,5.7,16.0
20211222,2020-02-14,20:00,PIURA,PE-1N,1029.0,CHOQUE,0,1.0,20.0,2020,2,4,0,0.0,0.0,0.0
20211222,2020-02-14,04:30,CUSCO,PE-3S,1096.0,CHOQUE,0,6.0,4.0,2020,2,4,0,3.0,3.0,8.0
20211222,2020-02-14,09:00,MOQUEGUA,PE-1S,1147.0,CHOQUE,0,0.0,9.0,2020,2,4,0,2.0,2.0,5.0
20211222,2020-02-15,17:40,MOQUEGUA,PE-36A,0.0,DESPISTE,0,0.0,17.0,2020,2,5,0,0.0,0.0,0.0
20211222,2020-02-15,18:00,LIMA,PE-1S,58.0,ATROPELLO,0,1.0,18.0,2020,2,5,0,0.0,0.0,0.0
20211222,2020-02-15,18:00,LIMA,PE-1S,62.0,DESPISTE,1,1.0,18.0,2020,2,5,1,0.0,0.0,0.0
20211222,2020-02-15,10:20,LIMA,PE-22,67.0,CHOQUE,0,0.0,10.0,2020,2,5,0,0.0,0.0,0.0
20211222,2020-02-15,19:10,CAJAMARCA,PE-08B,89.0,DESPISTE,0,1.0,19.0,2020,2,5,0,1.5,1.5,7.0
20211222,2020-02-15,16:30,LIMA,PE-1S,101.0,CHOQUE,0,0.0,16.0,2020,2,5,0,0.0,0.0,0.0
20211222,2020-02-15,05:30,PIURA,PE-1N,125.0,DESPISTE,6,42.0,5.0,2020,2,5,1,0.1,0.1,1.0
20211222,2020-02-15,23:50,ANCASH,PE-16,128.0,DESPISTE,0,4.0,23.0,2020,2,5,0,3.0,3.0,5.0
20211222,2020-02-15,02:50,ICA,PE-1S,184.0,DESPISTE,0,15.0,2.0,2020,2,5,0,0.0,0.0,0.0
20211222,2020-02-15,13:00,CUSCO,PE-28B,212.0,DESPISTE,0,1.0,13.0,2020,2,5,0,5.0,5.0,9.0
20211222,2020-02-15,22:40,ANCASH,PE-1N,263.0,DESPISTE,0,1.0,22.0,2020,2,5,0,3.0,3.0,5.0
20211222,2020-02-15,07:40,AYACUCHO,PE-28A,307.0,DESPISTE,0,1.0,7.0,2020,2,5,0,0.0,0.0,0.0
20211222,2020-02-15,10:00,AYACUCHO,PE-3S,411.0,CHOQUE,0,2.0,10.0,2020,2,5,0,0.0,0.0,0.0
20211222,2020-02-15,07:00,LA LIBERTAD,PE-1N,702.0,CHOQUE,1,9.0,7.0,2020,2,5,1,0.0,0.0,0.0
20211222,2020-02-15,00:50,LA LIBERTAD,PE-1N,727.0,ESPECIAL,0,1.0,0.0,2020,2,5,0,0.0,0.0,0.0
20211222,2020-02-16,15:15,LIMA,PE-1S,4.0,CHOQUE,1,0.0,15.0,2020,2,6,1,1.1,1.1,2.0
20211222,2020-02-16,05:00,LORETO,LO-103,4.0,DESPISTE,0,2.0,5.0,2020,2,6,0,1.5,1.5,6.0
20211222,2020-02-16,12:30,AREQUIPA,PE-34E,11.0,DESPISTE,0,0.0,12.0,2020,2,6,0,0.9,0.9,6.0
20211222,2020-02-16,14:02,LAMBAYEQUE,PE-5N,22.0,DESPISTE,2,3.0,14.0,2020,2,6,1,0.0,0.0,0.0
20211222,2020-02-16,12:50,LIMA,PE-1S,27.0,CHOQUE,0,1.0,12.0,2020,2,6,0,1.1,1.1,2.0
20211222,2020-02-16,18:00,AREQUIPA,PE-1SD,37.0,DESPISTE,0,1.0,18.0,2020,2,6,0,0.9,0.9,6.0
20211222,2020-02-16,14:00,HUANCAVELICA,PE-28A,60.0,DESPISTE,0,1.0,14.0,2020,2,6,0,4.8,4.8,8.0
20211222,2020-02-16,06:23,LIMA,PE-22,67.0,DESPISTE,0,0.0,6.0,2020,2,6,0,1.1,1.1,2.0
20211222,2020-02-16,17:00,HUANCAVELICA,PE-28A,71.0,CHOQUE,0,2.0,17.0,2020,2,6,0,4.8,4.8,8.0
20211222,2020-02-16,18:30,LIMA,PE-1N,92.0,DESPISTE,0,8.0,18.0,2020,2,6,0,1.1,1.1,2.0
20211222,2020-02-16,08:40,LIMA,PE-1S,103.0,CHOQUE,0,2.0,8.0,2020,2,6,0,1.1,1.1,2.0
20211222,2020-02-16,20:15,LIMA,PE-1S,104.0,ATROPELLO,0,1.0,20.0,2020,2,6,0,1.1,1.1,2.0
20211222,2020-02-16,08:00,HUANUCO,PE-18A,111.0,DESPISTE,0,2.0,8.0,2020,2,6,0,1.2,1.2,11.0
20211222,2020-02-16,04:20,HUANCAVELICA,PE-28A,121.0,CHOQUE,0,0.0,4.0,2020,2,6,0,4.8,4.8,8.0
20211222,2020-02-16,17:50,ICA,PE-1S,192.0,CHOQUE,0,1.0,17.0,2020,2,6,0,0.0,0.0,0.0
20211222,2020-02-16,04:00,MADRE DE DIOS,PE-30C,291.0,DESPISTE,0,0.0,4.0,2020,2,6,0,5.1,5.1,10.0
20211222,2020-02-16,23:30,ICA,PE-1S,379.0,DESPISTE,0,1.0,23.0,2020,2,6,0,0.0,0.0,0.0
20211222,2020-02-16,07:30,ICA,PE-1S,423.0,CHOQUE,0,1.0,7.0,2020,2,6,0,0.0,0.0,0.0
20211222,2020-02-16,05:45,ANCASH,PE-1N,446.0,ATROPELLO,1,0.0,5.0,2020,2,6,1,15.6,15.6,11.0
20211222,2020-02-16,14:24,ANCASH,PE-16,563.0,CHOQUE,0,1.0,14.0,2020,2,6,0,15.6,15.6,11.0
20211222,2020-02-16,11:00,LA LIBERTAD,PE-1N,640.0,DESPISTE,0,4.0,11.0,2020,2,6,0,0.7,0.7,1.0
20211222,2020-02-16,22:30,SAN MARTIN,PE-5N,648.0,ATROPELLO,1,0.0,22.0,2020,2,6,1,2.0,2.0,7.0
20211222,2020-02-16,19:00,LAMBAYEQUE,PE-1N,805.0,CHOQUE,0,6.0,19.0,2020,2,6,0,0.0,0.0,0.0
20211222,2020-02-16,15:25,PUNO,PE-1S,1347.0,CHOQUE,0,1.0,15.0,2020,2,6,0,3.2,3.2,11.0
20211222,2020-02-16,17:00,PUNO,PE-1S,1375.0,DESPISTE,0,2.0,17.0,2020,2,6,0,3.2,3.2,11.0
20211222,2020-02-17,23:30,AMAZONAS,AM-108,4.0,CHOQUE,0,9.0,23.0,2020,2,0,0,1.3,1.3,7.0
20211222,2020-02-17,21:45,TACNA,PE-1SD,6.0,ATROPELLO,1,0.0,21.0,2020,2,0,1,0.0,0.0,0.0
20211222,2020-02-17,18:20,LIMA,PE-1N,8.0,CHOQUE,0,0.0,18.0,2020,2,0,0,0.0,0.0,0.0
20211222,2020-02-17,00:20,AREQUIPA,PE-34E,8.0,CHOQUE,0,0.0,0.0,2020,2,0,0,1.9,1.9,6.0
20211222,2020-02-17,06:30,LIMA,PE-22,61.0,DESPISTE,0,0.0,6.0,2020,2,0,0,0.0,0.0,0.0
20211222,2020-02-17,08:55,JUNIN,PE-3S,64.0,DESPISTE,0,0.0,8.0,2020,2,0,0,9.5,9.5,15.0
20211222,2020-02-17,15:40,PUNO,PE-34H,68.0,CHOQUE,0,0.0,15.0,2020,2,0,0,4.7,4.7,16.0
20211222,2020-02-17,05:40,JUNIN,PE-3S,94.0,DESPISTE,0,5.0,5.0,2020,2,0,0,9.5,9.5,15.0
20211222,2020-02-17,15:30,ANCASH,AN-107,110.0,CHOQUE,0,2.0,15.0,2020,2,0,0,9.9,9.9,14.0
20211222,2020-02-17,07:05,MOQUEGUA,PE-1SD,114.0,CHOQUE,0,6.0,7.0,2020,2,0,0,0.0,0.0,0.0
20211222,2020-02-17,06:30,JUNIN,PE-22,156.0,DESPISTE,0,0.0,6.0,2020,2,0,0,9.5,9.5,15.0
20211222,2020-02-17,20:40,PUNO,PE-30A,279.0,DESPISTE,0,4.0,20.0,2020,2,0,0,4.7,4.7,16.0
20211222,2020-02-17,16:45,ANCASH,PE-1N,315.0,DESPISTE,0,0.0,16.0,2020,2,0,0,9.9,9.9,14.0
20211222,2020-02-17,09:00,AREQUIPA,PE-1S,599.0,DESPISTE,0,1.0,9.0,2020,2,0,0,1.9,1.9,6.0
20211222,2020-02-17,19:00,AREQUIPA,PE-1S,747.0,CHOQUE,1,4.0,19.0,2020,2,0,1,1.9,1.9,6.0
20211222,2020-02-17,16:30,PUNO,PE-3S,1149.0,CHOQUE,0,4.0,16.0,2020,2,0,0,4.7,4.7,16.0
20211222,2020-02-18,12:40,ANCASH,PE-14,3.0,CHOQUE,0,0.0,12.0,2020,2,1,0,3.1,3.1,7.0
20211222,2020-02-18,11:00,LIMA,PE-1N,63.0,DESPISTE,0,1.0,11.0,2020,2,1,0,1.1,1.1,4.0
20211222,2020-02-18,10:40,CUSCO,PE-28B,93.0,DESPISTE,0,4.0,10.0,2020,2,1,0,6.3,6.3,10.0
20211222,2020-02-18,11:30,LIMA,PE-1S,126.0,CHOQUE,0,0.0,11.0,2020,2,1,0,1.1,1.1,4.0
20211222,2020-02-18,06:00,AREQUIPA,PE-1S,633.0,DESPISTE,0,1.0,6.0,2020,2,1,0,0.0,0.0,0.0
20211222,2020-02-18,10:30,AREQUIPA,PE-1S,706.0,CHOQUE,0,3.0,10.0,2020,2,1,0,0.0,0.0,0.0
20211222,2020-02-19,18:40,AYACUCHO,PE-30A,41.0,CHOQUE,0,0.0,18.0,2020,2,2,0,0.8,0.8,3.0
20211222,2020-02-19,11:50,TACNA,PE-1SD,44.0,DESPISTE,0,1.0,11.0,2020,2,2,0,0.2,0.2,2.0
20211222,2020-02-19,03:30,LAMBAYEQUE,PE-1N,73.0,DESPISTE,0,4.0,3.0,2020,2,2,0,0.0,0.0,0.0
20211222,2020-02-19,19:10,ANCASH,PE-3N,74.0,DESPISTE,0,0.0,19.0,2020,2,2,0,3.6,3.6,8.0
20211222,2020-02-19,10:00,LIMA,PE-1N,78.0,CHOQUE,0,2.0,10.0,2020,2,2,0,0.0,0.0,0.0
20211222,2020-02-19,06:15,HUANCAVELICA,PE-28A,114.0,DESPISTE,0,3.0,6.0,2020,2,2,0,6.6,6.6,13.0
20211222,2020-02-19,21:40,AMAZONAS,PE-5N,233.0,CHOQUE,0,4.0,21.0,2020,2,2,0,0.4,0.4,4.0
20211222,2020-02-19,14:30,JUNIN,PE-24,251.0,CHOQUE,0,11.0,14.0,2020,2,2,0,5.6,5.6,8.0
20211222,2020-02-19,20:30,MADRE DE DIOS,PE-30C,329.0,DESPISTE,1,1.0,20.0,2020,2,2,1,0.4,0.4,2.0
20211222,2020-02-19,18:10,ANCASH,AN-111,401.0,DESPISTE,0,1.0,18.0,2020,2,2,0,3.6,3.6,8.0
20211222,2020-02-19,22:10,ANCASH,PE-16,553.0,CHOQUE,0,2.0,22.0,2020,2,2,0,3.6,3.6,8.0
20211222,2020-02-19,03:40,AREQUIPA,PE-1S,560.0,CHOQUE,0,2.0,3.0,2020,2,2,0,9.2,9.2,13.0
20211222,2020-02-19,22:10,AREQUIPA,PE-1S,605.0,CHOQUE,0,1.0,22.0,2020,2,2,0,9.2,9.2,13.0
20211222,2020-02-20,12:30,AREQUIPA,PE-34F,0.0,DESPISTE,0,0.0,12.0,2020,2,3,0,23.3,23.3,13.0
20211222,2020-02-20,12:30,AREQUIPA,PE-1SD,5.0,DESPISTE,0,3.0,12.0,2020,2,3,0,23.3,23.3,13.0
20211222,2020-02-20,16:05,AREQUIPA,PE-1SE,7.0,DESPISTE,0,0.0,16.0,2020,2,3,0,23.3,23.3,13.0
20211222,2020-02-20,18:58,CAJAMARCA,PE-08B,22.0,CHOQUE,0,5.0,18.0,2020,2,3,0,8.3,8.3,15.0
20211222,2020-02-20,21:15,CUSCO,PE-34F,60.0,DESPISTE,0,0.0,21.0,2020,2,3,0,5.4,5.4,8.0
20211222,2020-02-20,20:35,LIMA,PE-1S,86.0,CHOQUE,0,1.0,20.0,2020,2,3,0,0.0,0.0,0.0
20211222,2020-02-20,00:10,CAJAMARCA,PE-08,101.0,DESPISTE,0,2.0,0.0,2020,2,3,0,8.3,8.3,15.0
20211222,2020-02-20,15:00,LIMA,PE-22,119.0,CHOQUE,0,0.0,15.0,2020,2,3,0,0.0,0.0,0.0
20211222,2020-02-20,05:10,LIMA,PE-1S,152.0,ATROPELLO,1,0.0,5.0,2020,2,3,1,0.0,0.0,0.0
20211222,2020-02-20,17:30,ANCASH,PE-1N,418.0,DESPISTE,0,4.0,17.0,2020,2,3,0,0.9,0.9,3.0
20211222,2020-02-20,07:00,SAN MARTIN,PE-5N,504.0,DESPISTE,0,0.0,7.0,2020,2,3,0,1.0,1.0,7.0
20211222,2020-02-20,06:30,AREQUIPA,PE-1S,602.0,DESPISTE,0,0.0,6.0,2020,2,3,0,23.3,23.3,13.0
20211222,2020-02-20,13:15,AREQUIPA,PE-1S,746.0,DESPISTE,0,0.0,13.0,2020,2,3,0,23.3,23.3,13.0
20211222,2020-02-20,22:10,CUSCO,PE-3S,1048.0,CHOQUE,0,3.0,22.0,2020,2,3,0,5.4,5.4,8.0
20211222,2020-02-21,05:05,AREQUIPA,PE-1SE,23.0,CHOQUE,0,0.0,5.0,2020,2,4,0,31.8,31.8,20.0
20211222,2020-02-21,13:15,LIMA,PE-1S,36.0,DESPISTE,0,0.0,13.0,2020,2,4,0,0.0,0.0,0.0
20211222,2020-02-21,12:45,LAMBAYEQUE,PE-08,37.0,DESPISTE,0,1.0,12.0,2020,2,4,0,0.0,0.0,0.0
20211222,2020-02-21,05:55,JUNIN,PE-3N,54.0,CHOQUE,0,0.0,5.0,2020,2,4,0,3.9,3.9,7.0
20211222,2020-02-21,15:00,AREQUIPA,PE-34E,63.0,CHOQUE,0,0.0,15.0,2020,2,4,0,31.8,31.8,20.0
20211222,2020-02-21,18:30,JUNIN,PE-22B,67.0,CHOQUE,0,1.0,18.0,2020,2,4,0,3.9,3.9,7.0
20211222,2020-02-21,14:00,ICA,PE-30A,74.0,DESPISTE,2,1.0,14.0,2020,2,4,1,0.1,0.1,1.0
20211222,2020-02-21,07:30,CAJAMARCA,PE-3N,79.0,CHOQUE,0,4.0,7.0,2020,2,4,0,1.7,1.7,7.0
20211222,2020-02-21,20:50,AREQUIPA,PE-34A,87.0,CHOQUE,0,1.0,20.0,2020,2,4,0,31.8,31.8,20.0
20211222,2020-02-21,14:30,CAJAMARCA,PE-08,99.0,CHOQUE,0,7.0,14.0,2020,2,4,0,1.7,1.7,7.0
20211222,2020-02-21,07:15,CAJAMARCA,PE-08,167.0,DESPISTE,0,2.0,7.0,2020,2,4,0,1.7,1.7,7.0
20211222,2020-02-21,06:45,ANCASH,PE-1N,286.0,DESPISTE,1,2.0,6.0,2020,2,4,1,0.8,0.8,4.0
20211222,2020-02-21,21:30,SAN MARTIN,PE-5N,403.0,DESPISTE,0,2.0,21.0,2020,2,4,0,5.5,5.5,11.0
20211222,2020-02-21,21:00,AREQUIPA,PE-1S,602.0,DESPISTE,0,0.0,21.0,2020,2,4,0,31.8,31.8,20.0
20211222,2020-02-21,06:30,PIURA,PE-1N,1014.0,DESPISTE,0,0.0,6.0,2020,2,4,0,0.9,0.9,4.0
20211222,2020-02-22,21:20,PUNO,PE-34H,14.0,DESPISTE,0,1.0,21.0,2020,2,5,0,8.6,8.6,17.0
20211222,2020-02-22,06:20,LIMA,PE-1S,23.0,DESPISTE,0,0.0,6.0,2020,2,5,0,0.0,0.0,0.0
20211222,2020-02-22,20:30,CAJAMARCA,PE-08B,25.0,CHOQUE,0,3.0,20.0,2020,2,5,0,0.3,0.3,3.0
20211222,2020-02-22,23:45,ANCASH,AN-110,29.0,DESPISTE,0,1.0,23.0,2020,2,5,0,0.0,0.0,0.0
20211222,2020-02-22,N.I.,JUNIN,PE-22B,57.0,CHOQUE,0,8.0,,2020,2,5,0,8.7,8.7,20.0
20211222,2020-02-22,08:25,CAJAMARCA,PE-08,61.0,CHOQUE,0,9.0,8.0,2020,2,5,0,0.3,0.3,3.0
20211222,2020-02-22,23:50,LAMBAYEQUE,PE-1N,62.0,CHOQUE,1,3.0,23.0,2020,2,5,1,0.0,0.0,0.0
20211222,2020-02-22,13:30,CAJAMARCA,PE-08,75.0,DESPISTE,0,4.0,13.0,2020,2,5,0,0.3,0.3,3.0
20211222,2020-02-22,N.I.,JUNIN,PE-5S,78.0,ATROPELLO,1,1.0,,2020,2,5,1,8.7,8.7,20.0
20211222,2020-02-22,16:30,JUNIN,PE-22B,84.0,CHOQUE,0,0.0,16.0,2020,2,5,0,8.7,8.7,20.0
20211222,2020-02-22,08:00,CUSCO,PE-28B,89.0,DESPISTE,0,2.0,8.0,2020,2,5,0,6.6,6.6,17.0
20211222,2020-02-22,15:55,JUNIN,PE-22B,91.0,CHOQUE,0,1.0,15.0,2020,2,5,0,8.7,8.7,20.0
20211222,2020-02-22,04:40,AREQUIPA,PE-34A,106.0,CHOQUE,0,2.0,4.0,2020,2,5,0,5.3,5.3,10.0
20211222,2020-02-22,11:20,LIMA,PE-22,111.0,CHOQUE,0,0.0,11.0,2020,2,5,0,0.0,0.0,0.0
20211222,2020-02-22,19:40,LIMA,PE-22,121.0,ESPECIAL,0,0.0,19.0,2020,2,5,0,0.0,0.0,0.0
20211222,2020-02-22,17:00,PUNO,PE-36A,139.0,DESPISTE,0,0.0,17.0,2020,2,5,0,8.6,8.6,17.0
20211222,2020-02-22,13:30,JUNIN,PE-22,152.0,CHOQUE,2,9.0,13.0,2020,2,5,1,8.7,8.7,20.0
20211222,2020-02-22,06:35,JUNIN,PE-22,154.0,DESPISTE,0,0.0,6.0,2020,2,5,0,8.7,8.7,20.0
20211222,2020-02-22,11:50,ANCASH,PE-16,182.0,DESPISTE,0,3.0,11.0,2020,2,5,0,0.0,0.0,0.0
20211222,2020-02-22,20:15,ICA,PE-1S,239.0,DESPISTE,0,1.0,20.0,2020,2,5,0,1.6,1.6,3.0
20211222,2020-02-22,16:10,AMAZONAS,PE-5N,272.0,DESPISTE,1,4.0,16.0,2020,2,5,1,7.0,7.0,10.0
20211222,2020-02-22,09:50,SAN MARTIN,PE-5N,509.0,CHOQUE,0,6.0,9.0,2020,2,5,0,18.3,18.3,19.0
20211222,2020-02-22,07:20,ANCASH,PE-16,563.0,DESPISTE,0,0.0,7.0,2020,2,5,0,0.0,0.0,0.0
20211222,2020-02-22,04:40,SAN MARTIN,PE-5N,592.0,DESPISTE,0,1.0,4.0,2020,2,5,0,18.3,18.3,19.0
20211222,2020-02-22,23:00,PUNO,PE-3S,1302.0,DESPISTE,0,2.0,23.0,2020,2,5,0,8.6,8.6,17.0
20211222,2020-02-23,07:45,ICA,PE-1S,2.0,DESPISTE,0,8.0,7.0,2020,2,6,0,0.1,0.1,1.0
20211222,2020-02-23,23:00,CUSCO,N.I.,2.0,DESPISTE,0,1.0,23.0,2020,2,6,0,9.2,9.2,16.0
20211222,2020-02-23,23:00,SAN MARTIN,PE-5N,26.0,ATROPELLO,1,0.0,23.0,2020,2,6,1,0.6,0.6,4.0
20211222,2020-02-23,20:50,CAJAMARCA,PE-08B,29.0,CHOQUE,0,0.0,20.0,2020,2,6,0,0.8,0.8,6.0
20211222,2020-02-23,20:00,LIMA,PE-20A,44.0,DESPISTE,0,2.0,20.0,2020,2,6,0,0.2,0.2,2.0
20211222,2020-02-23,13:45,JUNIN,PE-3S,52.0,DESPISTE,0,0.0,13.0,2020,2,6,0,6.3,6.3,16.0
20211222,2020-02-23,17:42,CUSCO,PE-28F,57.0,DESPISTE,0,1.0,17.0,2020,2,6,0,9.2,9.2,16.0
20211222,2020-02-23,19:30,AREQUIPA,PE-34A,74.0,DESPISTE,0,0.0,19.0,2020,2,6,0,7.0,7.0,16.0
20211222,2020-02-23,04:00,MOQUEGUA,PE-36A,77.0,CHOQUE,0,2.0,4.0,2020,2,6,0,9.7,9.7,18.0
20211222,2020-02-23,09:35,JUNIN,PE-3N,87.0,CHOQUE,0,3.0,9.0,2020,2,6,0,6.3,6.3,16.0
20211222,2020-02-23,07:25,LIMA,PE-1N,97.0,DESPISTE,0,3.0,7.0,2020,2,6,0,0.2,0.2,2.0
20211222,2020-02-23,06:00,AREQUIPA,PE-34A,110.0,DESPISTE,0,0.0,6.0,2020,2,6,0,7.0,7.0,16.0
20211222,2020-02-23,18:05,LIMA,PE-1S,148.0,DESPISTE,0,2.0,18.0,2020,2,6,0,0.2,0.2,2.0
20211222,2020-02-23,19:50,JUNIN,PE-22,154.0,DESPISTE,0,3.0,19.0,2020,2,6,0,6.3,6.3,16.0
20211222,2020-02-23,14:40,AREQUIPA,PE-34A,161.0,CHOQUE,0,1.0,14.0,2020,2,6,0,7.0,7.0,16.0
20211222,2020-02-23,11:45,ICA,PE-1S,247.0,DESPISTE,2,0.0,11.0,2020,2,6,1,0.1,0.1,1.0
20211222,2020-02-23,21:48,SAN MARTIN,PE-5N,457.0,CHOQUE,0,1.0,21.0,2020,2,6,0,0.6,0.6,4.0
20211222,2020-02-23,22:30,ICA,PE-1S,478.0,CHOQUE,0,2.0,22.0,2020,2,6,0,0.1,0.1,1.0
20211222,2020-02-23,00:30,LIMA,PE-1S,515.0,DESPISTE,0,2.0,0.0,2020,2,6,0,0.2,0.2,2.0
20211222,2020-02-23,07:22,LA LIBERTAD,PE-1N,526.0,CHOQUE,0,0.0,7.0,2020,2,6,0,0.1,0.1,1.0
20211222,2020-02-23,11:09,SAN MARTIN,PE-5N,593.0,DESPISTE,0,1.0,11.0,2020,2,6,0,0.6,0.6,4.0
20211222,2020-02-23,14:30,ANCASH,PE-3N,610.0,CHOQUE,0,1.0,14.0,2020,2,6,0,0.0,0.0,0.0
20211222,2020-02-23,13:30,AREQUIPA,PE-1S,833.0,CHOQUE,0,1.0,13.0,2020,2,6,0,7.0,7.0,16.0
20211222,2020-02-23,12:40,PUNO,PE-3S,1210.0,DESPISTE,0,1.0,12.0,2020,2,6,0,5.8,5.8,12.0
20211222,2020-02-23,19:00,PUNO,PE-1S,1353.0,CHOQUE,0,2.0,19.0,2020,2,6,0,5.8,5.8,12.0
20211222,2020-02-23,18:50,PUNO,PE-1S,1417.0,CHOQUE,2,20.0,18.0,2020,2,6,1,5.8,5.8,12.0
20211222,2020-02-24,15:30,APURIMAC,PE-30A,2.0,ATROPELLO,1,0.0,15.0,2020,2,0,1,1.9,1.9,8.0
20211222,2020-02-24,16:40,AMAZONAS,PE-5N,2.0,CHOQUE,0,2.0,16.0,2020,2,0,0,6.9,6.9,18.0
20211222,2020-02-24,14:00,AREQUIPA,PE-34E,8.0,CHOQUE,9,71.0,14.0,2020,2,0,1,7.7,7.7,18.0
20211222,2020-02-24,18:40,CAJAMARCA,PE-06B,22.0,ATROPELLO,0,0.0,18.0,2020,2,0,0,2.6,2.6,13.0
20211222,2020-02-24,21:10,TACNA,PE-1SD,48.0,DESPISTE,0,0.0,21.0,2020,2,0,0,0.0,0.0,0.0
20211222,2020-02-24,19:30,LIMA,PE-22,60.0,DESPISTE,0,0.0,19.0,2020,2,0,0,0.0,0.0,0.0
20211222,2020-02-24,00:00,HUANUCO,N.I.,72.0,DESPISTE,0,0.0,0.0,2020,2,0,0,0.1,0.1,1.0
20211222,2020-02-24,09:45,JUNIN,PE-5S,81.0,CHOQUE,0,3.0,9.0,2020,2,0,0,1.9,1.9,4.0
20211222,2020-02-24,06:00,JUNIN,PE-3S,82.0,CHOQUE,1,0.0,6.0,2020,2,0,1,1.9,1.9,4.0
20211222,2020-02-24,12:50,PUNO,PE-34H,85.0,DESPISTE,0,11.0,12.0,2020,2,0,0,2.9,2.9,9.0
20211222,2020-02-24,18:50,JUNIN,PE-3N,100.0,CHOQUE,0,0.0,18.0,2020,2,0,0,1.9,1.9,4.0
20211222,2020-02-24,09:30,CAJAMARCA,PE-06A,176.0,DESPISTE,0,4.0,9.0,2020,2,0,0,2.6,2.6,13.0
20211222,2020-02-24,08:54,PIURA,PE-1N,181.0,DESPISTE,0,0.0,8.0,2020,2,0,0,3.2,3.2,7.0
20211222,2020-02-24,01:15,PUNO,PE-34A,216.0,DESPISTE,0,0.0,1.0,2020,2,0,0,2.9,2.9,9.0
20211222,2020-02-24,06:50,HUANUCO,PE-3N,229.0,N.I.,0,3.0,6.0,2020,2,0,0,0.1,0.1,1.0
20211222,2020-02-25,06:45,JUNIN,PE-3N,38.0,DESPISTE,0,0.0,6.0,2020,2,1,0,3.0,3.0,9.0
20211222,2020-02-25,11:26,LIMA,PE-22,42.0,DESPISTE,0,2.0,11.0,2020,2,1,0,0.0,0.0,0.0
20211222,2020-02-25,06:45,LIMA,PE-22,62.0,DESPISTE,0,0.0,6.0,2020,2,1,0,0.0,0.0,0.0
20211222,2020-02-25,11:00,PIURA,PE-1N,72.0,DESPISTE,1,1.0,11.0,2020,2,1,1,0.0,0.0,0.0
20211222,2020-02-25,N.I.,LIMA,PE-1N,82.0,CHOQUE,0,2.0,,2020,2,1,0,0.0,0.0,0.0
20211222,2020-02-25,14:30,HUANCAVELICA,PE-28A,102.0,DESPISTE,0,5.0,14.0,2020,2,1,0,8.5,8.5,12.0
20211222,2020-02-25,07:30,JUNIN,PE-22,138.0,DESPISTE,0,0.0,7.0,2020,2,1,0,3.0,3.0,9.0
20211222,2020-02-25,18:00,JUNIN,PE-22,143.0,DESPISTE,0,0.0,18.0,2020,2,1,0,3.0,3.0,9.0
20211222,2020-02-25,06:00,HUANCAVELICA,PE-26B,209.0,CHOQUE,0,2.0,6.0,2020,2,1,0,8.5,8.5,12.0
20211222,2020-02-25,19:55,ICA,PE-1S,212.0,DESPISTE,0,1.0,19.0,2020,2,1,0,3.1,3.1,6.0
20211222,2020-02-25,04:00,UCAYALI,PE-18C,364.0,DESPISTE,0,0.0,4.0,2020,2,1,0,1.6,1.6,4.0
20211222,2020-02-25,07:00,AREQUIPA,PE-1S,585.0,CHOQUE,2,2.0,7.0,2020,2,1,1,7.9,7.9,10.0
20211222,2020-02-25,22:50,MOQUEGUA,PE-1S,1136.0,DESPISTE,0,2.0,22.0,2020,2,1,0,1.3,1.3,5.0
20211222,2020-02-25,19:00,MOQUEGUA,PE-1S,1297.0,CHOQUE,0,0.0,19.0,2020,2,1,0,1.3,1.3,5.0
20211222,2020-02-25,05:30,PUNO,PE-3S,1305.0,DESPISTE,0,0.0,5.0,2020,2,1,0,6.7,6.7,8.0
20211222,2020-02-25,04:55,PUNO,PE-1S,1399.0,ATROPELLO,1,0.0,4.0,2020,2,1,1,6.7,6.7,8.0
20211222,2020-02-26,20:30,LA LIBERTAD,PE-10A,19.0,CHOQUE,0,12.0,20.0,2020,2,2,0,0.0,0.0,0.0
20211222,2020-02-26,16:40,AREQUIPA,PE-34E,24.0,DESPISTE,0,2.0,16.0,2020,2,2,0,5.2,5.2,7.0
20211222,2020-02-26,21:45,AREQUIPA,PE-34,27.0,CHOQUE,0,0.0,21.0,2020,2,2,0,5.2,5.2,7.0
20211222,2020-02-26,23:30,PIURA,PE-1N,27.0,CHOQUE,0,6.0,23.0,2020,2,2,0,0.0,0.0,0.0
20211222,2020-02-26,09:20,MOQUEGUA,PE-36A,33.0,DESPISTE,0,2.0,9.0,2020,2,2,0,0.2,0.2,2.0
20211222,2020-02-26,17:30,HUANUCO,PE-3N,34.0,CHOQUE,0,5.0,17.0,2020,2,2,0,6.8,6.8,12.0
20211222,2020-02-26,02:15,MADRE DE DIOS,PE-34B,47.0,CHOQUE,0,0.0,2.0,2020,2,2,0,14.4,14.4,14.0
20211222,2020-02-26,07:07,LIMA,PE-1N,48.0,DESPISTE,0,0.0,7.0,2020,2,2,0,0.0,0.0,0.0
20211222,2020-02-26,03:20,JUNIN,PE-22B,65.0,DESPISTE,0,5.0,3.0,2020,2,2,0,22.3,22.3,17.0
20211222,2020-02-26,N.I.,LIMA,PE-22,107.0,DESPISTE,0,0.0,,2020,2,2,0,0.0,0.0,0.0
20211222,2020-02-26,15:30,LIMA,PE-1N,113.0,DESPISTE,0,3.0,15.0,2020,2,2,0,0.0,0.0,0.0
20211222,2020-02-26,22:30,ANCASH,PE-16,117.0,DESPISTE,0,0.0,22.0,2020,2,2,0,0.6,0.6,4.0
20211222,2020-02-26,17:10,CUSCO,PE-28B,165.0,CHOQUE,0,3.0,17.0,2020,2,2,0,4.1,4.1,16.0
20211222,2020-02-26,18:00,LIMA,PE-22,166.0,CHOQUE,0,0.0,18.0,2020,2,2,0,0.0,0.0,0.0
20211222,2020-02-26,23:15,AMAZONAS,PE-5N,196.0,DESPISTE,0,0.0,23.0,2020,2,2,0,1.4,1.4,10.0
20211222,2020-02-26,18:20,AYACUCHO,PE-28A,288.0,CHOQUE,0,1.0,18.0,2020,2,2,0,0.0,0.0,0.0
20211222,2020-02-26,14:42,SAN MARTIN,PE-5N,635.0,CHOQUE,0,0.0,14.0,2020,2,2,0,7.7,7.7,16.0
20211222,2020-02-26,17:00,LAMBAYEQUE,PE-1N,768.0,CHOQUE,0,3.0,17.0,2020,2,2,0,0.0,0.0,0.0
20211222,2020-02-26,04:50,LA LIBERTAD,PE-1N,853.0,CHOQUE,0,0.0,4.0,2020,2,2,0,0.0,0.0,0.0
20211222,2020-02-26,02:30,LA LIBERTAD,PE-1N,897.0,ATROPELLO,1,0.0,2.0,2020,2,2,1,0.0,0.0,0.0
20211222,2020-02-26,09:45,AREQUIPA,PE-1S,951.0,CHOQUE,0,11.0,9.0,2020,2,2,0,5.2,5.2,7.0
20211222,2020-02-27,15:00,LORETO,LO-103,2.0,CHOQUE,0,3.0,15.0,2020,2,3,0,12.1,12.1,16.0
20211222,2020-02-27,21:40,ANCASH,PE-16,11.0,CHOQUE,0,1.0,21.0,2020,2,3,0,0.2,0.2,1.0
20211222,2020-02-27,22:30,LA LIBERTAD,PE-1NF,29.0,DESPISTE,0,0.0,22.0,2020,2,3,0,0.0,0.0,0.0
20211222,2020-02-27,18:50,CAJAMARCA,PE-08A,41.0,CHOQUE,0,2.0,18.0,2020,2,3,0,1.2,1.2,10.0
20211222,2020-02-27,16:10,LIMA,PE-1N,48.0,CHOQUE,0,3.0,16.0,2020,2,3,0,0.0,0.0,0.0
20211222,2020-02-27,13:35,JUNIN,PE-3N,56.0,DESPISTE,0,0.0,13.0,2020,2,3,0,1.6,1.6,7.0
20211222,2020-02-27,10:35,AREQUIPA,PE-1SE,60.0,DESPISTE,0,2.0,10.0,2020,2,3,0,0.2,0.2,2.0
20211222,2020-02-27,07:30,JUNIN,PE-3S,109.0,CHOQUE,0,1.0,7.0,2020,2,3,0,1.6,1.6,7.0
20211222,2020-02-27,18:35,CAJAMARCA,PE-08,166.0,DESPISTE,0,1.0,18.0,2020,2,3,0,1.2,1.2,10.0
20211222,2020-02-27,08:15,AYACUCHO,PE-28A,243.0,CHOQUE,0,1.0,8.0,2020,2,3,0,4.8,4.8,4.0
20211222,2020-02-27,01:15,ICA,PE-1S,306.0,CHOQUE,0,3.0,1.0,2020,2,3,0,2.4,2.4,6.0
20211222,2020-02-27,20:30,APURIMAC,PE-3S,578.0,CHOQUE,1,1.0,20.0,2020,2,3,1,2.8,2.8,7.0
20211222,2020-02-27,18:45,LAMBAYEQUE,PE-1N,812.0,CHOQUE,0,2.0,18.0,2020,2,3,0,0.0,0.0,0.0
20211222,2020-02-28,17:00,CUSCO,PE-3SF,12.0,DESPISTE,0,2.0,17.0,2020,2,4,0,9.8,9.8,19.0
20211222,2020-02-28,17:15,LIMA,PE-1S,22.0,CHOQUE,0,1.0,17.0,2020,2,4,0,0.0,0.0,0.0
20211222,2020-02-28,20:40,LAMBAYEQUE,PE-5N,33.0,DESPISTE,3,15.0,20.0,2020,2,4,1,0.0,0.0,0.0
20211222,2020-02-28,19:50,CAJAMARCA,PE-3N,35.0,CHOQUE,0,6.0,19.0,2020,2,4,0,0.4,0.4,4.0
20211222,2020-02-28,21:50,PUNO,PE-34B,62.0,CHOQUE,0,0.0,21.0,2020,2,4,0,5.1,5.1,16.0
20211222,2020-02-28,17:00,LIMA,PE-22,112.0,CHOQUE,0,0.0,17.0,2020,2,4,0,0.0,0.0,0.0
20211222,2020-02-28,14:00,AREQUIPA,PE-34A,134.0,DESPISTE,0,2.0,14.0,2020,2,4,0,1.0,1.0,4.0
20211222,2020-02-28,19:00,JUNIN,PE-3S,137.0,DESPISTE,0,0.0,19.0,2020,2,4,0,9.0,9.0,14.0
20211222,2020-02-28,10:30,JUNIN,PE-3S,137.0,CHOQUE,0,0.0,10.0,2020,2,4,0,9.0,9.0,14.0
20211222,2020-02-28,19:50,ICA,PE-1S,178.0,CHOQUE,0,0.0,19.0,2020,2,4,0,0.7,0.7,3.0
20211222,2020-02-28,17:00,HUANCAVELICA,PE-28A,179.0,DESPISTE,0,0.0,17.0,2020,2,4,0,2.5,2.5,13.0
20211222,2020-02-28,10:35,PUNO,PE-38,187.0,DESPISTE,0,6.0,10.0,2020,2,4,0,5.1,5.1,16.0
20211222,2020-02-28,00:10,LIMA,PE-1N,212.0,CHOQUE,0,0.0,0.0,2020,2,4,0,0.0,0.0,0.0
20211222,2020-02-28,08:35,ANCASH,PE-1N,240.0,DESPISTE,0,1.0,8.0,2020,2,4,0,0.5,0.5,5.0
20211222,2020-02-28,06:20,APURIMAC,PE-30A,262.0,DESPISTE,0,1.0,6.0,2020,2,4,0,0.0,0.0,0.0
20211222,2020-02-28,23:02,ANCASH,PE-1N,331.0,CHOQUE,0,2.0,23.0,2020,2,4,0,0.5,0.5,5.0
20211222,2020-02-28,09:30,ANCASH,PE-1N,399.0,DESPISTE,1,3.0,9.0,2020,2,4,1,0.5,0.5,5.0
20211222,2020-02-28,01:50,LA LIBERTAD,PE-1N,681.0,CHOQUE,0,2.0,1.0,2020,2,4,0,0.0,0.0,0.0
20211222,2020-02-28,20:50,PUNO,PE-3S,1330.0,CHOQUE,1,0.0,20.0,2020,2,4,1,5.1,5.1,16.0
20211222,2020-02-29,15:05,PUNO,PE-34H,6.0,CHOQUE,0,5.0,15.0,2020,2,5,0,4.4,4.4,14.0
20211222,2020-02-29,20:40,LIMA,PE-1NE,20.0,ATROPELLO,0,1.0,20.0,2020,2,5,0,0.0,0.0,0.0
20211222,2020-02-29,21:30,LIMA,PE-1S,25.0,CHOQUE,0,0.0,21.0,2020,2,5,0,0.0,0.0,0.0
20211222,2020-02-29,12:35,LIMA,PE-1S,31.0,CHOQUE,0,0.0,12.0,2020,2,5,0,0.0,0.0,0.0
20211222,2020-02-29,20:15,AREQUIPA,PE-1SE,31.0,DESPISTE,0,0.0,20.0,2020,2,5,0,2.5,2.5,7.0
20211222,2020-02-29,12:25,LIMA,PE-1S,32.0,DESPISTE,0,2.0,12.0,2020,2,5,0,0.0,0.0,0.0
20211222,2020-02-29,16:00,PIURA,PE-3N,36.0,CHOQUE,0,2.0,16.0,2020,2,5,0,0.0,0.0,0.0
20211222,2020-02-29,20:40,ANCASH,PE-16,47.0,DESPISTE,0,2.0,20.0,2020,2,5,0,19.1,19.1,13.0
20211222,2020-02-29,07:20,LIMA,PE-1S,80.0,DESPISTE,0,2.0,7.0,2020,2,5,0,0.0,0.0,0.0
20211222,2020-02-29,23:00,LIMA,PE-1S,81.0,CHOQUE,0,1.0,23.0,2020,2,5,0,0.0,0.0,0.0
20211222,2020-02-29,05:00,JUNIN,PE-3S,105.0,ATROPELLO,1,0.0,5.0,2020,2,5,1,6.4,6.4,14.0
20211222,2020-02-29,19:00,AYACUCHO,PE-30A,110.0,CHOQUE,1,2.0,19.0,2020,2,5,1,0.0,0.0,0.0
20211222,2020-02-29,23:20,LIMA,PE-1N,115.0,ESPECIAL,0,0.0,23.0,2020,2,5,0,0.0,0.0,0.0
20211222,2020-02-29,15:30,JUNIN,PE-3S,115.0,CHOQUE,0,2.0,15.0,2020,2,5,0,6.4,6.4,14.0
20211222,2020-02-29,15:40,LIMA,PE-1N,119.0,DESPISTE,0,1.0,15.0,2020,2,5,0,0.0,0.0,0.0
20211222,2020-02-29,10:30,CAJAMARCA,PE-08,138.0,CHOQUE,0,0.0,10.0,2020,2,5,0,0.3,0.3,2.0
20211222,2020-02-29,22:40,JUNIN,PE-22,150.0,ATROPELLO,1,0.0,22.0,2020,2,5,1,6.4,6.4,14.0
20211222,2020-02-29,21:50,HUANUCO,PE-3N,209.0,CHOQUE,0,2.0,21.0,2020,2,5,0,1.1,1.1,4.0
20211222,2020-02-29,23:30,LIMA,PE-1N,214.0,DESPISTE,4,1.0,23.0,2020,2,5,1,0.0,0.0,0.0
20211222,2020-02-29,09:10,ANCASH,PE-3N,571.0,DESPISTE,0,0.0,9.0,2020,2,5,0,19.1,19.1,13.0
20211222,2020-02-29,08:00,AREQUIPA,PE-1S,1040.0,DESPISTE,0,8.0,8.0,2020,2,5,0,2.5,2.5,7.0
20211222,2020-03-01,00:55,PUNO,PE-34H,4.0,DESPISTE,0,0.0,0.0,2020,3,6,0,4.8,4.8,8.0
20211222,2020-03-01,19:30,LIMA,PE-1S,23.0,ATROPELLO,0,1.0,19.0,2020,3,6,0,0.3,0.3,1.0
20211222,2020-03-01,07:20,LIMA,PE-1S,24.0,DESPISTE,0,0.0,7.0,2020,3,6,0,0.3,0.3,1.0
20211222,2020-03-01,17:00,CUSCO,PE-3S,37.0,VOLCADURA,0,0.0,17.0,2020,3,6,0,11.0,11.0,22.0
20211222,2020-03-01,22:40,LIMA,PE-1N,40.0,CHOQUE,0,0.0,22.0,2020,3,6,0,0.3,0.3,1.0
20211222,2020-03-01,11:15,JUNIN,PE-3N,47.0,CHOQUE,0,0.0,11.0,2020,3,6,0,8.7,8.7,19.0
20211222,2020-03-01,16:00,HUANCAVELICA,PE-3SD,57.0,DESPISTE,5,4.0,16.0,2020,3,6,1,5.9,5.9,11.0
20211222,2020-03-01,16:35,CUSCO,PE-34J,58.0,CHOQUE,0,0.0,16.0,2020,3,6,0,11.0,11.0,22.0
20211222,2020-03-01,18:00,LIMA,PE-1S,61.0,CHOQUE,0,0.0,18.0,2020,3,6,0,0.3,0.3,1.0
20211222,2020-03-01,22:10,ANCASH,PE-3N,82.0,DESPISTE,0,0.0,22.0,2020,3,6,0,15.8,15.8,14.0
20211222,2020-03-01,16:00,ANCASH,PE-3N,85.0,CHOQUE,0,7.0,16.0,2020,3,6,0,15.8,15.8,14.0
20211222,2020-03-01,13:20,CAJAMARCA,PE-08,97.0,DESPISTE,0,0.0,13.0,2020,3,6,0,3.4,3.4,20.0
20211222,2020-03-01,07:00,HUANUCO,PE-18A,106.0,DESPISTE,0,0.0,7.0,2020,3,6,0,9.1,9.1,18.0
20211222,2020-03-01,06:50,HUANUCO,PE-18A,109.0,DESPISTE,0,2.0,6.0,2020,3,6,0,9.1,9.1,18.0
20211222,2020-03-01,17:30,JUNIN,PE-22,133.0,CHOQUE,0,1.0,17.0,2020,3,6,0,8.7,8.7,19.0
20211222,2020-03-01,06:10,ANCASH,PE-3N,217.0,DESPISTE,0,4.0,6.0,2020,3,6,0,15.8,15.8,14.0
20211222,2020-03-01,01:00,TUMBES,PE-1N,226.0,ESPECIAL,0,0.0,1.0,2020,3,6,0,2.7,2.7,10.0
20211222,2020-03-01,06:30,TUMBES,PE-1N,259.0,DESPISTE,1,0.0,6.0,2020,3,6,1,2.7,2.7,10.0
20211222,2020-03-01,21:35,HUANUCO,PE-3N,274.0,CHOQUE,0,1.0,21.0,2020,3,6,0,9.1,9.1,18.0
20211222,2020-03-01,16:25,MADRE DE DIOS,PE-30C,419.0,CHOQUE,0,0.0,16.0,2020,3,6,0,1.8,1.8,2.0
20211222,2020-03-01,19:30,MADRE DE DIOS,PE-30C,444.0,CHOQUE,1,0.0,19.0,2020,3,6,1,1.8,1.8,2.0
20211222,2020-03-01,05:00,LAMBAYEQUE,PE-1N,752.0,DESPISTE,4,30.0,5.0,2020,3,6,1,0.0,0.0,0.0
20211222,2020-03-01,03:30,AREQUIPA,PE-1S,813.0,DESPISTE,0,4.0,3.0,2020,3,6,0,2.8,2.8,8.0
20211222,2020-03-01,20:10,PUNO,PE-1S,1380.0,CHOQUE,0,2.0,20.0,2020,3,6,0,4.8,4.8,8.0
20211222,2020-03-02,03:30,JUNIN,PE-3SA,1.0,DESPISTE,0,2.0,3.0,2020,3,0,0,4.9,4.9,13.0
20211222,2020-03-02,19:30,LORETO,LO-103,4.0,CHOQUE,0,2.0,19.0,2020,3,0,0,0.7,0.7,4.0
20211222,2020-03-02,05:05,PUNO,PE-36B,8.0,DESPISTE,1,0.0,5.0,2020,3,0,1,1.6,1.6,9.0
20211222,2020-03-02,21:50,PIURA,PE-1N,18.0,CHOQUE,0,1.0,21.0,2020,3,0,0,0.0,0.0,0.0
20211222,2020-03-02,04:55,SAN MARTIN,PE-5NB,19.0,DESPISTE,0,0.0,4.0,2020,3,0,0,0.3,0.3,3.0
20211222,2020-03-02,07:30,LIMA,PE-1S,20.0,DESPISTE,0,0.0,7.0,2020,3,0,0,0.0,0.0,0.0
20211222,2020-03-02,02:55,LIMA,PE-1S,49.0,CHOQUE,0,0.0,2.0,2020,3,0,0,0.0,0.0,0.0
20211222,2020-03-02,18:00,AREQUIPA,PE-34A,57.0,CHOQUE,0,0.0,18.0,2020,3,0,0,4.5,4.5,8.0
20211222,2020-03-02,23:30,JUNIN,PE-3S,60.0,DESPISTE,0,0.0,23.0,2020,3,0,0,4.9,4.9,13.0
20211222,2020-03-02,01:25,LIMA,PE-1S,104.0,CHOQUE,0,0.0,1.0,2020,3,0,0,0.0,0.0,0.0
20211222,2020-03-02,02:22,LIMA,PE-1S,113.0,DESPISTE,0,1.0,2.0,2020,3,0,0,0.0,0.0,0.0
20211222,2020-03-02,15:00,HUANCAVELICA,PE-28A,131.0,DESPISTE,0,4.0,15.0,2020,3,0,0,3.4,3.4,10.0
20211222,2020-03-02,02:00,CAJAMARCA,PE-06A,137.0,DESPISTE,0,3.0,2.0,2020,3,0,0,6.1,6.1,17.0
20211222,2020-03-02,17:05,PASCO,PE-3N,165.0,DESPISTE,0,0.0,17.0,2020,3,0,0,2.0,2.0,7.0
20211222,2020-03-02,09:45,LIMA,PE-1N,224.0,DESPISTE,1,4.0,9.0,2020,3,0,1,0.0,0.0,0.0
20211222,2020-03-02,21:50,HUANUCO,PE-3N,228.0,CHOQUE,0,0.0,21.0,2020,3,0,0,1.4,1.4,8.0
20211222,2020-03-02,05:00,PUNO,PE-34A,283.0,CHOQUE,1,0.0,5.0,2020,3,0,1,1.6,1.6,9.0
20211222,2020-03-02,10:50,ICA,PE-1S,451.0,CHOQUE,0,4.0,10.0,2020,3,0,0,0.0,0.0,0.0
20211222,2020-03-02,18:00,PUNO,PE-3S,1220.0,CHOQUE,0,1.0,18.0,2020,3,0,0,1.6,1.6,9.0
20211222,2020-03-02,08:10,PUNO,PE-1S,1348.0,DESPISTE,0,0.0,8.0,2020,3,0,0,1.6,1.6,9.0
20211222,2020-03-03,06:55,LIMA,PE-1S,0.0,CHOQUE,0,0.0,6.0,2020,3,1,0,0.0,0.0,0.0
20211222,2020-03-03,06:15,CAJAMARCA,PE-06B,12.0,CHOQUE,0,4.0,6.0,2020,3,1,0,0.7,0.7,3.0
20211222,2020-03-03,05:50,JUNIN,PE-3N,13.0,DESPISTE,0,1.0,5.0,2020,3,1,0,0.9,0.9,5.0
20211222,2020-03-03,15:30,JUNIN,PE-3S,59.0,DESPISTE,0,0.0,15.0,2020,3,1,0,0.9,0.9,5.0
20211222,2020-03-03,09:30,CAJAMARCA,PE-08,86.0,DESPISTE,1,2.0,9.0,2020,3,1,1,0.7,0.7,3.0
20211222,2020-03-03,10:14,LIMA,PE-22,98.0,CHOQUE,0,0.0,10.0,2020,3,1,0,0.0,0.0,0.0
20211222,2020-03-03,12:35,CAJAMARCA,PE-08,111.0,ESPECIAL,0,0.0,12.0,2020,3,1,0,0.7,0.7,3.0
20211222,2020-03-03,23:40,TACNA,PE-1SD,117.0,CHOQUE,1,1.0,23.0,2020,3,1,1,0.0,0.0,0.0
20211222,2020-03-03,15:30,ICA,PE-1S,362.0,DESPISTE,0,0.0,15.0,2020,3,1,0,0.0,0.0,0.0
20211222,2020-03-03,09:10,LA LIBERTAD,PE-1N,665.0,CHOQUE,0,1.0,9.0,2020,3,1,0,0.0,0.0,0.0
20211222,2020-03-03,09:50,CUSCO,PE-3S,1071.0,CHOQUE,0,11.0,9.0,2020,3,1,0,8.8,8.8,19.0
20211222,2020-03-04,07:00,AREQUIPA,AR-115,15.0,DESPISTE,0,8.0,7.0,2020,3,2,0,0.0,0.0,0.0
20211222,2020-03-04,10:10,LIMA,PE-1S,29.0,DESPISTE,0,0.0,10.0,2020,3,2,0,0.0,0.0,0.0
20211222,2020-03-04,09:30,UCAYALI,PE-18C,31.0,CHOQUE,0,1.0,9.0,2020,3,2,0,4.2,4.2,12.0
20211222,2020-03-04,05:35,LAMBAYEQUE,PE-08,41.0,DESPISTE,0,2.0,5.0,2020,3,2,0,0.0,0.0,0.0
20211222,2020-03-04,10:00,AREQUIPA,PE-34A,66.0,CHOQUE,0,0.0,10.0,2020,3,2,0,0.0,0.0,0.0
20211222,2020-03-04,00:30,LIMA,PE-22,85.0,CHOQUE,0,0.0,0.0,2020,3,2,0,0.0,0.0,0.0
20211222,2020-03-04,15:15,JUNIN,PE-3S,104.0,CHOQUE,0,0.0,15.0,2020,3,2,0,5.2,5.2,13.0
20211222,2020-03-04,11:28,CUSCO,CU-117,125.0,ESPECIAL,0,0.0,11.0,2020,3,2,0,3.3,3.3,10.0
20211222,2020-03-04,17:00,AREQUIPA,PE-34A,169.0,DESPISTE,0,3.0,17.0,2020,3,2,0,0.0,0.0,0.0
20211222,2020-03-04,16:40,AMAZONAS,PE-5N,308.0,DESPISTE,0,1.0,16.0,2020,3,2,0,0.8,0.8,7.0
20211222,2020-03-04,10:30,AREQUIPA,PE-1S,632.0,CHOQUE,0,0.0,10.0,2020,3,2,0,0.0,0.0,0.0
20211222,2020-03-04,07:16,LAMBAYEQUE,PE-1N,776.0,DESPISTE,0,2.0,7.0,2020,3,2,0,0.0,0.0,0.0
20211222,2020-03-04,22:00,CUSCO,PE-3S,1001.0,CHOQUE,0,3.0,22.0,2020,3,2,0,3.3,3.3,10.0
20211222,2020-03-05,11:00,HUANUCO,PE-3N,12.0,VOLCADURA,1,0.0,11.0,2020,3,3,1,0.8,0.8,7.0
20211222,2020-03-05,14:50,LIMA,PE-1S,52.0,ESPECIAL,0,0.0,14.0,2020,3,3,0,0.0,0.0,0.0
20211222,2020-03-05,15:00,PUNO,PE-34H,61.0,DESPISTE,0,0.0,15.0,2020,3,3,0,6.2,6.2,17.0
20211222,2020-03-05,19:50,LIMA,PE-1N,85.0,DESPISTE,0,0.0,19.0,2020,3,3,0,0.0,0.0,0.0
20211222,2020-03-05,05:10,JUNIN,PE-22,149.0,CHOQUE,1,4.0,5.0,2020,3,3,1,4.8,4.8,17.0
20211222,2020-03-05,18:30,APURIMAC,PE-3S,772.0,CHOQUE,0,2.0,18.0,2020,3,3,0,9.0,9.0,20.0
20211222,2020-03-05,06:00,PIURA,PE-1N,958.0,CHOQUE,1,0.0,6.0,2020,3,3,1,0.0,0.0,0.0
20211222,2020-03-06,07:45,LIMA,PE-1S,53.0,CHOQUE,0,9.0,7.0,2020,3,4,0,1.6,1.6,4.0
20211222,2020-03-06,23:35,LIMA,PE-22,97.0,CHOQUE,0,1.0,23.0,2020,3,4,0,1.6,1.6,4.0
20211222,2020-03-06,21:50,JUNIN,PE-3N,109.0,ATROPELLO,0,2.0,21.0,2020,3,4,0,2.5,2.5,12.0
20211222,2020-03-06,08:50,LIMA,PE-1N,113.0,DESPISTE,0,2.0,8.0,2020,3,4,0,1.6,1.6,4.0
20211222,2020-03-06,22:05,LIMA,PE-1S,114.0,CHOQUE,0,0.0,22.0,2020,3,4,0,1.6,1.6,4.0
20211222,2020-03-06,03:00,HUANCAVELICA,PE-28A,131.0,CHOQUE,0,0.0,3.0,2020,3,4,0,4.4,4.4,16.0
20211222,2020-03-06,07:20,TACNA,PE-1SD,189.0,DESPISTE,0,0.0,7.0,2020,3,4,0,0.0,0.0,0.0
20211222,2020-03-06,16:10,APURIMAC,PE-30A,190.0,DESPISTE,0,1.0,16.0,2020,3,4,0,5.9,5.9,10.0
20211222,2020-03-06,18:30,JUNIN,PE-24,256.0,DESPISTE,0,7.0,18.0,2020,3,4,0,2.5,2.5,12.0
20211222,2020-03-06,06:55,ANCASH,PE-1N,331.0,DESPISTE,0,1.0,6.0,2020,3,4,0,3.4,3.4,7.0
20211222,2020-03-06,10:20,MADRE DE DIOS,PE-30C,333.0,ATROPELLO,0,2.0,10.0,2020,3,4,0,2.2,2.2,4.0
20211222,2020-03-06,15:40,ANCASH,PE-1N,392.0,DESPISTE,0,0.0,15.0,2020,3,4,0,3.4,3.4,7.0
20211222,2020-03-06,18:45,AREQUIPA,PE-1S,746.0,DESPISTE,0,0.0,18.0,2020,3,4,0,3.0,3.0,6.0
20211222,2020-03-06,07:00,PIURA,PE-1N,956.0,CHOQUE,0,4.0,7.0,2020,3,4,0,0.0,0.0,0.0
20211222,2020-03-07,18:15,ICA,PE-28,1.0,CHOQUE,0,2.0,18.0,2020,3,5,0,0.0,0.0,0.0
20211222,2020-03-07,19:50,CAJAMARCA,PE-06B,15.0,ATROPELLO,0,0.0,19.0,2020,3,5,0,5.2,5.2,12.0
20211222,2020-03-07,23:00,AMAZONAS,AM-108,32.0,VOLCADURA,0,2.0,23.0,2020,3,5,0,0.3,0.3,2.0
20211222,2020-03-07,05:00,LIMA,PE-22,41.0,CHOQUE,0,0.0,5.0,2020,3,5,0,0.1,0.1,1.0
20211222,2020-03-07,10:48,TACNA,PE-30A,46.0,DESPISTE,0,0.0,10.0,2020,3,5,0,0.0,0.0,0.0
20211222,2020-03-07,12:35,JUNIN,PE-3S,74.0,DESPISTE,0,0.0,12.0,2020,3,5,0,3.4,3.4,6.0
20211222,2020-03-07,18:35,LIMA,PE-1S,96.0,ATROPELLO,0,1.0,18.0,2020,3,5,0,0.1,0.1,1.0
20211222,2020-03-07,23:20,LAMBAYEQUE,PE-1N,111.0,CHOQUE,0,0.0,23.0,2020,3,5,0,0.0,0.0,0.0
20211222,2020-03-07,22:50,CUSCO,PE-28B,153.0,CHOQUE,0,0.0,22.0,2020,3,5,0,11.1,11.1,12.0
20211222,2020-03-07,01:53,PUNO,PE-34A,198.0,ESPECIAL,0,0.0,1.0,2020,3,5,0,3.6,3.6,9.0
20211222,2020-03-07,22:10,PIURA,PE-1NJ,214.0,DESPISTE,0,1.0,22.0,2020,3,5,0,0.0,0.0,0.0
20211222,2020-03-07,06:54,SAN MARTIN,PE-5N,438.0,DESPISTE,0,2.0,6.0,2020,3,5,0,2.2,2.2,12.0
20211222,2020-03-07,23:45,SAN MARTIN,PE-5N,459.0,CHOQUE,0,3.0,23.0,2020,3,5,0,2.2,2.2,12.0
20211222,2020-03-07,20:45,CUSCO,PE-3S,885.0,DESPISTE,0,1.0,20.0,2020,3,5,0,11.1,11.1,12.0
20211222,2020-03-07,19:30,AREQUIPA,PE-1S,989.0,CHOQUE,0,2.0,19.0,2020,3,5,0,1.4,1.4,4.0
20211222,2020-03-07,07:15,TACNA,PE-1S,1121.0,CHOQUE,0,0.0,7.0,2020,3,5,0,0.0,0.0,0.0
20211222,2020-03-07,00:30,PUNO,PE-3S,1190.0,CHOQUE,1,0.0,0.0,2020,3,5,1,3.6,3.6,9.0
20211222,2020-03-08,21:15,TACNA,PE-1S,4.0,ATROPELLO,1,0.0,21.0,2020,3,6,1,0.0,0.0,0.0
20211222,2020-03-08,21:15,ANCASH,PE-14,19.0,CHOQUE,0,3.0,21.0,2020,3,6,0,4.5,4.5,16.0
20211222,2020-03-08,03:00,HUANUCO,PE-18A,20.0,ESPECIAL,0,3.0,3.0,2020,3,6,0,1.5,1.5,10.0
20211222,2020-03-08,16:30,JUNIN,PE-3S,30.0,CHOQUE,0,3.0,16.0,2020,3,6,0,7.3,7.3,13.0
20211222,2020-03-08,05:38,JUNIN,PE-3N,36.0,ATROPELLO,1,0.0,5.0,2020,3,6,1,7.3,7.3,13.0
20211222,2020-03-08,00:30,JUNIN,PE-3S,41.0,DESPISTE,0,0.0,0.0,2020,3,6,0,7.3,7.3,13.0
20211222,2020-03-08,09:25,LIMA,PE-1NE,72.0,DESPISTE,0,1.0,9.0,2020,3,6,0,0.7,0.7,4.0
20211222,2020-03-08,09:35,LIMA,PE-1S,94.0,CHOQUE,0,1.0,9.0,2020,3,6,0,0.7,0.7,4.0
20211222,2020-03-08,15:00,LIMA,PE-1S,97.0,DESPISTE,0,4.0,15.0,2020,3,6,0,0.7,0.7,4.0
20211222,2020-03-08,15:30,JUNIN,PE-22B,98.0,CHOQUE,1,0.0,15.0,2020,3,6,1,7.3,7.3,13.0
20211222,2020-03-08,23:30,AMAZONAS,PE-5N,111.0,CHOQUE,0,1.0,23.0,2020,3,6,0,0.1,0.1,1.0
20211222,2020-03-08,16:40,LIMA,PE-1N,147.0,CHOQUE,0,3.0,16.0,2020,3,6,0,0.7,0.7,4.0
20211222,2020-03-08,06:50,AREQUIPA,PE-34A,151.0,DESPISTE,0,2.0,6.0,2020,3,6,0,1.2,1.2,3.0
20211222,2020-03-08,07:30,AMAZONAS,PE-5N,189.0,DESPISTE,0,0.0,7.0,2020,3,6,0,0.1,0.1,1.0
20211222,2020-03-08,17:20,AMAZONAS,PE-5N,194.0,DESPISTE,0,0.0,17.0,2020,3,6,0,0.1,0.1,1.0
20211222,2020-03-08,05:50,APURIMAC,PE-30A,268.0,DESPISTE,0,0.0,5.0,2020,3,6,0,3.5,3.5,10.0
20211222,2020-03-08,13:00,ICA,PE-1S,271.0,DESPISTE,0,1.0,13.0,2020,3,6,0,0.0,0.0,0.0
20211222,2020-03-08,23:00,LAMBAYEQUE,PE-1N,820.0,CHOQUE,0,4.0,23.0,2020,3,6,0,0.0,0.0,0.0
20211222,2020-03-09,06:44,LIMA,PE-20A,10.0,CHOQUE,0,0.0,6.0,2020,3,0,0,0.8,0.8,3.0
20211222,2020-03-09,17:20,SAN MARTIN,PE-5NB,11.0,CHOQUE,0,2.0,17.0,2020,3,0,0,9.7,9.7,17.0
20211222,2020-03-09,20:30,PIURA,PE-36A,13.0,CHOQUE,0,1.0,20.0,2020,3,0,0,0.0,0.0,0.0
20211222,2020-03-09,21:20,LIMA,PE-1S,21.0,DESPISTE,0,1.0,21.0,2020,3,0,0,0.8,0.8,3.0
20211222,2020-03-09,05:10,ANCASH,PE-16,29.0,CHOQUE,0,2.0,5.0,2020,3,0,0,0.8,0.8,6.0
20211222,2020-03-09,07:00,UCAYALI,PE-18C,40.0,CHOQUE,0,2.0,7.0,2020,3,0,0,12.0,12.0,9.0
20211222,2020-03-09,06:20,PIURA,PE-1N,80.0,DESPISTE,0,0.0,6.0,2020,3,0,0,0.0,0.0,0.0
20211222,2020-03-09,14:50,LIMA,PE-1N,82.0,DESPISTE,0,1.0,14.0,2020,3,0,0,0.8,0.8,3.0
20211222,2020-03-09,23:30,CAJAMARCA,PE-3N,111.0,CHOQUE,0,1.0,23.0,2020,3,0,0,1.7,1.7,9.0
20211222,2020-03-09,02:30,LIMA,PE-1S,129.0,DESPISTE,0,0.0,2.0,2020,3,0,0,0.8,0.8,3.0
20211222,2020-03-09,23:10,UCAYALI,PE-18C,146.0,CHOQUE,0,1.0,23.0,2020,3,0,0,12.0,12.0,9.0
20211222,2020-03-09,03:30,ICA,PE-1S,175.0,ATROPELLO,1,1.0,3.0,2020,3,0,1,0.0,0.0,0.0
20211222,2020-03-09,12:00,HUANUCO,PE-3N,199.0,DESPISTE,0,1.0,12.0,2020,3,0,0,1.5,1.5,9.0
20211222,2020-03-09,16:00,AYACUCHO,PE-28A,280.0,DESPISTE,0,0.0,16.0,2020,3,0,0,1.3,1.3,5.0
20211222,2020-03-09,19:30,ANCASH,PE-1N,382.0,ATROPELLO,1,0.0,19.0,2020,3,0,1,0.8,0.8,6.0
20211222,2020-03-09,11:30,SAN MARTIN,PE-5N,383.0,DESPISTE,2,3.0,11.0,2020,3,0,1,9.7,9.7,17.0
20211222,2020-03-09,00:05,LA LIBERTAD,PE-1N,624.0,CHOQUE,0,15.0,0.0,2020,3,0,0,0.0,0.0,0.0
20211222,2020-03-09,00:25,LAMBAYEQUE,PE-1N,696.0,CHOQUE,0,1.0,0.0,2020,3,0,0,0.0,0.0,0.0
20211222,2020-03-09,01:30,AREQUIPA,PE-1S,961.0,CHOQUE,1,1.0,1.0,2020,3,0,1,2.6,2.6,6.0
20211222,2020-03-10,15:30,JUNIN,PE-22,13.0,DESPISTE,0,3.0,15.0,2020,3,1,0,2.4,2.4,8.0
20211222,2020-03-10,22:10,LIMA,PE-20A,25.0,CHOQUE,0,1.0,22.0,2020,3,1,0,0.1,0.1,1.0
20211222,2020-03-10,10:30,JUNIN,PE-3S,52.0,CHOQUE,0,4.0,10.0,2020,3,1,0,2.4,2.4,8.0
20211222,2020-03-10,15:15,LIMA,PE-1S,57.0,DESPISTE,0,3.0,15.0,2020,3,1,0,0.1,0.1,1.0
20211222,2020-03-10,08:30,PIURA,PE-1N,57.0,CHOQUE,0,1.0,8.0,2020,3,1,0,0.0,0.0,0.0
20211222,2020-03-10,21:00,LAMBAYEQUE,PE-1N,64.0,ATROPELLO,0,1.0,21.0,2020,3,1,0,0.0,0.0,0.0
20211222,2020-03-10,13:00,LAMBAYEQUE,PE-1N,79.0,CHOQUE,0,0.0,13.0,2020,3,1,0,0.0,0.0,0.0
20211222,2020-03-10,14:00,MOQUEGUA,PE-36A,83.0,DESPISTE,0,0.0,14.0,2020,3,1,0,0.7,0.7,2.0
20211222,2020-03-10,09:45,LIMA,PE-1N,88.0,ATROPELLO,0,1.0,9.0,2020,3,1,0,0.1,0.1,1.0
20211222,2020-03-10,07:20,HUANUCO,PE-3N,189.0,DESPISTE,0,0.0,7.0,2020,3,1,0,0.5,0.5,2.0
20211222,2020-03-10,07:10,APURIMAC,PE-30A,223.0,DESPISTE,0,0.0,7.0,2020,3,1,0,3.6,3.6,11.0
20211222,2020-03-10,13:30,AREQUIPA,PE-1S,800.0,DESPISTE,0,4.0,13.0,2020,3,1,0,0.2,0.2,2.0
20211222,2020-03-10,02:05,PIURA,PE-1N,925.0,CHOQUE,0,1.0,2.0,2020,3,1,0,0.0,0.0,0.0
20211222,2020-03-11,12:15,CAJAMARCA,PE-08,2.0,DESPISTE,0,1.0,12.0,2020,3,2,0,7.7,7.7,12.0
20211222,2020-03-11,16:17,JUNIN,PE-3S,3.0,DESPISTE,0,10.0,16.0,2020,3,2,0,2.2,2.2,12.0
20211222,2020-03-11,12:05,PUNO,PE-36B,58.0,DESPISTE,0,3.0,12.0,2020,3,2,0,14.5,12.7,14.0
20211222,2020-03-11,15:00,CAJAMARCA,PE-08,110.0,DESPISTE,0,0.0,15.0,2020,3,2,0,7.7,7.7,12.0
20211222,2020-03-11,20:10,JUNIN,PE-3S,135.0,CHOQUE,0,0.0,20.0,2020,3,2,0,2.2,2.2,12.0
20211222,2020-03-11,15:45,ANCASH,PE-16,152.0,CHOQUE,0,1.0,15.0,2020,3,2,0,0.6,0.6,4.0
20211222,2020-03-11,01:30,LA LIBERTAD,PE-10C,337.0,DESPISTE,0,2.0,1.0,2020,3,2,0,0.0,0.0,0.0
20211222,2020-03-11,18:00,AREQUIPA,PE-1S,631.0,DESPISTE,0,0.0,18.0,2020,3,2,0,8.0,8.0,7.0
20211222,2020-03-11,13:40,LAMBAYEQUE,PE-1N,891.0,DESPISTE,0,6.0,13.0,2020,3,2,0,0.0,0.0,0.0
20211222,2020-03-11,18:50,TACNA,PE-1S,1263.0,CHOQUE,0,1.0,18.0,2020,3,2,0,0.0,0.0,0.0
20211222,2020-03-12,17:35,CAJAMARCA,PE-08,4.0,ATROPELLO,0,1.0,17.0,2020,3,3,0,9.7,9.7,8.0
20211222,2020-03-12,19:00,LORETO,LO-103,8.0,CHOQUE,0,2.0,19.0,2020,3,3,0,0.6,0.6,5.0
20211222,2020-03-12,05:10,AYACUCHO,AY-102,16.0,DESPISTE,4,11.0,5.0,2020,3,3,1,9.5,9.5,5.0
20211222,2020-03-12,13:00,JUNIN,PE-3SA,21.0,DESPISTE,0,0.0,13.0,2020,3,3,0,3.0,3.0,12.0
20211222,2020-03-12,15:45,TACNA,PE-1SD,39.0,DESPISTE,0,2.0,15.0,2020,3,3,0,0.0,0.0,0.0
20211222,2020-03-12,15:40,LIMA,PE-22,65.0,CHOQUE,0,0.0,15.0,2020,3,3,0,0.0,0.0,0.0
20211222,2020-03-12,04:35,LAMBAYEQUE,PE-1N,74.0,DESPISTE,0,3.0,4.0,2020,3,3,0,0.0,0.0,0.0
20211222,2020-03-12,12:35,LIMA,PE-1S,78.0,CHOQUE,0,0.0,12.0,2020,3,3,0,0.0,0.0,0.0
20211222,2020-03-12,00:55,LIMA,PE-1S,95.0,DESPISTE,0,2.0,0.0,2020,3,3,0,0.0,0.0,0.0
20211222,2020-03-12,04:50,ANCASH,PE-16,138.0,DESPISTE,0,3.0,4.0,2020,3,3,0,5.7,5.7,6.0
20211222,2020-03-12,12:00,PIURA,PE-1N,224.0,DESPISTE,0,2.0,12.0,2020,3,3,0,0.0,0.0,0.0
20211222,2020-03-12,11:20,AMAZONAS,PE-5N,235.0,CHOQUE,0,2.0,11.0,2020,3,3,0,0.3,0.3,2.0
20211222,2020-03-12,09:20,AMAZONAS,PE-5N,241.0,CHOQUE,0,3.0,9.0,2020,3,3,0,0.3,0.3,2.0
20211222,2020-03-12,17:00,ANCASH,PE-1N,380.0,ESPECIAL,0,0.0,17.0,2020,3,3,0,5.7,5.7,6.0
20211222,2020-03-12,16:30,ANCASH,PE-1N,419.0,CHOQUE,0,1.0,16.0,2020,3,3,0,5.7,5.7,6.0
20211222,2020-03-12,13:50,SAN MARTIN,PE-5N,660.0,DESPISTE,0,3.0,13.0,2020,3,3,0,2.1,2.1,4.0
20211222,2020-03-12,14:00,CUSCO,PE-3S,1102.0,DESPISTE,0,2.0,14.0,2020,3,3,0,1.4,1.4,10.0
20211222,2020-03-13,03:15,LIMA,PE-1S,6.0,CHOQUE,1,0.0,3.0,2020,3,4,1,0.0,0.0,0.0
20211222,2020-03-13,22:32,AREQUIPA,PE-1SE,11.0,CHOQUE,0,1.0,22.0,2020,3,4,0,12.9,12.9,9.0
20211222,2020-03-13,21:45,SAN MARTIN,PE-5NB,12.0,DESPISTE,0,0.0,21.0,2020,3,4,0,4.7,4.7,5.0
20211222,2020-03-13,06:00,CUSCO,PE-28F,52.0,CHOQUE,0,4.0,6.0,2020,3,4,0,1.0,1.0,5.0
20211222,2020-03-13,14:30,JUNIN,PE-3S,139.0,CHOQUE,0,0.0,14.0,2020,3,4,0,0.8,0.8,7.0
20211222,2020-03-13,04:40,PUNO,PE-36A,183.0,ESPECIAL,1,0.0,4.0,2020,3,4,1,0.9,0.9,7.0
20211222,2020-03-13,13:00,ICA,PE-1S,235.0,DESPISTE,0,0.0,13.0,2020,3,4,0,3.0,3.0,6.0
20211222,2020-03-13,14:50,ANCASH,PE-1N,292.0,DESPISTE,0,1.0,14.0,2020,3,4,0,0.7,0.7,5.0
20211222,2020-03-13,12:10,AYACUCHO,PE-3S,416.0,CHOQUE,0,0.0,12.0,2020,3,4,0,1.0,1.0,5.0
20211222,2020-03-13,17:50,AREQUIPA,PE-1S,852.0,CHOQUE,0,0.0,17.0,2020,3,4,0,12.9,12.9,9.0
20211222,2020-03-13,21:05,CUSCO,PE-3S,949.0,DESPISTE,0,0.0,21.0,2020,3,4,0,1.0,1.0,5.0
20211222,2020-03-13,23:24,TACNA,PE-1S,1271.0,CHOQUE,0,4.0,23.0,2020,3,4,0,1.5,1.5,4.0
20211222,2020-03-14,06:13,JUNIN,PE-3S,6.0,DESPISTE,0,0.0,6.0,2020,3,5,0,9.0,9.0,19.0
20211222,2020-03-14,22:05,LIMA,PE-1N,34.0,ESPECIAL,0,0.0,22.0,2020,3,5,0,0.0,0.0,0.0
20211222,2020-03-14,19:10,LIMA,PE-22,54.0,ESPECIAL,0,1.0,19.0,2020,3,5,0,0.0,0.0,0.0
20211222,2020-03-14,18:00,JUNIN,PE-3S,56.0,CHOQUE,0,6.0,18.0,2020,3,5,0,9.0,9.0,19.0
20211222,2020-03-14,00:10,ANCASH,PE-16,96.0,DESPISTE,0,0.0,0.0,2020,3,5,0,6.6,6.6,9.0
20211222,2020-03-14,06:30,JUNIN,PE-3S,118.0,DESPISTE,0,0.0,6.0,2020,3,5,0,9.0,9.0,19.0
20211222,2020-03-14,03:55,AREQUIPA,PE-34A,133.0,CHOQUE,0,0.0,3.0,2020,3,5,0,4.1,4.1,7.0
20211222,2020-03-14,14:30,CUSCO,PE-28B,135.0,CHOQUE,0,0.0,14.0,2020,3,5,0,5.6,5.6,13.0
20211222,2020-03-14,16:13,JUNIN,PE-22,152.0,DESPISTE,0,0.0,16.0,2020,3,5,0,9.0,9.0,19.0
20211222,2020-03-14,00:20,AREQUIPA,PE-34A,160.0,DESPISTE,0,0.0,0.0,2020,3,5,0,4.1,4.1,7.0
20211222,2020-03-14,06:30,ICA,PE-1S,177.0,DESPISTE,0,6.0,6.0,2020,3,5,0,0.4,0.4,2.0
20211222,2020-03-14,12:00,PUNO,PE-34A,230.0,DESPISTE,0,0.0,12.0,2020,3,5,0,8.1,8.1,17.0
20211222,2020-03-14,14:20,ANCASH,PE-1N,351.0,DESPISTE,0,0.0,14.0,2020,3,5,0,6.6,6.6,9.0
20211222,2020-03-14,16:30,LA LIBERTAD,PE-1N,659.0,DESPISTE,0,2.0,16.0,2020,3,5,0,0.0,0.0,0.0
20211222,2020-03-14,04:30,AREQUIPA,PE-1S,962.0,CHOQUE,0,1.0,4.0,2020,3,5,0,4.1,4.1,7.0
20211222,2020-03-14,08:15,MOQUEGUA,PE-1S,1141.0,DESPISTE,0,2.0,8.0,2020,3,5,0,0.0,0.0,0.0
20211222,2020-03-14,17:50,PUNO,PE-3S,1219.0,ATROPELLO,0,1.0,17.0,2020,3,5,0,8.1,8.1,17.0
20211222,2020-03-14,14:30,PUNO,PE-3S,1243.0,CHOQUE,0,1.0,14.0,2020,3,5,0,8.1,8.1,17.0
20211222,2020-03-14,21:00,PUNO,PE-3S,1320.0,CHOQUE,0,2.0,21.0,2020,3,5,0,8.1,8.1,17.0
20211222,2020-03-15,16:30,LIMA,PE-1N,5.0,DESPISTE,1,1.0,16.0,2020,3,6,1,0.0,0.0,0.0
20211222,2020-03-15,18:20,TACNA,PE-1SD,8.0,DESPISTE,0,0.0,18.0,2020,3,6,0,0.0,0.0,0.0
20211222,2020-03-15,21:00,LORETO,LO-103,15.0,ATROPELLO,0,1.0,21.0,2020,3,6,0,9.1,9.1,6.0
20211222,2020-03-15,18:27,LAMBAYEQUE,PE-5N,20.0,DESPISTE,0,0.0,18.0,2020,3,6,0,0.0,0.0,0.0
20211222,2020-03-15,23:00,ICA,PE-3SA,26.0,DESPISTE,0,0.0,23.0,2020,3,6,0,2.4,2.4,7.0
20211222,2020-03-15,15:45,LIMA,PE-1S,32.0,DESPISTE,0,1.0,15.0,2020,3,6,0,0.0,0.0,0.0
20211222,2020-03-15,04:47,LAMBAYEQUE,PE-06A,33.0,DESPISTE,0,0.0,4.0,2020,3,6,0,0.0,0.0,0.0
20211222,2020-03-15,05:55,JUNIN,PE-3N,38.0,DESPISTE,0,0.0,5.0,2020,3,6,0,5.9,5.9,13.0
20211222,2020-03-15,08:25,LIMA,PE-1S,43.0,DESPISTE,0,1.0,8.0,2020,3,6,0,0.0,0.0,0.0
20211222,2020-03-15,22:00,LIMA,PE-22,49.0,CHOQUE,0,1.0,22.0,2020,3,6,0,0.0,0.0,0.0
20211222,2020-03-15,15:30,CUSCO,N.I.,99.0,DESPISTE,0,7.0,15.0,2020,3,6,0,3.7,3.5,10.0
20211222,2020-03-15,18:20,ANCASH,PE-14,132.0,DESPISTE,0,3.0,18.0,2020,3,6,0,4.5,4.5,6.0
20211222,2020-03-15,03:30,ICA,PE-1S,208.0,CHOQUE,0,3.0,3.0,2020,3,6,0,2.4,2.4,7.0
20211222,2020-03-15,12:40,SAN MARTIN,PE-5N,465.0,CHOQUE,2,1.0,12.0,2020,3,6,1,2.0,2.0,6.0
20211222,2020-03-15,09:00,APURIMAC,PE-3S,765.0,CHOQUE,0,2.0,9.0,2020,3,6,0,12.0,12.0,16.0
20211222,2020-03-15,20:20,AREQUIPA,PE-1S,953.0,CHOQUE,0,1.0,20.0,2020,3,6,0,3.4,3.4,9.0
20211222,2020-03-15,18:00,PUNO,PE-3S,1216.0,DESPISTE,0,1.0,18.0,2020,3,6,0,7.1,7.1,18.0
20211222,2020-03-15,09:30,PUNO,PE-3S,1348.0,DESPISTE,0,1.0,9.0,2020,3,6,0,7.1,7.1,18.0
20211222,2020-03-16,17:30,LIMA,PE-1S,70.0,DESPISTE,0,1.0,17.0,2020,3,0,0,0.0,0.0,0.0
20211222,2020-03-16,17:50,LAMBAYEQUE,PE-06A,155.0,DESPISTE,0,0.0,17.0,2020,3,0,0,0.6,0.6,2.0
20211222,2020-03-16,13:08,APURIMAC,PE-30A,167.0,CHOQUE,0,0.0,13.0,2020,3,0,0,10.5,10.5,22.0
20211222,2020-03-16,17:05,MOQUEGUA,PE-1SD,203.0,DESPISTE,0,2.0,17.0,2020,3,0,0,5.1,5.1,12.0
20211222,2020-03-16,21:30,PUNO,PE-36A,295.0,DESPISTE,0,0.0,21.0,2020,3,0,0,5.3,5.3,14.0
20211222,2020-03-16,21:20,MADRE DE DIOS,PE-30C,324.0,CHOQUE,0,0.0,21.0,2020,3,0,0,20.4,20.4,16.0
20211222,2020-03-16,13:30,ANCASH,PE-1N,337.0,DESPISTE,0,1.0,13.0,2020,3,0,0,3.9,3.9,10.0
20211222,2020-03-16,01:20,MADRE DE DIOS,PE-30C,375.0,CHOQUE,0,0.0,1.0,2020,3,0,0,20.4,20.4,16.0
20211222,2020-03-16,15:10,HUANUCO,PE-5N,462.0,CHOQUE,0,2.0,15.0,2020,3,0,0,8.3,8.3,14.0
20211222,2020-03-16,16:30,AREQUIPA,PE-1S,733.0,CHOQUE,2,8.0,16.0,2020,3,0,1,4.2,4.2,9.0
20211222,2020-03-16,06:30,AREQUIPA,PE-1S,859.0,DESPISTE,0,0.0,6.0,2020,3,0,0,4.2,4.2,9.0
20211222,2020-03-16,23:30,CUSCO,PE-3S,999.0,CHOQUE,0,0.0,23.0,2020,3,0,0,3.3,3.3,15.0
20211222,2020-03-16,21:15,PUNO,PE-3S,1355.0,CHOQUE,0,1.0,21.0,2020,3,0,0,5.3,5.3,14.0
20211222,2020-03-17,13:10,ANCASH,PE-16,4.0,CHOQUE,0,2.0,13.0,2020,3,1,0,1.6,1.6,11.0
20211222,2020-03-17,23:00,LAMBAYEQUE,PE-5N,17.0,CHOQUE,0,0.0,23.0,2020,3,1,0,0.4,0.4,3.0
20211222,2020-03-17,10:15,ANCASH,AN-107,74.0,DESPISTE,0,7.0,10.0,2020,3,1,0,1.6,1.6,11.0
20211222,2020-03-17,15:30,AREQUIPA,PE-34A,96.0,CHOQUE,0,0.0,15.0,2020,3,1,0,1.5,1.5,10.0
20211222,2020-03-17,09:30,ICA,PE-28A,163.0,DESPISTE,1,0.0,9.0,2020,3,1,1,8.4,8.4,10.0
20211222,2020-03-18,15:30,JUNIN,PE-3S,25.0,DESPISTE,0,0.0,15.0,2020,3,2,0,3.6,3.6,11.0
20211222,2020-03-18,15:30,AREQUIPA,PE-34A,87.0,DESPISTE,0,0.0,15.0,2020,3,2,0,23.1,23.1,20.0
20211222,2020-03-18,17:20,AYACUCHO,PE-3N,162.0,CHOQUE,0,2.0,17.0,2020,3,2,0,2.4,2.4,9.0
20211222,2020-03-18,09:20,AYACUCHO,PE-3S,416.0,DESPISTE,0,4.0,9.0,2020,3,2,0,2.4,2.4,9.0
20211222,2020-03-18,15:35,SAN MARTIN,PE-5N,575.0,DESPISTE,0,0.0,15.0,2020,3,2,0,9.3,9.3,16.0
20211222,2020-03-19,19:40,LIMA,PE-24,22.0,DESPISTE,0,5.0,19.0,2020,3,3,0,0.0,0.0,0.0
20211222,2020-03-19,13:35,JUNIN,PE-3N,56.0,DESPISTE,0,0.0,13.0,2020,3,3,0,11.9,11.9,15.0
20211222,2020-03-20,17:45,TACNA,PE-1SD,9.0,ESPECIAL,1,0.0,17.0,2020,3,4,1,0.8,0.8,5.0
20211222,2020-03-20,18:00,AREQUIPA,PE-34A,87.0,DESPISTE,0,0.0,18.0,2020,3,4,0,3.3,3.3,5.0
20211222,2020-03-20,10:40,PASCO,PE-3N,143.0,CHOQUE,0,0.0,10.0,2020,3,4,0,10.5,9.4,15.0
20211222,2020-03-20,00:53,LIMA,PE-1N,154.0,DESPISTE,0,1.0,0.0,2020,3,4,0,0.0,0.0,0.0
20211222,2020-03-20,18:30,PUNO,PE-3S,1400.0,CHOQUE,1,0.0,18.0,2020,3,4,1,7.7,7.7,11.0
20211222,2020-03-21,07:00,ICA,PE-1S,203.0,CHOQUE,0,2.0,7.0,2020,3,5,0,0.1,0.1,1.0
20211222,2020-03-22,10:45,TACNA,PE-36A,23.0,DESPISTE,0,1.0,10.0,2020,3,6,0,1.3,1.3,2.0
20211222,2020-03-22,15:55,ANCASH,PE-1N,279.0,DESPISTE,0,1.0,15.0,2020,3,6,0,0.1,0.1,1.0
20211222,2020-03-22,10:40,HUANUCO,PE-5N,478.0,DESPISTE,0,0.0,10.0,2020,3,6,0,8.8,8.8,22.0
20211222,2020-03-23,00:20,CUSCO,PE-34G,29.0,DESPISTE,0,8.0,0.0,2020,3,0,0,0.6,0.6,4.0
20211222,2020-03-23,04:00,HUANCAVELICA,PE-28A,95.0,DESPISTE,0,0.0,4.0,2020,3,0,0,4.7,4.7,9.0
20211222,2020-03-23,06:25,LIMA,PE-1S,126.0,ATROPELLO,1,0.0,6.0,2020,3,0,1,0.2,0.2,1.0
20211222,2020-03-23,07:40,AREQUIPA,PE-1S,863.0,DESPISTE,0,1.0,7.0,2020,3,0,0,3.3,3.3,3.0
20211222,2020-03-24,06:35,LIMA,PE-1S,102.0,DESPISTE,0,0.0,6.0,2020,3,1,0,0.0,0.0,0.0
20211222,2020-03-24,22:20,LIMA,PE-1N,202.0,ESPECIAL,0,0.0,22.0,2020,3,1,0,0.0,0.0,0.0
20211222,2020-03-24,06:10,ANCASH,PE-1N,263.0,DESPISTE,0,0.0,6.0,2020,3,1,0,8.4,8.4,3.0
20211222,2020-03-24,04:50,AREQUIPA,PE-1S,686.0,DESPISTE,0,2.0,4.0,2020,3,1,0,0.1,0.1,1.0
20211222,2020-03-24,19:50,LA LIBERTAD,PE-1N,698.0,CHOQUE,0,3.0,19.0,2020,3,1,0,0.0,0.0,0.0
20211222,2020-03-25,11:50,LIMA,PE-22,107.0,DESPISTE,0,0.0,11.0,2020,3,2,0,0.0,0.0,0.0
20211222,2020-03-26,06:50,LIMA,PE-1S,41.0,DESPISTE,0,2.0,6.0,2020,3,3,0,0.0,0.0,0.0
20211222,2020-03-26,02:40,LIMA,PE-1S,98.0,DESPISTE,0,0.0,2.0,2020,3,3,0,0.0,0.0,0.0
20211222,2020-03-26,06:05,LIMA,PE-1S,135.0,DESPISTE,0,1.0,6.0,2020,3,3,0,0.0,0.0,0.0
20211222,2020-03-26,20:30,CUSCO,PE-28B,204.0,DESPISTE,0,0.0,20.0,2020,3,3,0,3.3,3.3,12.0
20211222,2020-03-26,11:40,AREQUIPA,PE-1S,860.0,DESPISTE,0,2.0,11.0,2020,3,3,0,8.3,8.3,6.0
20211222,2020-03-26,16:00,PUNO,PE-1S,1354.0,ESPECIAL,0,1.0,16.0,2020,3,3,0,4.6,4.6,9.0
20211222,2020-03-27,19:35,LORETO,LO-103,3.0,DESPISTE,0,1.0,19.0,2020,3,4,0,2.5,2.5,7.0
20211222,2020-03-27,09:40,TACNA,PE-36A,70.0,CHOQUE,1,0.0,9.0,2020,3,4,1,0.2,0.2,2.0
20211222,2020-03-27,00:05,JUNIN,PE-3S,75.0,DESPISTE,0,0.0,0.0,2020,3,4,0,3.3,3.3,6.0
20211222,2020-03-27,19:50,LIMA,PE-1S,90.0,CHOQUE,0,1.0,19.0,2020,3,4,0,0.0,0.0,0.0
20211222,2020-03-27,14:45,HUANCAVELICA,PE-28A,168.0,DESPISTE,0,3.0,14.0,2020,3,4,0,11.2,10.9,8.0
20211222,2020-03-28,16:00,PIURA,PE-1N,6.0,CHOQUE,0,2.0,16.0,2020,3,5,0,0.0,0.0,0.0
20211222,2020-03-28,16:30,JUNIN,PE-22,29.0,DESPISTE,0,1.0,16.0,2020,3,5,0,11.4,11.4,19.0
20211222,2020-03-28,18:10,PASCO,PE-3N,138.0,CHOQUE,0,1.0,18.0,2020,3,5,0,8.0,7.3,23.0
20211222,2020-03-28,12:00,PUNO,PE-34A,227.0,DESPISTE,1,6.0,12.0,2020,3,5,1,8.7,8.7,14.0
20211222,2020-03-28,00:10,LAMBAYEQUE,PE-1N,828.0,DESPISTE,0,0.0,0.0,2020,3,5,0,0.0,0.0,0.0
20211222,2020-03-29,05:30,AREQUIPA,PE-1SE,24.0,DESPISTE,0,0.0,5.0,2020,3,6,0,1.0,1.0,3.0
20211222,2020-03-29,19:00,HUANCAVELICA,PE-28A,144.0,DESPISTE,0,0.0,19.0,2020,3,6,0,5.0,5.0,16.0
20211222,2020-03-29,22:50,JUNIN,PE-22,154.0,DESPISTE,0,0.0,22.0,2020,3,6,0,11.0,11.0,21.0
20211222,2020-03-29,06:50,LIMA,PE-1N,199.0,DESPISTE,0,0.0,6.0,2020,3,6,0,0.0,0.0,0.0
20211222,2020-03-29,08:15,APURIMAC,PE-3S,771.0,CHOQUE,0,1.0,8.0,2020,3,6,0,5.4,5.4,16.0
20211222,2020-03-29,12:30,SAN MARTIN,PE-5N,810.0,DESPISTE,0,0.0,12.0,2020,3,6,0,1.5,1.5,8.0
20211222,2020-03-29,11:00,PUNO,PE-3S,1308.0,CHOQUE,0,2.0,11.0,2020,3,6,0,8.5,8.5,15.0
20211222,2020-03-30,18:30,CUSCO,PE-3SY,60.0,DESPISTE,0,0.0,18.0,2020,3,0,0,0.9,0.9,7.0
20211222,2020-03-30,08:10,APURIMAC,PE-30A,141.0,DESPISTE,0,2.0,8.0,2020,3,0,0,7.8,7.8,21.0
20211222,2020-03-31,18:20,LIMA,PE-1N,4.0,DESPISTE,0,0.0,18.0,2020,3,1,0,6.3,6.3,8.0
20211222,2020-03-31,10:30,HUANUCO,PE-5N,521.0,DESPISTE,0,1.0,10.0,2020,3,1,0,5.6,5.6,14.0
20211222,2020-03-31,14:30,ANCASH,PE-3N,589.0,CHOQUE,0,0.0,14.0,2020,3,1,0,28.7,28.7,18.0
20211222,2020-03-31,21:35,LAMBAYEQUE,PE-1N,766.0,CHOQUE,0,1.0,21.0,2020,3,1,0,0.3,0.3,2.0
20211222,2020-03-31,15:45,JUNIN,PE-3S,,DESPISTE,0,2.0,15.0,2020,3,1,0,3.2,3.2,10.0
20211222,2020-04-01,11:50,JUNIN,PE-3N,8.0,DESPISTE,0,0.0,11.0,2020,4,2,0,4.1,4.1,14.0
20211222,2020-04-01,N.I.,LIMA,PE-1N,22.0,DESPISTE,0,0.0,,2020,4,2,0,0.5,0.5,2.0
20211222,2020-04-01,18:50,JUNIN,PE-3N,27.0,DESPISTE,0,2.0,18.0,2020,4,2,0,4.1,4.1,14.0
20211222,2020-04-01,10:45,LAMBAYEQUE,PE-5N,33.0,DESPISTE,0,0.0,10.0,2020,4,2,0,3.9,3.9,9.0
20211222,2020-04-01,21:46,CAJAMARCA,PE-08B,37.0,DESPISTE,0,0.0,21.0,2020,4,2,0,12.1,12.1,17.0
20211222,2020-04-01,17:30,JUNIN,PE-22,133.0,CHOQUE,0,1.0,17.0,2020,4,2,0,4.1,4.1,14.0
20211222,2020-04-01,06:00,ANCASH,PE-1N,384.0,CHOQUE,0,2.0,6.0,2020,4,2,0,4.4,4.4,17.0
20211222,2020-04-01,16:30,APURIMAC,PE-3S,752.0,DESPISTE,2,0.0,16.0,2020,4,2,1,0.6,0.6,5.0
20211222,2020-04-02,19:00,TACNA,PE-1SD,69.0,DESPISTE,0,0.0,19.0,2020,4,3,0,0.2,0.2,1.0
20211222,2020-04-02,09:30,JUNIN,PE-1N,126.0,DESPISTE,0,2.0,9.0,2020,4,3,0,1.5,1.5,11.0
20211222,2020-04-02,07:00,LIMA,PE-1N,185.0,CHOQUE,0,3.0,7.0,2020,4,3,0,0.0,0.0,0.0
20211222,2020-04-02,22:10,ANCASH,PE-1N,247.0,CHOQUE,2,1.0,22.0,2020,4,3,1,1.2,1.2,7.0
20211222,2020-04-03,18:00,LIMA,PE-1N,64.0,CHOQUE,0,0.0,18.0,2020,4,4,0,0.0,0.0,0.0
20211222,2020-04-03,17:00,TACNA,PE-1SD,197.0,DESPISTE,0,0.0,17.0,2020,4,4,0,0.0,0.0,0.0
20211222,2020-04-03,21:30,ICA,PE-1S,225.0,DESPISTE,0,1.0,21.0,2020,4,4,0,0.0,0.0,0.0
20211222,2020-04-03,12:30,PUNO,PE-36A,254.0,DESPISTE,0,0.0,12.0,2020,4,4,0,0.7,0.7,5.0
20211222,2020-04-03,09:30,LAMBAYEQUE,PE-1N,844.0,DESPISTE,0,2.0,9.0,2020,4,4,0,0.0,0.0,0.0
20211222,2020-04-03,09:30,AREQUIPA,PE-1S,908.0,DESPISTE,0,0.0,9.0,2020,4,4,0,0.0,0.0,0.0
20211222,2020-04-04,N.I.,LIMA,PE-1S,16.0,DESPISTE,0,1.0,,2020,4,5,0,0.0,0.0,0.0
20211222,2020-04-04,09:30,LORETO,LO-103,57.0,DESPISTE,0,3.0,9.0,2020,4,5,0,38.3,38.3,20.0
20211222,2020-04-05,18:40,APURIMAC,PE-3S,398.0,DESPISTE,0,0.0,18.0,2020,4,6,0,1.5,1.5,5.0
20211222,2020-04-06,07:45,LORETO,LO-103,3.0,CHOQUE,0,2.0,7.0,2020,4,0,0,1.0,1.0,6.0
20211222,2020-04-06,01:45,PIURA,PE-1N,21.0,DESPISTE,0,0.0,1.0,2020,4,0,0,0.0,0.0,0.0
20211222,2020-04-06,18:50,ANCASH,AN-110,34.0,DESPISTE,0,0.0,18.0,2020,4,0,0,2.5,2.5,5.0
20211222,2020-04-06,17:30,JUNIN,PE-3SB,82.0,DESPISTE,0,0.0,17.0,2020,4,0,0,2.0,2.0,9.0
20211222,2020-04-06,14:20,LIMA,PE-1S,147.0,DESPISTE,0,1.0,14.0,2020,4,0,0,0.0,0.0,0.0
20211222,2020-04-06,16:15,PIURA,PE-1N,920.0,DESPISTE,0,1.0,16.0,2020,4,0,0,0.0,0.0,0.0
20211222,2020-04-06,08:30,MOQUEGUA,PE-1S,1121.0,DESPISTE,0,2.0,8.0,2020,4,0,0,0.0,0.0,0.0
20211222,2020-04-07,23:00,LIMA,PE-1N,123.0,CHOQUE,0,0.0,23.0,2020,4,1,0,0.0,0.0,0.0
20211222,2020-04-07,17:50,ANCASH,PE-1N,264.0,DESPISTE,0,0.0,17.0,2020,4,1,0,0.6,0.6,4.0
20211222,2020-04-07,16:40,LAMBAYEQUE,PE-1N,755.0,DESPISTE,0,4.0,16.0,2020,4,1,0,8.9,8.9,6.0
20211222,2020-04-08,14:00,LIMA,PE-22,69.0,CHOQUE,0,5.0,14.0,2020,4,2,0,0.0,0.0,0.0
20211222,2020-04-08,16:20,ICA,PE-1S,199.0,CHOQUE,0,1.0,16.0,2020,4,2,0,0.0,0.0,0.0
20211222,2020-04-08,12:15,PUNO,PE-34H,,CHOQUE,0,2.0,12.0,2020,4,2,0,0.8,0.8,6.0
20211222,2020-04-09,13:10,JUNIN,PE-3S,0.0,DESPISTE,0,0.0,13.0,2020,4,3,0,7.0,7.0,19.0
20211222,2020-04-09,10:30,AYACUCHO,PE-3N,116.0,DESPISTE,0,0.0,10.0,2020,4,3,0,0.2,0.2,2.0
20211222,2020-04-10,04:40,LIMA,PE-1S,20.0,DESPISTE,0,0.0,4.0,2020,4,4,0,0.0,0.0,0.0
20211222,2020-04-10,23:00,LIMA,PE-1N,149.0,CHOQUE,0,0.0,23.0,2020,4,4,0,0.0,0.0,0.0
20211222,2020-04-10,06:45,ICA,N.I.,253.0,DESPISTE,0,1.0,6.0,2020,4,4,0,0.0,0.0,0.0
20211222,2020-04-10,04:25,ANCASH,PE-1N,256.0,DESPISTE,0,0.0,4.0,2020,4,4,0,1.0,1.0,7.0
20211222,2020-04-10,21:30,CUSCO,PE-28B,,ESPECIAL,0,0.0,21.0,2020,4,4,0,9.9,9.9,11.0
20211222,2020-04-11,13:19,AYACUCHO,PE-30A,200.0,DESPISTE,0,0.0,13.0,2020,4,5,0,0.0,0.0,0.0
20211222,2020-04-12,07:40,UCAYALI,PE-18C,12.0,DESPISTE,0,0.0,7.0,2020,4,6,0,6.1,6.1,10.0
20211222,2020-04-12,16:45,LIMA,PE-1N,108.0,DESPISTE,0,2.0,16.0,2020,4,6,0,0.0,0.0,0.0
20211222,2020-04-12,14:40,LIMA,PE-1N,129.0,DESPISTE,0,1.0,14.0,2020,4,6,0,0.0,0.0,0.0
20211222,2020-04-13,22:00,LIMA,PE-1N,186.0,ATROPELLO,1,0.0,22.0,2020,4,0,1,0.0,0.0,0.0
20211222,2020-04-13,06:30,LA LIBERTAD,PE-1N,585.0,CHOQUE,0,1.0,6.0,2020,4,0,0,0.0,0.0,0.0
20211222,2020-04-14,17:20,PUNO,PE-34H,53.0,CHOQUE,0,2.0,17.0,2020,4,1,0,0.0,0.0,0.0
20211222,2020-04-14,08:00,APURIMAC,PE-30A,173.0,DESPISTE,0,0.0,8.0,2020,4,1,0,0.0,0.0,0.0
20211222,2020-04-14,11:05,ICA,PE-1S,314.0,DESPISTE,0,1.0,11.0,2020,4,1,0,0.0,0.0,0.0
20211222,2020-04-15,23:30,JUNIN,PE-3N,15.0,CHOQUE,1,1.0,23.0,2020,4,2,1,1.6,1.6,1.0
20211222,2020-04-15,14:00,AREQUIPA,PE-34A,52.0,DESPISTE,0,0.0,14.0,2020,4,2,0,0.0,0.0,0.0
20211222,2020-04-15,09:30,AREQUIPA,PE-34E,80.0,DESPISTE,0,2.0,9.0,2020,4,2,0,0.0,0.0,0.0
20211222,2020-04-15,19:30,ANCASH,PE-1N,264.0,DESPISTE,0,1.0,19.0,2020,4,2,0,0.5,0.5,3.0
20211222,2020-04-15,05:20,AYACUCHO,PE-28A,295.0,DESPISTE,0,0.0,5.0,2020,4,2,0,0.0,0.0,0.0
20211222,2020-04-16,19:00,LIMA,PE-1S,67.0,DESPISTE,0,0.0,19.0,2020,4,3,0,0.0,0.0,0.0
20211222,2020-04-16,04:30,PUNO,PE-34A,227.0,DESPISTE,0,0.0,4.0,2020,4,3,0,2.7,2.4,7.0
20211222,2020-04-17,19:50,JUNIN,PE-3N,48.0,ATROPELLO,0,0.0,19.0,2020,4,4,0,3.3,3.3,8.0
20211222,2020-04-17,01:15,PIURA,PE-1N,1084.0,DESPISTE,0,1.0,1.0,2020,4,4,0,0.0,0.0,0.0
20211222,2020-04-18,05:50,JUNIN,PE-22B,48.0,DESPISTE,0,0.0,5.0,2020,4,5,0,1.7,1.7,11.0
20211222,2020-04-18,21:10,LIMA,PE-1S,59.0,DESPISTE,0,0.0,21.0,2020,4,5,0,0.0,0.0,0.0
20211222,2020-04-18,17:20,LIMA,PE-22,102.0,DESPISTE,0,1.0,17.0,2020,4,5,0,0.0,0.0,0.0
20211222,2020-04-18,04:20,LIMA,PE-1S,117.0,DESPISTE,0,0.0,4.0,2020,4,5,0,0.0,0.0,0.0
20211222,2020-04-18,05:50,LIMA,PE-1S,118.0,DESPISTE,0,0.0,5.0,2020,4,5,0,0.0,0.0,0.0
20211222,2020-04-18,12:00,LA LIBERTAD,PE-1N,572.0,DESPISTE,0,0.0,12.0,2020,4,5,0,0.0,0.0,0.0
20211222,2020-04-18,00:40,AREQUIPA,PE-1S,807.0,DESPISTE,0,0.0,0.0,2020,4,5,0,0.0,0.0,0.0
20211222,2020-04-19,05:40,LIMA,PE-1S,28.0,DESPISTE,0,0.0,5.0,2020,4,6,0,0.0,0.0,0.0
20211222,2020-04-19,04:50,JUNIN,PE-3S,57.0,VOLCADURA,0,0.0,4.0,2020,4,6,0,0.7,0.7,6.0
20211222,2020-04-19,16:40,AREQUIPA,PE-1S,630.0,DESPISTE,0,0.0,16.0,2020,4,6,0,0.0,0.0,0.0
20211222,2020-04-20,19:00,JUNIN,PE-3SA,539.0,DESPISTE,0,1.0,19.0,2020,4,0,0,0.0,0.0,0.0
20211222,2020-04-21,00:10,ICA,PE-30,9.0,DESPISTE,0,0.0,0.0,2020,4,1,0,0.0,0.0,0.0
20211222,2020-04-21,15:20,CAJAMARCA,PE-3NB,71.0,DESPISTE,0,0.0,15.0,2020,4,1,0,0.8,0.8,5.0
20211222,2020-04-22,18:00,ANCASH,PE-1N,371.0,DESPISTE,0,1.0,18.0,2020,4,2,0,0.1,0.1,1.0
20211222,2020-04-22,20:25,ICA,PE-1S,458.0,ESPECIAL,0,0.0,20.0,2020,4,2,0,0.0,0.0,0.0
20211222,2020-04-22,13:00,CUSCO,PE-3S,925.0,DESPISTE,0,0.0,13.0,2020,4,2,0,0.3,0.3,3.0
20211222,2020-04-23,06:10,LIMA,PE-1S,29.0,DESPISTE,0,0.0,6.0,2020,4,3,0,0.0,0.0,0.0
20211222,2020-04-23,17:38,CUSCO,PE-3S,913.0,DESPISTE,1,0.0,17.0,2020,4,3,1,1.9,1.9,9.0
20211222,2020-04-23,17:00,CUSCO,PE-3S,934.0,DESPISTE,0,0.0,17.0,2020,4,3,0,1.9,1.9,9.0
20211222,2020-04-24,19:15,LIMA,PE-22,58.0,DESPISTE,0,0.0,19.0,2020,4,4,0,0.0,0.0,0.0
20211222,2020-04-24,22:20,PUNO,PE-3S,65.0,DESPISTE,0,0.0,22.0,2020,4,4,0,0.5,0.5,4.0
20211222,2020-04-24,14:30,LIMA,PE-1S,153.0,CHOQUE,1,4.0,14.0,2020,4,4,1,0.0,0.0,0.0
20211222,2020-04-24,06:25,ANCASH,PE-1N,247.0,CHOQUE,0,1.0,6.0,2020,4,4,0,0.3,0.3,2.0
20211222,2020-04-24,01:30,ICA,PE-1S,450.0,DESPISTE,0,0.0,1.0,2020,4,4,0,0.0,0.0,0.0
20211222,2020-04-24,12:30,AREQUIPA,PE-1S,603.0,DESPISTE,0,0.0,12.0,2020,4,4,0,0.0,0.0,0.0
20211222,2020-04-24,06:40,AREQUIPA,PE-1S,620.0,DESPISTE,0,1.0,6.0,2020,4,4,0,0.0,0.0,0.0
20211222,2020-04-25,09:30,LIMA,PE-1N,16.0,DESPISTE,0,0.0,9.0,2020,4,5,0,0.0,0.0,0.0
20211222,2020-04-25,06:00,PIURA,PE-1N,76.0,DESPISTE,0,1.0,6.0,2020,4,5,0,0.0,0.0,0.0
20211222,2020-04-25,10:50,ICA,PE-1S,183.0,DESPISTE,0,0.0,10.0,2020,4,5,0,0.0,0.0,0.0
20211222,2020-04-25,05:50,ANCASH,PE-1N,386.0,ATROPELLO,1,0.0,5.0,2020,4,5,1,0.6,0.6,6.0
20211222,2020-04-25,17:30,PUNO,PE-3S,,CHOQUE,0,1.0,17.0,2020,4,5,0,5.1,5.1,7.0
20211222,2020-04-26,15:00,APURIMAC,PE-3S,837.0,DESPISTE,0,1.0,15.0,2020,4,6,0,6.9,6.9,12.0
20211222,2020-04-27,17:00,JUNIN,PE-3S,20.0,DESPISTE,0,0.0,17.0,2020,4,0,0,2.0,2.0,9.0
20211222,2020-04-27,11:40,JUNIN,PE-22,138.0,DESPISTE,0,0.0,11.0,2020,4,0,0,2.0,2.0,9.0
20211222,2020-04-27,18:30,HUANUCO,PE-3N,250.0,CHOQUE,0,0.0,18.0,2020,4,0,0,0.1,0.1,1.0
20211222,2020-04-28,06:30,JUNIN,PE-22,0.0,DESPISTE,0,0.0,6.0,2020,4,1,0,0.1,0.1,1.0
20211222,2020-04-28,20:38,LIMA,PE-1NA,16.0,DESPISTE,0,0.0,20.0,2020,4,1,0,0.0,0.0,0.0
20211222,2020-04-28,N.I.,LIMA,PE-1N,79.0,CHOQUE,0,5.0,,2020,4,1,0,0.0,0.0,0.0
20211222,2020-04-28,07:00,LIMA,PE-1N,83.0,ESPECIAL,0,0.0,7.0,2020,4,1,0,0.0,0.0,0.0
20211222,2020-04-28,18:00,LIMA,PE-22,100.0,CHOQUE,0,0.0,18.0,2020,4,1,0,0.0,0.0,0.0
20211222,2020-04-29,05:55,MOQUEGUA,PE-36A,28.0,DESPISTE,0,0.0,5.0,2020,4,2,0,0.0,0.0,0.0
20211222,2020-04-29,05:30,AMAZONAS,PE-5N,266.0,DESPISTE,0,1.0,5.0,2020,4,2,0,0.7,0.7,6.0
20211222,2020-04-30,19:15,LIMA,PE-1N,16.0,DESPISTE,0,0.0,19.0,2020,4,3,0,0.1,0.1,1.0
20211222,2020-04-30,06:50,LIMA,PE-1S,55.0,DESPISTE,0,0.0,6.0,2020,4,3,0,0.1,0.1,1.0
20211222,2020-04-30,13:25,LIMA,PE-1N,76.0,DESPISTE,0,1.0,13.0,2020,4,3,0,0.1,0.1,1.0
20211222,2020-04-30,00:40,LIMA,PE-22,114.0,DESPISTE,0,1.0,0.0,2020,4,3,0,0.1,0.1,1.0
20211222,2020-04-30,06:05,LIMA,PE-1N,115.0,ESPECIAL,0,0.0,6.0,2020,4,3,0,0.1,0.1,1.0
20211222,2020-04-30,16:00,HUANUCO,PE-3N,126.0,DESPISTE,0,0.0,16.0,2020,4,3,0,2.1,2.1,10.0
20211222,2020-04-30,07:10,MOQUEGUA,PE-1S,1202.0,DESPISTE,0,0.0,7.0,2020,4,3,0,0.0,0.0,0.0
20211222,2020-05-01,02:45,JUNIN,PE-3N,15.0,DESPISTE,0,0.0,2.0,2020,5,4,0,12.3,12.3,16.0
20211222,2020-05-01,05:30,LIMA,PE-1N,215.0,ATROPELLO,2,6.0,5.0,2020,5,4,1,0.4,0.4,1.0
20211222,2020-05-01,13:10,ICA,PE-1S,252.0,ATROPELLO,1,0.0,13.0,2020,5,4,1,0.7,0.7,2.0
20211222,2020-05-02,22:30,SAN MARTIN,PE-5N,81.0,DESPISTE,0,2.0,22.0,2020,5,5,0,2.4,2.4,4.0
20211222,2020-05-02,10:20,LIMA,PE-1S,93.0,DESPISTE,0,1.0,10.0,2020,5,5,0,0.0,0.0,0.0
20211222,2020-05-02,11:45,ICA,PE-1S,175.0,DESPISTE,0,0.0,11.0,2020,5,5,0,0.0,0.0,0.0
20211222,2020-05-03,01:00,LIMA,PE-1S,30.0,CHOQUE,0,1.0,1.0,2020,5,6,0,0.0,0.0,0.0
20211222,2020-05-04,04:30,LIMA,PE-1NA,16.0,DESPISTE,0,0.0,4.0,2020,5,0,0,0.0,0.0,0.0
20211222,2020-05-04,20:41,JUNIN,PE-3SA,19.0,DESPISTE,0,0.0,20.0,2020,5,0,0,2.8,2.8,7.0
20211222,2020-05-04,07:30,LIMA,PE-1S,73.0,DESPISTE,0,0.0,7.0,2020,5,0,0,0.0,0.0,0.0
20211222,2020-05-04,17:10,ANCASH,PE-16,141.0,DESPISTE,0,3.0,17.0,2020,5,0,0,7.5,7.5,17.0
20211222,2020-05-04,20:52,MADRE DE DIOS,PE-30C,300.0,DESPISTE,0,3.0,20.0,2020,5,0,0,6.2,6.2,11.0
20211222,2020-05-04,15:00,MADRE DE DIOS,PE-30C,419.0,DESPISTE,0,0.0,15.0,2020,5,0,0,6.2,6.2,11.0
20211222,2020-05-04,07:00,PIURA,PE-1N,985.0,CHOQUE,1,0.0,7.0,2020,5,0,1,2.1,2.1,4.0
20211222,2020-05-05,07:00,CUSCO,PE-28B,104.0,DESPISTE,0,0.0,7.0,2020,5,1,0,0.7,0.7,2.0
20211222,2020-05-05,19:47,LIMA,PE-22,105.0,DESPISTE,0,0.0,19.0,2020,5,1,0,0.0,0.0,0.0
20211222,2020-05-05,05:45,ANCASH,PE-1N,235.0,CHOQUE,0,2.0,5.0,2020,5,1,0,3.2,3.2,6.0
20211222,2020-05-06,07:05,LIMA,PE-1N,98.0,DESPISTE,0,0.0,7.0,2020,5,2,0,0.0,0.0,0.0
20211222,2020-05-06,21:05,ANCASH,PE-12A,100.0,DESPISTE,1,2.0,21.0,2020,5,2,1,0.9,0.9,5.0
20211222,2020-05-06,12:03,AREQUIPA,PE-1S,671.0,DESPISTE,0,0.0,12.0,2020,5,2,0,0.0,0.0,0.0
20211222,2020-05-06,07:15,TACNA,PE-1S,1246.0,DESPISTE,0,0.0,7.0,2020,5,2,0,0.0,0.0,0.0
20211222,2020-05-07,14:29,AREQUIPA,PE-34A,38.0,CHOQUE,0,1.0,14.0,2020,5,3,0,0.0,0.0,0.0
20211222,2020-05-07,17:40,JUNIN,PE-3N,56.0,DESPISTE,0,3.0,17.0,2020,5,3,0,8.6,8.6,13.0
20211222,2020-05-07,07:30,TUMBES,PE-1N,193.0,CHOQUE,1,0.0,7.0,2020,5,3,1,0.4,0.4,3.0
20211222,2020-05-08,07:40,LA LIBERTAD,PE-08,34.0,DESPISTE,0,0.0,7.0,2020,5,4,0,0.0,0.0,0.0
20211222,2020-05-08,18:30,PIURA,PE-1N,126.0,DESPISTE,0,1.0,18.0,2020,5,4,0,0.0,0.0,0.0
20211222,2020-05-08,11:30,AYACUCHO,PE-3N,144.0,DESPISTE,0,0.0,11.0,2020,5,4,0,0.0,0.0,0.0
20211222,2020-05-09,17:10,UCAYALI,PE-18C,17.0,CHOQUE,0,3.0,17.0,2020,5,5,0,0.0,0.0,0.0
20211222,2020-05-09,09:00,JUNIN,PE-3S,62.0,DESPISTE,1,0.0,9.0,2020,5,5,1,0.3,0.3,3.0
20211222,2020-05-09,23:55,ANCASH,PE-1N,274.0,VOLCADURA,0,0.0,23.0,2020,5,5,0,2.8,2.8,4.0
20211222,2020-05-09,08:35,SAN MARTIN,PE-5N,585.0,DESPISTE,0,0.0,8.0,2020,5,5,0,0.3,0.3,3.0
20211222,2020-05-09,14:30,APURIMAC,PE-3S,766.0,ATROPELLO,0,1.0,14.0,2020,5,5,0,0.2,0.2,2.0
20211222,2020-05-10,02:30,MOQUEGUA,PE-36A,62.0,DESPISTE,0,0.0,2.0,2020,5,6,0,0.0,0.0,0.0
20211222,2020-05-10,05:30,LIMA,PE-1N,108.0,DESPISTE,0,3.0,5.0,2020,5,6,0,0.0,0.0,0.0
20211222,2020-05-10,20:15,ANCASH,PE-1N,403.0,ESPECIAL,0,0.0,20.0,2020,5,6,0,0.6,0.6,3.0
20211222,2020-05-11,14:00,PIURA,PE-1N,42.0,DESPISTE,0,0.0,14.0,2020,5,0,0,0.0,0.0,0.0
20211222,2020-05-11,07:25,ICA,PE-1SJ,198.0,CHOQUE,0,1.0,7.0,2020,5,0,0,0.0,0.0,0.0
20211222,2020-05-11,19:00,APURIMAC,PE-3S,753.0,VOLCADURA,0,2.0,19.0,2020,5,0,0,0.0,0.0,0.0
20211222,2020-05-11,20:00,ANCASH,PE-3N,845.0,DESPISTE,0,0.0,20.0,2020,5,0,0,1.4,1.4,10.0
20211222,2020-05-12,06:50,LIMA,PE-1NA,20.0,DESPISTE,0,0.0,6.0,2020,5,1,0,0.0,0.0,0.0
20211222,2020-05-12,17:50,JUNIN,PE-22B,46.0,DESPISTE,0,2.0,17.0,2020,5,1,0,0.0,0.0,0.0
20211222,2020-05-12,16:10,JUNIN,PE-5S,55.0,DESPISTE,1,1.0,16.0,2020,5,1,1,0.0,0.0,0.0
20211222,2020-05-12,12:00,AMAZONAS,PE-5N,220.0,CHOQUE,0,1.0,12.0,2020,5,1,0,6.2,6.2,9.0
20211222,2020-05-12,23:45,AREQUIPA,PE-1S,578.0,DESPISTE,0,0.0,23.0,2020,5,1,0,0.0,0.0,0.0
20211222,2020-05-12,05:20,PIURA,PE-1NL,1048.0,DESPISTE,0,0.0,5.0,2020,5,1,0,0.2,0.2,1.0
20211222,2020-05-13,06:15,LIMA,PE-1S,73.0,CHOQUE,2,3.0,6.0,2020,5,2,1,0.0,0.0,0.0
20211222,2020-05-13,08:42,AYACUCHO,PE-30A,102.0,DESPISTE,0,0.0,8.0,2020,5,2,0,0.0,0.0,0.0
20211222,2020-05-13,21:50,APURIMAC,PE-30A,391.0,VOLCADURA,0,0.0,21.0,2020,5,2,0,0.0,0.0,0.0
20211222,2020-05-13,18:30,AREQUIPA,PE-1S,569.0,DESPISTE,0,1.0,18.0,2020,5,2,0,0.0,0.0,0.0
20211222,2020-05-13,10:20,AREQUIPA,PE-1S,862.0,DESPISTE,0,1.0,10.0,2020,5,2,0,0.0,0.0,0.0
20211222,2020-05-14,07:50,LIMA,PE-1N,111.0,CHOQUE,2,3.0,7.0,2020,5,3,1,0.0,0.0,0.0
20211222,2020-05-14,12:30,LAMBAYEQUE,PE-06A,181.0,DESPISTE,0,2.0,12.0,2020,5,3,0,0.0,0.0,0.0
20211222,2020-05-14,01:16,LA LIBERTAD,PE-1N,476.0,CHOQUE,0,0.0,1.0,2020,5,3,0,0.0,0.0,0.0
20211222,2020-05-14,13:30,AREQUIPA,PE-1S,603.0,DESPISTE,0,0.0,13.0,2020,5,3,0,0.0,0.0,0.0
20211222,2020-05-14,19:10,AREQUIPA,PE-1S,729.0,CHOQUE,0,1.0,19.0,2020,5,3,0,0.0,0.0,0.0
20211222,2020-05-15,22:00,TACNA,PE-36A,30.0,DESPISTE,0,0.0,22.0,2020,5,4,0,0.0,0.0,0.0
20211222,2020-05-15,15:19,JUNIN,PE-3S,31.0,DESPISTE,0,0.0,15.0,2020,5,4,0,2.0,2.0,6.0
20211222,2020-05-15,09:00,LIMA,PE-1N,52.0,CHOQUE,0,0.0,9.0,2020,5,4,0,0.0,0.0,0.0
20211222,2020-05-15,04:20,JUNIN,PE-22,70.0,DESPISTE,0,0.0,4.0,2020,5,4,0,2.0,2.0,6.0
20211222,2020-05-15,18:00,ICA,PE-1S,275.0,CHOQUE,1,0.0,18.0,2020,5,4,1,0.0,0.0,0.0
20211222,2020-05-16,09:20,JUNIN,PE-22,38.0,DESPISTE,0,2.0,9.0,2020,5,5,0,1.3,1.3,11.0
20211222,2020-05-16,10:45,HUANUCO,PE-18A,49.0,DESPISTE,0,0.0,10.0,2020,5,5,0,1.6,1.6,10.0
20211222,2020-05-17,01:45,JUNIN,PE-3N,47.0,DESPISTE,0,0.0,1.0,2020,5,6,0,0.2,0.2,2.0
20211222,2020-05-17,14:00,JUNIN,PE-22B,65.0,DESPISTE,0,0.0,14.0,2020,5,6,0,0.2,0.2,2.0
20211222,2020-05-17,16:00,PUNO,PE-34A,204.0,DESPISTE,0,0.0,16.0,2020,5,6,0,1.4,1.4,8.0
20211222,2020-05-18,11:20,AREQUIPA,AR-115,3.0,DESPISTE,0,0.0,11.0,2020,5,0,0,0.0,0.0,0.0
20211222,2020-05-18,09:45,LIMA,PE-1S,50.0,DESPISTE,0,3.0,9.0,2020,5,0,0,0.0,0.0,0.0
20211222,2020-05-19,04:50,CAJAMARCA,PE-08,89.0,DESPISTE,0,0.0,4.0,2020,5,1,0,0.0,0.0,0.0
20211222,2020-05-19,18:55,JUNIN,PE-3S,106.0,CHOQUE,0,0.0,18.0,2020,5,1,0,0.2,0.2,2.0
20211222,2020-05-20,06:40,JUNIN,PE-5S,76.0,CHOQUE,0,2.0,6.0,2020,5,2,0,0.7,0.7,3.0
20211222,2020-05-20,06:00,LIMA,PE-1S,149.0,CHOQUE,0,1.0,6.0,2020,5,2,0,0.0,0.0,0.0
20211222,2020-05-20,16:00,ICA,PE-1S,184.0,DESPISTE,0,3.0,16.0,2020,5,2,0,0.0,0.0,0.0
20211222,2020-05-20,04:50,MADRE DE DIOS,PE-30A,416.0,DESPISTE,0,0.0,4.0,2020,5,2,0,0.5,0.5,4.0
20211222,2020-05-21,10:50,AREQUIPA,AR-109,3.0,DESPISTE,0,0.0,10.0,2020,5,3,0,0.0,0.0,0.0
20211222,2020-05-21,05:30,LAMBAYEQUE,PE-1NJ,126.0,DESPISTE,0,8.0,5.0,2020,5,3,0,0.0,0.0,0.0
20211222,2020-05-21,11:30,HUANCAVELICA,PE-3S,156.0,CHOQUE,1,1.0,11.0,2020,5,3,1,0.5,0.5,3.0
20211222,2020-05-21,04:45,LIMA,PE-1N,169.0,DESPISTE,0,0.0,4.0,2020,5,3,0,0.1,0.1,1.0
20211222,2020-05-21,09:00,PUNO,PE-30A,247.0,DESPISTE,0,1.0,9.0,2020,5,3,0,0.0,0.0,0.0
20211222,2020-05-21,07:05,ANCASH,PE-1N,417.0,CHOQUE,1,1.0,7.0,2020,5,3,1,0.7,0.7,5.0
20211222,2020-05-22,14:35,LIMA,PE-1S,68.0,DESPISTE,0,0.0,14.0,2020,5,4,0,0.2,0.2,2.0
20211222,2020-05-22,06:00,LIMA,PE-1N,90.0,DESPISTE,0,0.0,6.0,2020,5,4,0,0.2,0.2,2.0
20211222,2020-05-22,06:00,AREQUIPA,PE-34A,137.0,DESPISTE,0,0.0,6.0,2020,5,4,0,0.0,0.0,0.0
20211222,2020-05-22,21:00,CUSCO,PE-28B,170.0,DESPISTE,0,2.0,21.0,2020,5,4,0,0.4,0.4,4.0
20211222,2020-05-23,12:30,PIURA,PE-1N,3.0,CHOQUE,0,0.0,12.0,2020,5,5,0,0.0,0.0,0.0
20211222,2020-05-23,17:20,LORETO,LO-103,14.0,ATROPELLO,0,1.0,17.0,2020,5,5,0,3.4,3.4,9.0
20211222,2020-05-23,04:40,LA LIBERTAD,PE-08,32.0,ATROPELLO,0,0.0,4.0,2020,5,5,0,0.0,0.0,0.0
20211222,2020-05-23,11:00,LIMA,PE-22,111.0,DESPISTE,0,0.0,11.0,2020,5,5,0,0.0,0.0,0.0
20211222,2020-05-23,21:20,LIMA,PE-1N,192.0,DESPISTE,0,0.0,21.0,2020,5,5,0,0.0,0.0,0.0
20211222,2020-05-23,07:40,AREQUIPA,PE-1S,776.0,DESPISTE,0,3.0,7.0,2020,5,5,0,0.0,0.0,0.0
20211222,2020-05-23,07:30,PUNO,PE-3S,1352.0,CHOQUE,0,1.0,7.0,2020,5,5,0,0.0,0.0,0.0
20211222,2020-05-24,15:40,LIMA,PE-22,107.0,CHOQUE,0,2.0,15.0,2020,5,6,0,0.0,0.0,0.0
20211222,2020-05-24,07:20,JUNIN,PE-3N,135.0,DESPISTE,0,1.0,7.0,2020,5,6,0,3.3,3.3,9.0
20211222,2020-05-24,23:10,AREQUIPA,PE-1S,770.0,CHOQUE,0,0.0,23.0,2020,5,6,0,0.0,0.0,0.0
20211222,2020-05-24,22:40,PUNO,PE-3S,1289.0,DESPISTE,0,1.0,22.0,2020,5,6,0,0.0,0.0,0.0
20211222,2020-05-25,03:25,LIMA,PE-1N,7.0,DESPISTE,0,0.0,3.0,2020,5,0,0,0.0,0.0,0.0
20211222,2020-05-25,07:00,LIMA,PE-1N,53.0,CHOQUE,0,1.0,7.0,2020,5,0,0,0.0,0.0,0.0
20211222,2020-05-25,11:30,LIMA,PE-22,96.0,DESPISTE,0,0.0,11.0,2020,5,0,0,0.0,0.0,0.0
20211222,2020-05-25,08:05,LIMA,PE-22,128.0,DESPISTE,0,1.0,8.0,2020,5,0,0,0.0,0.0,0.0
20211222,2020-05-25,08:30,AREQUIPA,PE-34A,151.0,DESPISTE,0,0.0,8.0,2020,5,0,0,0.0,0.0,0.0
20211222,2020-05-25,09:15,PUNO,PE-34A,187.0,DESPISTE,0,0.0,9.0,2020,5,0,0,0.0,0.0,0.0
20211222,2020-05-26,10:00,UCAYALI,PE-18C,8.0,CHOQUE,0,2.0,10.0,2020,5,1,0,0.0,0.0,0.0
20211222,2020-05-26,10:30,LIMA,PE-1N,46.0,DESPISTE,0,0.0,10.0,2020,5,1,0,0.0,0.0,0.0
20211222,2020-05-26,07:15,LIMA,PE-22,111.0,DESPISTE,0,0.0,7.0,2020,5,1,0,0.0,0.0,0.0
20211222,2020-05-26,07:30,JUNIN,PE-22B,113.0,DESPISTE,0,0.0,7.0,2020,5,1,0,0.4,0.4,4.0
20211222,2020-05-26,17:00,LIMA,PE-1S,133.0,CHOQUE,2,2.0,17.0,2020,5,1,1,0.0,0.0,0.0
20211222,2020-05-26,00:45,ANCASH,PE-1N,301.0,DESPISTE,0,0.0,0.0,2020,5,1,0,0.0,0.0,0.0
20211222,2020-05-26,21:50,ANCASH,PE-1N,336.0,DESPISTE,1,0.0,21.0,2020,5,1,1,0.0,0.0,0.0
20211222,2020-05-26,06:30,SAN MARTIN,PE-5N,485.0,CHOQUE,0,3.0,6.0,2020,5,1,0,0.9,0.9,7.0
20211222,2020-05-27,07:00,ICA,PE-1S,194.0,CHOQUE,0,0.0,7.0,2020,5,2,0,0.0,0.0,0.0
20211222,2020-05-27,12:30,APURIMAC,PE-30A,282.0,DESPISTE,0,2.0,12.0,2020,5,2,0,0.0,0.0,0.0
20211222,2020-05-27,23:10,ANCASH,PE-1N,371.0,ATROPELLO,1,0.0,23.0,2020,5,2,1,0.0,0.0,0.0
20211222,2020-05-27,12:55,LA LIBERTAD,PE-1N,486.0,VOLCADURA,0,1.0,12.0,2020,5,2,0,0.0,0.0,0.0
20211222,2020-05-27,01:40,AREQUIPA,PE-1S,777.0,DESPISTE,0,0.0,1.0,2020,5,2,0,0.0,0.0,0.0
20211222,2020-05-28,14:00,HUANCAVELICA,HV-101,3.0,DESPISTE,1,1.0,14.0,2020,5,3,1,0.0,0.0,0.0
20211222,2020-05-28,14:55,PUNO,PE-34H,6.0,CHOQUE,1,0.0,14.0,2020,5,3,1,0.0,0.0,0.0
20211222,2020-05-28,11:15,LIMA,PE-1S,90.0,DESPISTE,0,0.0,11.0,2020,5,3,0,0.0,0.0,0.0
20211222,2020-05-28,21:30,LIMA,PE-22,94.0,ESPECIAL,0,0.0,21.0,2020,5,3,0,0.0,0.0,0.0
20211222,2020-05-28,04:30,HUANUCO,PE-3N,270.0,DESPISTE,0,2.0,4.0,2020,5,3,0,0.0,0.0,0.0
20211222,2020-05-28,20:30,APURIMAC,PE-30A,432.0,DESPISTE,4,0.0,20.0,2020,5,3,1,0.0,0.0,0.0
20211222,2020-05-29,04:40,LIMA,PE-1S,24.0,DESPISTE,0,2.0,4.0,2020,5,4,0,0.0,0.0,0.0
20211222,2020-05-29,12:50,JUNIN,PE-3S,101.0,DESPISTE,0,1.0,12.0,2020,5,4,0,0.0,0.0,0.0
20211222,2020-05-29,17:40,ANCASH,PE-1N,335.0,DESPISTE,0,0.0,17.0,2020,5,4,0,0.0,0.0,0.0
20211222,2020-05-29,10:30,ANCASH,PE-1N,337.0,ESPECIAL,0,0.0,10.0,2020,5,4,0,0.0,0.0,0.0
20211222,2020-05-29,18:40,LA LIBERTAD,PE-1N,600.0,ESPECIAL,0,1.0,18.0,2020,5,4,0,0.0,0.0,0.0
20211222,2020-05-29,21:30,LA LIBERTAD,PE-1N,656.0,ATROPELLO,1,0.0,21.0,2020,5,4,1,0.0,0.0,0.0
20211222,2020-05-30,20:20,CUSCO,PE-34G,10.0,CHOQUE,0,1.0,20.0,2020,5,5,0,0.0,0.0,0.0
20211222,2020-05-30,10:30,PIURA,PE-1N,66.0,CHOQUE,0,0.0,10.0,2020,5,5,0,0.0,0.0,0.0
20211222,2020-05-30,04:20,ANCASH,PE-14,113.0,DESPISTE,0,0.0,4.0,2020,5,5,0,0.0,0.0,0.0
20211222,2020-05-30,17:15,JUNIN,PE-22,155.0,ATROPELLO,0,1.0,17.0,2020,5,5,0,0.0,0.0,0.0
20211222,2020-05-30,23:00,LIMA,PE-1N,178.0,DESPISTE,0,0.0,23.0,2020,5,5,0,0.0,0.0,0.0
20211222,2020-05-30,16:20,ICA,PE-1S,281.0,ATROPELLO,0,5.0,16.0,2020,5,5,0,0.0,0.0,0.0
20211222,2020-05-30,11:30,ICA,PE-1S,434.0,DESPISTE,0,2.0,11.0,2020,5,5,0,0.0,0.0,0.0
20211222,2020-05-30,20:15,MADRE DE DIOS,PE-30C,454.0,DESPISTE,3,0.0,20.0,2020,5,5,1,0.0,0.0,0.0
20211222,2020-05-30,15:45,PUNO,PE-3S,,DESPISTE,0,1.0,15.0,2020,5,5,0,0.0,0.0,0.0
20211222,2020-05-31,22:35,ANCASH,PE-1N,335.0,ESPECIAL,0,0.0,22.0,2020,5,6,0,0.5,0.5,3.0
20211222,2020-05-31,21:30,APURIMAC,PE-30,370.0,DESPISTE,0,0.0,21.0,2020,5,6,0,0.0,0.0,0.0
20211222,2020-05-31,04:50,AYACUCHO,PE-3S,411.0,DESPISTE,1,0.0,4.0,2020,5,6,1,0.0,0.0,0.0
20211222,2020-05-31,18:14,SAN MARTIN,PE-5N,471.0,DESPISTE,0,0.0,18.0,2020,5,6,0,1.4,1.4,9.0
20211222,2020-06-01,13:40,MOQUEGUA,PE-36A,55.0,DESPISTE,0,0.0,13.0,2020,6,0,0,0.0,0.0,0.0
20211222,2020-06-01,04:50,JUNIN,PE-22,141.0,CHOQUE,0,2.0,4.0,2020,6,0,0,0.1,0.1,1.0
20211222,2020-06-01,13:55,LIMA,PE-1S,153.0,DESPISTE,0,1.0,13.0,2020,6,0,0,0.0,0.0,0.0
20211222,2020-06-02,17:50,JUNIN,PE-3S,46.0,DESPISTE,0,0.0,17.0,2020,6,1,0,0.1,0.1,1.0
20211222,2020-06-02,15:30,LAMBAYEQUE,PE-1NJ,150.0,DESPISTE,0,0.0,15.0,2020,6,1,0,0.0,0.0,0.0
20211222,2020-06-02,09:40,ANCASH,PE-1N,237.0,DESPISTE,0,2.0,9.0,2020,6,1,0,0.0,0.0,0.0
20211222,2020-06-02,16:55,APURIMAC,PE-30A,254.0,DESPISTE,0,2.0,16.0,2020,6,1,0,0.0,0.0,0.0
20211222,2020-06-02,11:20,ANCASH,PE-1N,343.0,DESPISTE,0,0.0,11.0,2020,6,1,0,0.0,0.0,0.0
20211222,2020-06-02,11:45,CUSCO,PE-3S,1083.0,CHOQUE,0,1.0,11.0,2020,6,1,0,0.0,0.0,0.0
20211222,2020-06-03,07:00,LA LIBERTAD,PE-10A,18.0,DESPISTE,0,1.0,7.0,2020,6,2,0,0.0,0.0,0.0
20211222,2020-06-03,20:00,PUNO,PE-34H,38.0,CHOQUE,1,1.0,20.0,2020,6,2,1,0.0,0.0,0.0
20211222,2020-06-03,08:00,LAMBAYEQUE,PE-1NJ,40.0,CHOQUE,0,0.0,8.0,2020,6,2,0,0.0,0.0,0.0
20211222,2020-06-03,06:30,UCAYALI,PE-18C,54.0,CHOQUE,1,4.0,6.0,2020,6,2,1,9.5,9.5,11.0
20211222,2020-06-03,21:45,CAJAMARCA,PE-08,60.0,DESPISTE,0,0.0,21.0,2020,6,2,0,0.1,0.1,1.0
20211222,2020-06-03,00:45,LIMA,PE-1N,103.0,DESPISTE,0,0.0,0.0,2020,6,2,0,0.0,0.0,0.0
20211222,2020-06-03,09:40,PIURA,PE-1NJ,196.0,CHOQUE,0,0.0,9.0,2020,6,2,0,0.0,0.0,0.0
20211222,2020-06-03,18:15,ICA,PE-1S,379.0,CHOQUE,0,7.0,18.0,2020,6,2,0,0.0,0.0,0.0
20211222,2020-06-03,23:45,AREQUIPA,PE-1S,522.0,DESPISTE,0,0.0,23.0,2020,6,2,0,0.0,0.0,0.0
20211222,2020-06-03,16:00,LAMBAYEQUE,PE-1N,704.0,CHOQUE,0,1.0,16.0,2020,6,2,0,0.0,0.0,0.0
20211222,2020-06-04,21:00,PUNO,PE-3S,7.0,DESPISTE,0,1.0,21.0,2020,6,3,0,0.0,0.0,0.0
20211222,2020-06-04,03:50,AREQUIPA,PE-1SD,32.0,DESPISTE,1,0.0,3.0,2020,6,3,1,0.0,0.0,0.0
20211222,2020-06-04,05:30,TACNA,PE-36A,47.0,CHOQUE,1,1.0,5.0,2020,6,3,1,0.0,0.0,0.0
20211222,2020-06-04,17:40,JUNIN,PE-22B,74.0,CHOQUE,0,0.0,17.0,2020,6,3,0,0.0,0.0,0.0
20211222,2020-06-04,11:00,LIMA,PE-1S,99.0,CHOQUE,0,1.0,11.0,2020,6,3,0,0.0,0.0,0.0
20211222,2020-06-04,13:25,MADRE DE DIOS,PE-30C,324.0,DESPISTE,0,1.0,13.0,2020,6,3,0,1.5,1.5,6.0
20211222,2020-06-04,12:40,ANCASH,PE-1N,404.0,DESPISTE,0,1.0,12.0,2020,6,3,0,0.0,0.0,0.0
20211222,2020-06-04,17:30,AREQUIPA,PE-1S,775.0,DESPISTE,0,0.0,17.0,2020,6,3,0,0.0,0.0,0.0
20211222,2020-06-04,11:40,AREQUIPA,PE-1S,811.0,DESPISTE,0,3.0,11.0,2020,6,3,0,0.0,0.0,0.0
20211222,2020-06-05,09:40,PIURA,PI-102,18.0,CHOQUE,0,0.0,9.0,2020,6,4,0,0.0,0.0,0.0
20211222,2020-06-05,06:50,LIMA,PE-1NE,27.0,DESPISTE,1,0.0,6.0,2020,6,4,1,0.0,0.0,0.0
20211222,2020-06-05,07:30,LIMA,PE-1S,56.0,DESPISTE,0,0.0,7.0,2020,6,4,0,0.0,0.0,0.0
20211222,2020-06-05,15:55,LIMA,PE-22,97.0,CHOQUE,0,0.0,15.0,2020,6,4,0,0.0,0.0,0.0
20211222,2020-06-05,07:40,JUNIN,PE-22B,101.0,CHOQUE,0,2.0,7.0,2020,6,4,0,0.5,0.5,4.0
20211222,2020-06-05,11:45,JUNIN,PE-3N,138.0,CHOQUE,0,0.0,11.0,2020,6,4,0,0.5,0.5,4.0
20211222,2020-06-05,15:30,LAMBAYEQUE,PE-1NJ,148.0,CHOQUE,0,0.0,15.0,2020,6,4,0,0.0,0.0,0.0
20211222,2020-06-05,07:00,LIMA,PE-1N,157.0,CHOQUE,0,1.0,7.0,2020,6,4,0,0.0,0.0,0.0
20211222,2020-06-05,17:20,AMAZONAS,PE-5N,304.0,CHOQUE,0,2.0,17.0,2020,6,4,0,3.7,3.7,8.0
20211222,2020-06-05,04:40,ANCASH,PE-1N,402.0,CHOQUE,0,1.0,4.0,2020,6,4,0,0.9,0.9,3.0
20211222,2020-06-05,04:30,LA LIBERTAD,PE-1N,530.0,DESPISTE,0,1.0,4.0,2020,6,4,0,0.0,0.0,0.0
20211222,2020-06-05,02:30,LAMBAYEQUE,PE-1N,817.0,CHOQUE,0,3.0,2.0,2020,6,4,0,0.0,0.0,0.0
20211222,2020-06-06,17:40,CAJAMARCA,PE-08,126.0,DESPISTE,0,0.0,17.0,2020,6,5,0,0.9,0.9,5.0
20211222,2020-06-06,23:45,CUSCO,PE-28B,204.0,DESPISTE,0,1.0,23.0,2020,6,5,0,0.3,0.3,3.0
20211222,2020-06-06,04:20,PUNO,PE-34A,245.0,DESPISTE,0,1.0,4.0,2020,6,5,0,0.1,0.1,1.0
20211222,2020-06-06,08:30,AYACUCHO,PE-3S,444.0,DESPISTE,0,0.0,8.0,2020,6,5,0,0.1,0.1,1.0
20211222,2020-06-06,21:30,AREQUIPA,PE-1S,541.0,DESPISTE,0,0.0,21.0,2020,6,5,0,0.0,0.0,0.0
20211222,2020-06-06,18:40,AREQUIPA,PE-1S,633.0,DESPISTE,0,1.0,18.0,2020,6,5,0,0.0,0.0,0.0
20211222,2020-06-07,19:20,LIMA,PE-22,121.0,DESPISTE,0,0.0,19.0,2020,6,6,0,0.0,0.0,0.0
20211222,2020-06-07,03:50,LIMA,PE-1S,124.0,ESPECIAL,0,0.0,3.0,2020,6,6,0,0.0,0.0,0.0
20211222,2020-06-07,14:50,LIMA,PE-1S,125.0,DESPISTE,0,1.0,14.0,2020,6,6,0,0.0,0.0,0.0
20211222,2020-06-07,01:00,JUNIN,PE-22,141.0,DESPISTE,0,0.0,1.0,2020,6,6,0,0.0,0.0,0.0
20211222,2020-06-07,22:30,AREQUIPA,PE-1S,763.0,DESPISTE,0,0.0,22.0,2020,6,6,0,0.0,0.0,0.0
20211222,2020-06-08,01:45,PIURA,PE-1N,47.0,DESPISTE,0,2.0,1.0,2020,6,0,0,0.0,0.0,0.0
20211222,2020-06-08,19:20,PUNO,PE-34H,48.0,CHOQUE,0,1.0,19.0,2020,6,0,0,0.2,0.2,1.0
20211222,2020-06-08,23:30,LIMA,PE-1S,131.0,DESPISTE,0,0.0,23.0,2020,6,0,0,0.0,0.0,0.0
20211222,2020-06-08,05:20,LIMA,PE-1N,168.0,CHOQUE,0,2.0,5.0,2020,6,0,0,0.0,0.0,0.0
20211222,2020-06-08,11:00,LIMA,PE-1N,204.0,CHOQUE,0,0.0,11.0,2020,6,0,0,0.0,0.0,0.0
20211222,2020-06-08,14:15,ANCASH,PE-1N,246.0,DESPISTE,0,1.0,14.0,2020,6,0,0,0.0,0.0,0.0
20211222,2020-06-08,05:50,AYACUCHO,PE-3S,441.0,ESPECIAL,0,0.0,5.0,2020,6,0,0,0.0,0.0,0.0
20211222,2020-06-08,00:10,PIURA,PE-1N,928.0,CHOQUE,0,1.0,0.0,2020,6,0,0,0.0,0.0,0.0
20211222,2020-06-08,17:30,PUNO,PE-3S,1230.0,DESPISTE,1,1.0,17.0,2020,6,0,1,0.2,0.2,1.0
20211222,2020-06-08,19:30,PUNO,PE-3S,1284.0,CHOQUE,0,0.0,19.0,2020,6,0,0,0.2,0.2,1.0
20211222,2020-06-09,14:40,CUSCO,PE-34F,8.0,CHOQUE,0,1.0,14.0,2020,6,1,0,0.6,0.6,5.0
20211222,2020-06-09,05:40,JUNIN,PE-3N,25.0,DESPISTE,0,2.0,5.0,2020,6,1,0,0.2,0.2,2.0
20211222,2020-06-09,19:00,LAMBAYEQUE,PE-1NJ,64.0,DESPISTE,0,1.0,19.0,2020,6,1,0,0.0,0.0,0.0
20211222,2020-06-09,15:10,JUNIN,PE-3S,73.0,DESPISTE,0,0.0,15.0,2020,6,1,0,0.2,0.2,2.0
20211222,2020-06-09,09:11,LIMA,PE-22,99.0,ESPECIAL,0,0.0,9.0,2020,6,1,0,0.0,0.0,0.0
20211222,2020-06-09,20:11,PASCO,PE-3N,139.0,CHOQUE,0,2.0,20.0,2020,6,1,0,0.0,0.0,0.0
20211222,2020-06-09,15:00,AYACUCHO,PE-3N,139.0,CHOQUE,0,2.0,15.0,2020,6,1,0,0.0,0.0,0.0
20211222,2020-06-09,16:30,AREQUIPA,PE-34A,145.0,CHOQUE,0,0.0,16.0,2020,6,1,0,0.0,0.0,0.0
20211222,2020-06-09,18:50,ICA,PE-1S,209.0,ATROPELLO,1,0.0,18.0,2020,6,1,1,0.0,0.0,0.0
20211222,2020-06-09,05:15,ANCASH,PE-1N,313.0,CHOQUE,0,0.0,5.0,2020,6,1,0,0.0,0.0,0.0
20211222,2020-06-09,14:45,MADRE DE DIOS,PE-30C,314.0,ATROPELLO,0,1.0,14.0,2020,6,1,0,0.1,0.1,1.0
20211222,2020-06-09,03:57,APURIMAC,PE-3S,797.0,DESPISTE,0,0.0,3.0,2020,6,1,0,0.2,0.2,2.0
20211222,2020-06-10,20:10,LA LIBERTAD,PE-10A,20.0,ATROPELLO,0,1.0,20.0,2020,6,2,0,0.0,0.0,0.0
20211222,2020-06-10,04:00,LIMA,PE-1S,57.0,DESPISTE,0,0.0,4.0,2020,6,2,0,0.0,0.0,0.0
20211222,2020-06-10,15:35,LIMA,PE-22,65.0,ESPECIAL,0,0.0,15.0,2020,6,2,0,0.0,0.0,0.0
20211222,2020-06-10,11:00,HUANUCO,PE-18A,90.0,DESPISTE,0,0.0,11.0,2020,6,2,0,0.0,0.0,0.0
20211222,2020-06-10,17:30,AYACUCHO,PE-30A,102.0,DESPISTE,0,1.0,17.0,2020,6,2,0,0.0,0.0,0.0
20211222,2020-06-10,04:50,JUNIN,PE-22,149.0,CHOQUE,0,0.0,4.0,2020,6,2,0,0.1,0.1,1.0
20211222,2020-06-10,07:00,JUNIN,PE-22,166.0,DESPISTE,0,0.0,7.0,2020,6,2,0,0.1,0.1,1.0
20211222,2020-06-10,16:30,APURIMAC,PE-30A,182.0,DESPISTE,0,0.0,16.0,2020,6,2,0,0.3,0.3,2.0
20211222,2020-06-10,16:30,ICA,PE-1S,207.0,CHOQUE,0,2.0,16.0,2020,6,2,0,0.0,0.0,0.0
20211222,2020-06-10,16:38,ANCASH,PE-3N,221.0,CHOQUE,0,1.0,16.0,2020,6,2,0,0.0,0.0,0.0
20211222,2020-06-10,07:00,LA LIBERTAD,PE-1N,515.0,CHOQUE,2,0.0,7.0,2020,6,2,1,0.0,0.0,0.0
20211222,2020-06-10,06:10,PUNO,PE-3S,1284.0,DESPISTE,0,0.0,6.0,2020,6,2,0,0.0,0.0,0.0
20211222,2020-06-11,14:30,LIMA,PE-1N,16.0,DESPISTE,0,0.0,14.0,2020,6,3,0,0.0,0.0,0.0
20211222,2020-06-11,03:50,LIMA,PE-1NE,27.0,DESPISTE,0,1.0,3.0,2020,6,3,0,0.0,0.0,0.0
20211222,2020-06-11,21:30,JUNIN,PE-5S,34.0,CHOQUE,1,1.0,21.0,2020,6,3,1,1.0,1.0,5.0
20211222,2020-06-11,05:30,LIMA,PE-1S,48.0,CHOQUE,0,1.0,5.0,2020,6,3,0,0.0,0.0,0.0
20211222,2020-06-11,16:30,LIMA,PE-1N,62.0,DESPISTE,0,2.0,16.0,2020,6,3,0,0.0,0.0,0.0
20211222,2020-06-11,16:30,APURIMAC,PE-30A,306.0,DESPISTE,1,0.0,16.0,2020,6,3,1,0.8,0.8,5.0
20211222,2020-06-11,14:00,AYACUCHO,PE-3S,450.0,DESPISTE,0,4.0,14.0,2020,6,3,0,0.0,0.0,0.0
20211222,2020-06-11,16:40,LAMBAYEQUE,PE-1N,787.0,CHOQUE,0,1.0,16.0,2020,6,3,0,0.0,0.0,0.0
20211222,2020-06-11,06:30,LAMBAYEQUE,PE-1N,829.0,DESPISTE,0,0.0,6.0,2020,6,3,0,0.0,0.0,0.0
20211222,2020-06-12,18:40,JUNIN,PE-3N,13.0,CHOQUE,0,0.0,18.0,2020,6,4,0,0.0,0.0,0.0
20211222,2020-06-12,20:00,LIMA,PE-1S,32.0,ATROPELLO,1,0.0,20.0,2020,6,4,1,0.0,0.0,0.0
20211222,2020-06-12,11:00,LIMA,PE-22,65.0,DESPISTE,0,0.0,11.0,2020,6,4,0,0.0,0.0,0.0
20211222,2020-06-12,11:30,LIMA,PE-1S,141.0,CHOQUE,0,1.0,11.0,2020,6,4,0,0.0,0.0,0.0
20211222,2020-06-12,15:25,LIMA,PE-1N,158.0,CHOQUE,1,1.0,15.0,2020,6,4,1,0.0,0.0,0.0
20211222,2020-06-12,05:45,AMAZONAS,PE-5N,286.0,DESPISTE,0,0.0,5.0,2020,6,4,0,0.0,0.0,0.0
20211222,2020-06-12,16:40,PUNO,PE-3S,1284.0,DESPISTE,0,1.0,16.0,2020,6,4,0,0.0,0.0,0.0
20211222,2020-06-13,10:30,ANCASH,PE-16,12.0,ESPECIAL,0,0.0,10.0,2020,6,5,0,0.4,0.4,3.0
20211222,2020-06-13,14:30,LIMA,PE-1N,16.0,DESPISTE,0,1.0,14.0,2020,6,5,0,0.0,0.0,0.0
20211222,2020-06-13,09:45,LIMA,PE-1N,104.0,ATROPELLO,1,0.0,9.0,2020,6,5,1,0.0,0.0,0.0
20211222,2020-06-13,11:45,LIMA,PE-1N,155.0,ATROPELLO,1,0.0,11.0,2020,6,5,1,0.0,0.0,0.0
20211222,2020-06-13,20:40,ICA,PE-1S,243.0,CHOQUE,0,1.0,20.0,2020,6,5,0,0.0,0.0,0.0
20211222,2020-06-13,08:30,ICA,PE-1S,385.0,CHOQUE,0,7.0,8.0,2020,6,5,0,0.0,0.0,0.0
20211222,2020-06-13,21:20,SAN MARTIN,PE-5N,471.0,DESPISTE,0,1.0,21.0,2020,6,5,0,0.0,0.0,0.0
20211222,2020-06-13,21:30,AREQUIPA,PE-1S,608.0,DESPISTE,0,0.0,21.0,2020,6,5,0,0.0,0.0,0.0
20211222,2020-06-14,12:45,ANCASH,PE-16,52.0,DESPISTE,0,1.0,12.0,2020,6,6,0,0.1,0.1,1.0
20211222,2020-06-14,17:50,LIMA,PE-22,125.0,DESPISTE,1,0.0,17.0,2020,6,6,1,0.0,0.0,0.0
20211222,2020-06-14,11:15,CUSCO,PE-28B,175.0,DESPISTE,0,2.0,11.0,2020,6,6,0,0.0,0.0,0.0
20211222,2020-06-15,17:30,AREQUIPA,PE-34E,2.0,CHOQUE,0,0.0,17.0,2020,6,0,0,0.0,0.0,0.0
20211222,2020-06-15,07:35,CUSCO,PE-34G,8.0,DESPISTE,0,0.0,7.0,2020,6,0,0,0.0,0.0,0.0
20211222,2020-06-15,01:40,JUNIN,PE-3N,49.0,DESPISTE,0,3.0,1.0,2020,6,0,0,0.2,0.2,2.0
20211222,2020-06-15,13:00,CAJAMARCA,PE-3NB,51.0,DESPISTE,0,0.0,13.0,2020,6,0,0,0.0,0.0,0.0
20211222,2020-06-15,08:40,PUNO,PE-34A,245.0,DESPISTE,0,0.0,8.0,2020,6,0,0,0.2,0.2,2.0
20211222,2020-06-15,10:30,PUNO,PE-34A,290.0,CHOQUE,1,2.0,10.0,2020,6,0,1,0.2,0.2,2.0
20211222,2020-06-15,08:10,ANCASH,PE-1N,398.0,CHOQUE,0,1.0,8.0,2020,6,0,0,0.0,0.0,0.0
20211222,2020-06-15,05:30,PIURA,PE-1N,997.0,CHOQUE,0,4.0,5.0,2020,6,0,0,0.0,0.0,0.0
20211222,2020-06-15,07:10,PUNO,PE-3S,1353.0,DESPISTE,0,0.0,7.0,2020,6,0,0,0.2,0.2,2.0
20211222,2020-06-16,16:40,TACNA,PE-38,68.0,DESPISTE,1,10.0,16.0,2020,6,1,1,0.0,0.0,0.0
20211222,2020-06-16,00:30,LIMA,PE-22,91.0,CHOQUE,0,3.0,0.0,2020,6,1,0,0.0,0.0,0.0
20211222,2020-06-16,03:40,LIMA,PE-22,107.0,DESPISTE,0,0.0,3.0,2020,6,1,0,0.0,0.0,0.0
20211222,2020-06-16,21:10,AREQUIPA,PE-34A,181.0,DESPISTE,0,0.0,21.0,2020,6,1,0,0.0,0.0,0.0
20211222,2020-06-16,14:30,LIMA,PE-1N,182.0,CHOQUE,0,1.0,14.0,2020,6,1,0,0.0,0.0,0.0
20211222,2020-06-16,07:15,ANCASH,PE-1N,237.0,DESPISTE,0,0.0,7.0,2020,6,1,0,0.1,0.1,1.0
20211222,2020-06-16,05:10,SAN MARTIN,PE-5N,608.0,ATROPELLO,1,0.0,5.0,2020,6,1,1,0.5,0.5,3.0
20211222,2020-06-17,13:30,HUANUCO,PE-18A,19.0,CHOQUE,1,0.0,13.0,2020,6,2,1,0.0,0.0,0.0
20211222,2020-06-17,03:00,LIMA,PE-1S,84.0,DESPISTE,0,0.0,3.0,2020,6,2,0,1.3,1.3,8.0
20211222,2020-06-17,09:00,LIMA,PE-1S,164.0,CHOQUE,0,1.0,9.0,2020,6,2,0,1.3,1.3,8.0
20211222,2020-06-17,08:30,LIMA,PE-1N,203.0,DESPISTE,0,0.0,8.0,2020,6,2,0,1.3,1.3,8.0
20211222,2020-06-18,04:30,LIMA,PE-1N,16.0,CHOQUE,0,0.0,4.0,2020,6,3,0,0.3,0.3,3.0
20211222,2020-06-18,06:55,JUNIN,PE-22B,83.0,DESPISTE,0,0.0,6.0,2020,6,3,0,0.2,0.2,2.0
20211222,2020-06-18,05:15,LIMA,PE-1S,125.0,DESPISTE,0,1.0,5.0,2020,6,3,0,0.3,0.3,3.0
20211222,2020-06-18,14:25,LIMA,PE-1N,186.0,CHOQUE,0,0.0,14.0,2020,6,3,0,0.3,0.3,3.0
20211222,2020-06-18,08:00,AMAZONAS,PE-5N,333.0,DESPISTE,0,1.0,8.0,2020,6,3,0,0.0,0.0,0.0
20211222,2020-06-18,06:30,AYACUCHO,PE-3S,481.0,DESPISTE,0,0.0,6.0,2020,6,3,0,0.0,0.0,0.0
20211222,2020-06-18,09:30,PUNO,PE-3S,1332.0,DESPISTE,0,2.0,9.0,2020,6,3,0,0.0,0.0,0.0
20211222,2020-06-19,N.I.,LIMA,PE-1N,78.0,CHOQUE,1,2.0,,2020,6,4,1,0.0,0.0,0.0
20211222,2020-06-19,21:40,LIMA,PE-1S,126.0,ESPECIAL,0,0.0,21.0,2020,6,4,0,0.0,0.0,0.0
20211222,2020-06-19,10:57,APURIMAC,PE-30A,335.0,DESPISTE,0,0.0,10.0,2020,6,4,0,5.5,5.5,12.0
20211222,2020-06-19,22:45,AREQUIPA,PE-1S,730.0,DESPISTE,0,0.0,22.0,2020,6,4,0,0.0,0.0,0.0
20211222,2020-06-19,16:45,PIURA,PE-1NL,1059.0,DESPISTE,0,2.0,16.0,2020,6,4,0,0.0,0.0,0.0
20211222,2020-06-19,03:45,MOQUEGUA,PE-1S,1143.0,DESPISTE,0,0.0,3.0,2020,6,4,0,0.0,0.0,0.0
20211222,2020-06-19,15:40,PUNO,PE-3S,1300.0,CHOQUE,1,0.0,15.0,2020,6,4,1,0.0,0.0,0.0
20211222,2020-06-19,17:40,PUNO,PE-3S,1353.0,ATROPELLO,0,1.0,17.0,2020,6,4,0,0.0,0.0,0.0
20211222,2020-06-20,06:00,JUNIN,PE-3S,5.0,DESPISTE,0,0.0,6.0,2020,6,5,0,0.0,0.0,0.0
20211222,2020-06-20,N.I.,LIMA,PE-1N,10.0,CHOQUE,0,0.0,,2020,6,5,0,0.0,0.0,0.0
20211222,2020-06-20,00:00,CAJAMARCA,PE-3NB,37.0,DESPISTE,0,1.0,0.0,2020,6,5,0,0.0,0.0,0.0
20211222,2020-06-20,07:25,LIMA,PE-1S,108.0,DESPISTE,0,2.0,7.0,2020,6,5,0,0.0,0.0,0.0
20211222,2020-06-20,14:37,CAJAMARCA,PE-08,170.0,CHOQUE,0,0.0,14.0,2020,6,5,0,0.0,0.0,0.0
20211222,2020-06-20,13:10,APURIMAC,PE-30A,367.0,DESPISTE,0,0.0,13.0,2020,6,5,0,0.1,0.1,1.0
20211222,2020-06-20,13:00,AREQUIPA,PE-1S,865.0,CHOQUE,0,1.0,13.0,2020,6,5,0,0.0,0.0,0.0
20211222,2020-06-21,22:00,PIURA,PE-1N,199.0,DESPISTE,0,0.0,22.0,2020,6,6,0,0.0,0.0,0.0
20211222,2020-06-21,06:15,ANCASH,PE-1N,357.0,DESPISTE,0,0.0,6.0,2020,6,6,0,0.0,0.0,0.0
20211222,2020-06-21,08:30,ANCASH,PE-1N,367.0,DESPISTE,0,1.0,8.0,2020,6,6,0,0.0,0.0,0.0
20211222,2020-06-21,13:00,AREQUIPA,PE-1S,833.0,CHOQUE,0,1.0,13.0,2020,6,6,0,0.0,0.0,0.0
20211222,2020-06-21,06:50,PIURA,PE-1N,987.0,DESPISTE,0,0.0,6.0,2020,6,6,0,0.0,0.0,0.0
20211222,2020-06-22,21:30,TACNA,PE-1SD,12.0,CHOQUE,0,4.0,21.0,2020,6,0,0,0.0,0.0,0.0
20211222,2020-06-22,12:30,UCAYALI,PE-18C,15.0,DESPISTE,0,5.0,12.0,2020,6,0,0,0.1,0.1,1.0
20211222,2020-06-22,14:45,TACNA,PE-36,20.0,VOLCADURA,0,1.0,14.0,2020,6,0,0,0.0,0.0,0.0
20211222,2020-06-22,23:55,ANCASH,PE-16,51.0,DESPISTE,0,0.0,23.0,2020,6,0,0,0.6,0.6,3.0
20211222,2020-06-22,17:00,CAJAMARCA,PE-08,101.0,DESPISTE,0,1.0,17.0,2020,6,0,0,0.0,0.0,0.0
20211222,2020-06-22,20:45,LIMA,PE-1S,116.0,DESPISTE,0,0.0,20.0,2020,6,0,0,0.0,0.0,0.0
20211222,2020-06-22,16:30,CUSCO,PE-3S,1103.0,CHOQUE,0,1.0,16.0,2020,6,0,0,0.1,0.1,1.0
20211222,2020-06-23,16:00,UCAYALI,PE-18C,24.0,CHOQUE,1,0.0,16.0,2020,6,1,1,0.7,0.7,5.0
20211222,2020-06-23,08:20,LIMA,PE-1S,83.0,DESPISTE,0,0.0,8.0,2020,6,1,0,0.0,0.0,0.0
20211222,2020-06-23,10:45,ICA,PE-1S,277.0,ESPECIAL,0,0.0,10.0,2020,6,1,0,0.0,0.0,0.0
20211222,2020-06-23,22:45,ANCASH,PE-1N,293.0,CHOQUE,1,0.0,22.0,2020,6,1,1,0.2,0.2,1.0
20211222,2020-06-23,16:45,LA LIBERTAD,PE-1N,516.0,CHOQUE,0,0.0,16.0,2020,6,1,0,0.0,0.0,0.0
20211222,2020-06-24,22:00,CUSCO,PE-28G,38.0,ATROPELLO,0,2.0,22.0,2020,6,2,0,0.0,0.0,0.0
20211222,2020-06-24,17:05,PIURA,PI-102,39.0,DESPISTE,0,1.0,17.0,2020,6,2,0,0.0,0.0,0.0
20211222,2020-06-24,20:15,UCAYALI,PE-18C,42.0,DESPISTE,0,1.0,20.0,2020,6,2,0,0.0,0.0,0.0
20211222,2020-06-24,15:00,LIMA,PE-1N,44.0,DESPISTE,0,0.0,15.0,2020,6,2,0,0.0,0.0,0.0
20211222,2020-06-24,00:30,JUNIN,PE-3S,65.0,DESPISTE,0,0.0,0.0,2020,6,2,0,0.0,0.0,0.0
20211222,2020-06-24,18:00,JUNIN,PE-3N,137.0,CHOQUE,0,1.0,18.0,2020,6,2,0,0.0,0.0,0.0
20211222,2020-06-24,14:20,AREQUIPA,PE-34A,178.0,CHOQUE,0,1.0,14.0,2020,6,2,0,0.0,0.0,0.0
20211222,2020-06-24,17:40,AREQUIPA,PE-1S,608.0,DESPISTE,0,0.0,17.0,2020,6,2,0,0.0,0.0,0.0
20211222,2020-06-25,08:20,LIMA,PE-1N,48.0,DESPISTE,0,3.0,8.0,2020,6,3,0,0.0,0.0,0.0
20211222,2020-06-25,22:58,AMAZONAS,PE-5N,123.0,CHOQUE,1,4.0,22.0,2020,6,3,1,0.1,0.1,1.0
20211222,2020-06-25,12:40,APURIMAC,PE-30A,198.0,DESPISTE,0,1.0,12.0,2020,6,3,0,0.0,0.0,0.0
20211222,2020-06-25,07:00,LIMA,PE-1N,203.0,DESPISTE,0,0.0,7.0,2020,6,3,0,0.0,0.0,0.0
20211222,2020-06-25,06:20,ANCASH,PE-1N,264.0,DESPISTE,0,0.0,6.0,2020,6,3,0,0.0,0.0,0.0
20211222,2020-06-25,07:40,APURIMAC,PE-30A,302.0,CHOQUE,0,0.0,7.0,2020,6,3,0,0.0,0.0,0.0
20211222,2020-06-25,19:10,TACNA,PE-1S,1303.0,CHOQUE,0,0.0,19.0,2020,6,3,0,0.0,0.0,0.0
20211222,2020-06-25,22:40,PIURA,N.I.,,DESPISTE,0,1.0,22.0,2020,6,3,0,0.0,0.0,0.0
20211222,2020-06-26,19:00,CAJAMARCA,PE-3NB,4.0,ATROPELLO,1,0.0,19.0,2020,6,4,1,0.2,0.2,2.0
20211222,2020-06-26,13:00,CAJAMARCA,PE-3N,9.0,DESPISTE,0,1.0,13.0,2020,6,4,0,0.2,0.2,2.0
20211222,2020-06-26,06:35,LIMA,PE-1S,119.0,DESPISTE,0,0.0,6.0,2020,6,4,0,0.0,0.0,0.0
20211222,2020-06-26,21:40,LIMA,PE-22,128.0,DESPISTE,0,2.0,21.0,2020,6,4,0,0.0,0.0,0.0
20211222,2020-06-26,07:50,LA LIBERTAD,PE-1N,639.0,DESPISTE,1,0.0,7.0,2020,6,4,1,0.0,0.0,0.0
20211222,2020-06-27,20:00,CAJAMARCA,PE-3NB,34.0,DESPISTE,0,4.0,20.0,2020,6,5,0,0.0,0.0,0.0
20211222,2020-06-27,13:10,UCAYALI,PE-18C,46.0,DESPISTE,0,1.0,13.0,2020,6,5,0,0.1,0.1,1.0
20211222,2020-06-27,02:10,UCAYALI,PE-18C,51.0,CHOQUE,0,1.0,2.0,2020,6,5,0,0.1,0.1,1.0
20211222,2020-06-27,12:02,CAJAMARCA,PE-08A,62.0,DESPISTE,0,1.0,12.0,2020,6,5,0,0.0,0.0,0.0
20211222,2020-06-27,00:20,PUNO,PE-1S,,DESPISTE,0,0.0,0.0,2020,6,5,0,0.0,0.0,0.0
20211222,2020-06-28,06:55,UCAYALI,PE-18C,13.0,CHOQUE,0,1.0,6.0,2020,6,6,0,2.7,2.7,11.0
20211222,2020-06-28,18:15,PUNO,PE-34H,54.0,CHOQUE,0,6.0,18.0,2020,6,6,0,0.0,0.0,0.0
20211222,2020-06-28,10:10,AREQUIPA,PE-34A,83.0,DESPISTE,0,0.0,10.0,2020,6,6,0,0.0,0.0,0.0
20211222,2020-06-28,12:00,LIMA,PE-22,110.0,DESPISTE,0,1.0,12.0,2020,6,6,0,0.0,0.0,0.0
20211222,2020-06-29,09:40,AREQUIPA,PE-1SD,10.0,DESPISTE,0,2.0,9.0,2020,6,0,0,0.0,0.0,0.0
20211222,2020-06-29,20:30,LIMA,PE-22,111.0,CHOQUE,0,3.0,20.0,2020,6,0,0,0.0,0.0,0.0
20211222,2020-06-29,19:15,LIMA,PE-1S,170.0,CHOQUE,0,1.0,19.0,2020,6,0,0,0.0,0.0,0.0
20211222,2020-06-29,16:50,MOQUEGUA,PE-1SD,197.0,DESPISTE,0,0.0,16.0,2020,6,0,0,0.0,0.0,0.0
20211222,2020-06-29,06:25,ANCASH,PE-1N,240.0,DESPISTE,0,0.0,6.0,2020,6,0,0,0.0,0.0,0.0
20211222,2020-06-30,07:51,AREQUIPA,PE-34A,4.0,ATROPELLO,1,0.0,7.0,2020,6,1,1,0.0,0.0,0.0
20211222,2020-06-30,22:30,TACNA,PE-1SD,15.0,CHOQUE,0,0.0,22.0,2020,6,1,0,0.1,0.1,1.0
20211222,2020-06-30,10:00,ICA,PE-1S,188.0,DESPISTE,0,2.0,10.0,2020,6,1,0,0.0,0.0,0.0
20211222,2020-06-30,06:00,ANCASH,PE-1S,417.0,CHOQUE,0,0.0,6.0,2020,6,1,0,0.0,0.0,0.0
20211222,2020-06-30,14:10,LA LIBERTAD,PE-1N,514.0,VOLCADURA,0,0.0,14.0,2020,6,1,0,0.0,0.0,0.0
20211222,2020-06-30,05:30,LA LIBERTAD,PE-1N,678.0,CHOQUE,1,2.0,5.0,2020,6,1,1,0.0,0.0,0.0
20211222,2020-06-30,08:20,CUSCO,PE-3S,999.0,CHOQUE,0,1.0,8.0,2020,6,1,0,0.0,0.0,0.0
20211222,2020-06-30,18:35,PUNO,PE-3S,1284.0,CHOQUE,0,1.0,18.0,2020,6,1,0,0.0,0.0,0.0
20211222,2020-07-01,08:30,JUNIN,PE-22,20.0,DESPISTE,0,0.0,8.0,2020,7,2,0,0.0,0.0,0.0
20211222,2020-07-01,06:00,LIMA,PE-1S,23.0,CHOQUE,0,3.0,6.0,2020,7,2,0,0.0,0.0,0.0
20211222,2020-07-01,17:40,ANCASH,PE-3N,75.0,CHOQUE,0,1.0,17.0,2020,7,2,0,0.0,0.0,0.0
20211222,2020-07-01,17:00,CAJAMARCA,PE-06B,152.0,CHOQUE,0,0.0,17.0,2020,7,2,0,0.0,0.0,0.0
20211222,2020-07-01,18:15,AMAZONAS,PE-04A,185.0,DESPISTE,0,0.0,18.0,2020,7,2,0,0.1,0.1,1.0
20211222,2020-07-01,06:20,ANCASH,PE-1N,226.0,DESPISTE,0,0.0,6.0,2020,7,2,0,0.0,0.0,0.0
20211222,2020-07-01,17:30,PIURA,PE-1N,252.0,CHOQUE,0,4.0,17.0,2020,7,2,0,0.0,0.0,0.0
20211222,2020-07-01,15:45,PUNO,PE-36A,303.0,CHOQUE,0,1.0,15.0,2020,7,2,0,0.0,0.0,0.0
20211222,2020-07-01,14:30,AYACUCHO,PE-3S,327.0,CHOQUE,0,1.0,14.0,2020,7,2,0,0.0,0.0,0.0
20211222,2020-07-01,00:30,ANCASH,PE-1N,444.0,CHOQUE,0,1.0,0.0,2020,7,2,0,0.0,0.0,0.0
20211222,2020-07-01,09:20,LA LIBERTAD,PE-1N,705.0,DESPISTE,0,0.0,9.0,2020,7,2,0,0.0,0.0,0.0
20211222,2020-07-01,20:00,LAMBAYEQUE,PE-1N,793.0,CHOQUE,0,0.0,20.0,2020,7,2,0,0.0,0.0,0.0
20211222,2020-07-02,01:30,CAJAMARCA,PE-08A,47.0,DESPISTE,0,1.0,1.0,2020,7,3,0,0.0,0.0,0.0
20211222,2020-07-02,16:30,LIMA,PE-1N,123.0,DESPISTE,0,2.0,16.0,2020,7,3,0,0.0,0.0,0.0
20211222,2020-07-02,19:10,MOQUEGUA,PE-1S,127.0,DESPISTE,0,1.0,19.0,2020,7,3,0,0.0,0.0,0.0
20211222,2020-07-02,14:00,ANCASH,PE-16,154.0,DESPISTE,0,2.0,14.0,2020,7,3,0,0.0,0.0,0.0
20211222,2020-07-02,05:00,AREQUIPA,PE-1S,167.0,CHOQUE,2,2.0,5.0,2020,7,3,1,0.0,0.0,0.0
20211222,2020-07-02,04:35,ICA,PE-1S,182.0,CHOQUE,0,3.0,4.0,2020,7,3,0,0.0,0.0,0.0
20211222,2020-07-02,09:20,ANCASH,PE-1N,275.0,DESPISTE,0,0.0,9.0,2020,7,3,0,0.0,0.0,0.0
20211222,2020-07-02,09:30,MOQUEGUA,PE-1S,1279.0,DESPISTE,1,1.0,9.0,2020,7,3,1,0.0,0.0,0.0
20211222,2020-07-03,02:00,UCAYALI,PE-18C,108.0,DESPISTE,0,0.0,2.0,2020,7,4,0,0.6,0.6,6.0
20211222,2020-07-03,21:30,LAMBAYEQUE,PE-1N,119.0,ESPECIAL,0,1.0,21.0,2020,7,4,0,0.0,0.0,0.0
20211222,2020-07-03,02:20,LIMA,PE-22,122.0,DESPISTE,1,2.0,2.0,2020,7,4,1,0.0,0.0,0.0
20211222,2020-07-03,16:40,AYACUCHO,PE-3S,130.0,DESPISTE,0,0.0,16.0,2020,7,4,0,0.0,0.0,0.0
20211222,2020-07-03,19:15,AMAZONAS,PE-04A,234.0,CHOQUE,0,1.0,19.0,2020,7,4,0,1.0,1.0,6.0
20211222,2020-07-03,03:45,ANCASH,PE-3N,693.0,DESPISTE,0,0.0,3.0,2020,7,4,0,0.0,0.0,0.0
20211222,2020-07-04,21:45,JUNIN,PE-22,70.0,DESPISTE,0,1.0,21.0,2020,7,5,0,0.0,0.0,0.0
20211222,2020-07-04,17:38,AYACUCHO,PE-28B,79.0,CHOQUE,0,2.0,17.0,2020,7,5,0,0.0,0.0,0.0
20211222,2020-07-04,16:40,CAJAMARCA,PE-08,110.0,DESPISTE,1,1.0,16.0,2020,7,5,1,0.1,0.1,1.0
20211222,2020-07-04,07:00,LIMA,PE-1N,110.0,CHOQUE,0,3.0,7.0,2020,7,5,0,0.0,0.0,0.0
20211222,2020-07-04,22:30,ICA,PE-30A,144.0,CHOQUE,0,2.0,22.0,2020,7,5,0,0.0,0.0,0.0
20211222,2020-07-04,19:00,LA LIBERTAD,PE-1N,596.0,DESPISTE,1,0.0,19.0,2020,7,5,1,0.0,0.0,0.0
20211222,2020-07-05,23:45,AMAZONAS,PE-5N,9.0,CHOQUE,0,1.0,23.0,2020,7,6,0,1.4,1.4,7.0
20211222,2020-07-05,21:00,APURIMAC,PE-04A,12.0,CHOQUE,0,4.0,21.0,2020,7,6,0,0.0,0.0,0.0
20211222,2020-07-05,02:30,LIMA,PE-1N,147.0,DESPISTE,0,1.0,2.0,2020,7,6,0,0.0,0.0,0.0
20211222,2020-07-05,10:30,APURIMAC,PE-30A,254.0,DESPISTE,3,2.0,10.0,2020,7,6,1,0.0,0.0,0.0
20211222,2020-07-05,00:30,AREQUIPA,PE-1S,592.0,DESPISTE,0,1.0,0.0,2020,7,6,0,0.0,0.0,0.0
20211222,2020-07-06,19:40,PIURA,PE-02A,1.0,CHOQUE,0,2.0,19.0,2020,7,0,0,0.0,0.0,0.0
20211222,2020-07-06,14:30,LORETO,LO-103,3.0,ATROPELLO,0,1.0,14.0,2020,7,0,0,7.9,7.9,7.0
20211222,2020-07-06,18:45,PIURA,PE-1N,102.0,DESPISTE,0,0.0,18.0,2020,7,0,0,0.0,0.0,0.0
20211222,2020-07-06,06:40,LIMA,PE-1S,108.0,CHOQUE,1,3.0,6.0,2020,7,0,1,0.0,0.0,0.0
20211222,2020-07-06,05:30,LIMA,PE-1S,163.0,CHOQUE,0,1.0,5.0,2020,7,0,0,0.0,0.0,0.0
20211222,2020-07-06,15:00,PIURA,PE-1N,260.0,DESPISTE,0,2.0,15.0,2020,7,0,0,0.0,0.0,0.0
20211222,2020-07-06,19:30,LA LIBERTAD,PE-1N,558.0,ATROPELLO,1,0.0,19.0,2020,7,0,1,0.0,0.0,0.0
20211222,2020-07-06,21:00,PUNO,PE-3S,1219.0,CHOQUE,1,1.0,21.0,2020,7,0,1,0.0,0.0,0.0
20211222,2020-07-06,16:30,CAJAMARCA,PE-3N,1378.0,DESPISTE,1,1.0,16.0,2020,7,0,1,0.4,0.4,3.0
20211222,2020-07-06,19:20,PUNO,PE-1S,1467.0,CHOQUE,0,0.0,19.0,2020,7,0,0,0.0,0.0,0.0
20211222,2020-07-07,23:30,ANCASH,PE-16,12.0,CHOQUE,0,1.0,23.0,2020,7,1,0,0.0,0.0,0.0
20211222,2020-07-07,10:30,ANCASH,PE-1N,34.0,DESPISTE,0,0.0,10.0,2020,7,1,0,0.0,0.0,0.0
20211222,2020-07-07,N.I.,LIMA,PE-1N,74.0,CHOQUE,0,0.0,,2020,7,1,0,0.0,0.0,0.0
20211222,2020-07-07,09:30,HUANUCO,PE-18A,103.0,DESPISTE,0,1.0,9.0,2020,7,1,0,0.7,0.7,3.0
20211222,2020-07-07,18:20,AYACUCHO,PE-22,129.0,CHOQUE,0,0.0,18.0,2020,7,1,0,0.0,0.0,0.0
20211222,2020-07-07,17:15,LIMA,PE-1N,142.0,DESPISTE,0,2.0,17.0,2020,7,1,0,0.0,0.0,0.0
20211222,2020-07-07,10:50,AREQUIPA,PE-34A,179.0,DESPISTE,0,1.0,10.0,2020,7,1,0,0.0,0.0,0.0
20211222,2020-07-07,08:10,HUANUCO,PE-5N,452.0,CHOQUE,0,0.0,8.0,2020,7,1,0,0.7,0.7,3.0
20211222,2020-07-07,20:00,LAMBAYEQUE,PE-1N,727.0,CHOQUE,1,0.0,20.0,2020,7,1,1,0.0,0.0,0.0
20211222,2020-07-07,05:00,CUSCO,PE-3S,1142.0,DESPISTE,0,0.0,5.0,2020,7,1,0,0.0,0.0,0.0
20211222,2020-07-07,10:50,MOQUEGUA,PE-1S,1219.0,CHOQUE,0,0.0,10.0,2020,7,1,0,0.0,0.0,0.0
20211222,2020-07-08,13:15,LAMBAYEQUE,PE-1N,13.0,CHOQUE,1,0.0,13.0,2020,7,2,1,0.0,0.0,0.0
20211222,2020-07-08,17:40,PIURA,PE-1N,48.0,DESPISTE,0,0.0,17.0,2020,7,2,0,0.0,0.0,0.0
20211222,2020-07-08,18:19,HUANUCO,PE-18A,50.0,DESPISTE,0,1.0,18.0,2020,7,2,0,0.5,0.5,5.0
20211222,2020-07-08,19:00,AYACUCHO,PE-30A,101.0,DESPISTE,0,1.0,19.0,2020,7,2,0,0.0,0.0,0.0
20211222,2020-07-08,20:20,ICA,PE-30A,101.0,DESPISTE,0,1.0,20.0,2020,7,2,0,0.0,0.0,0.0
20211222,2020-07-08,19:50,ANCASH,PE-1N,329.0,DESPISTE,0,1.0,19.0,2020,7,2,0,0.0,0.0,0.0
20211222,2020-07-08,13:00,ANCASH,PE-1N,399.0,DESPISTE,0,0.0,13.0,2020,7,2,0,0.0,0.0,0.0
20211222,2020-07-08,12:26,MADRE DE DIOS,PE-30C,403.0,DESPISTE,0,0.0,12.0,2020,7,2,0,3.0,3.0,11.0
20211222,2020-07-08,21:50,ANCASH,PE-3N,571.0,CHOQUE,0,1.0,21.0,2020,7,2,0,0.0,0.0,0.0
20211222,2020-07-08,17:50,AREQUIPA,PE-1S,728.0,DESPISTE,0,0.0,17.0,2020,7,2,0,0.0,0.0,0.0
20211222,2020-07-08,15:15,LAMBAYEQUE,PE-1N,842.0,CHOQUE,1,0.0,15.0,2020,7,2,1,0.0,0.0,0.0
20211222,2020-07-09,20:30,PIURA,PE-1N,31.0,CHOQUE,1,0.0,20.0,2020,7,3,1,0.0,0.0,0.0
20211222,2020-07-09,11:55,CAJAMARCA,PE-08B,45.0,ATROPELLO,0,1.0,11.0,2020,7,3,0,1.5,1.5,8.0
20211222,2020-07-09,12:29,AREQUIPA,PE-34A,55.0,CHOQUE,0,0.0,12.0,2020,7,3,0,0.0,0.0,0.0
20211222,2020-07-09,23:00,LIMA,PE-1N,136.0,ATROPELLO,1,0.0,23.0,2020,7,3,1,0.0,0.0,0.0
20211222,2020-07-09,16:30,MADRE DE DIOS,PE-30C,324.0,CHOQUE,0,0.0,16.0,2020,7,3,0,4.0,4.0,16.0
20211222,2020-07-09,08:20,LA LIBERTAD,PE-1N,518.0,CHOQUE,0,0.0,8.0,2020,7,3,0,0.0,0.0,0.0
20211222,2020-07-09,20:20,LA LIBERTAD,PE-1N,525.0,ATROPELLO,1,0.0,20.0,2020,7,3,1,0.0,0.0,0.0
20211222,2020-07-09,18:40,APURIMAC,PE-3S,645.0,ATROPELLO,1,0.0,18.0,2020,7,3,1,0.1,0.1,1.0
20211222,2020-07-09,03:45,AREQUIPA,PE-1S,732.0,CHOQUE,0,0.0,3.0,2020,7,3,0,0.0,0.0,0.0
20211222,2020-07-09,07:35,TUMBES,PE-1N,1298.0,CHOQUE,0,2.0,7.0,2020,7,3,0,0.0,0.0,0.0
20211222,2020-07-10,19:00,PUNO,PE-36B,12.0,DESPISTE,0,0.0,19.0,2020,7,4,0,0.0,0.0,0.0
20211222,2020-07-10,14:05,LIMA,PE-1NA,16.0,DESPISTE,0,0.0,14.0,2020,7,4,0,0.0,0.0,0.0
20211222,2020-07-10,07:00,LIMA,PE-1S,142.0,CHOQUE,1,7.0,7.0,2020,7,4,1,0.0,0.0,0.0
20211222,2020-07-10,05:30,CUSCO,PE-28B,243.0,DESPISTE,0,1.0,5.0,2020,7,4,0,0.0,0.0,0.0
20211222,2020-07-10,10:00,PUNO,PE-30A,290.0,DESPISTE,0,2.0,10.0,2020,7,4,0,0.0,0.0,0.0
20211222,2020-07-10,18:00,ANCASH,PE-16,654.0,DESPISTE,0,2.0,18.0,2020,7,4,0,1.6,1.6,8.0
20211222,2020-07-10,09:30,SAN MARTIN,PE-04A,750.0,CHOQUE,0,1.0,9.0,2020,7,4,0,0.2,0.2,2.0
20211222,2020-07-10,04:00,AREQUIPA,PE-1S,830.0,CHOQUE,1,3.0,4.0,2020,7,4,1,0.0,0.0,0.0
20211222,2020-07-11,06:10,PIURA,PE-02D,0.0,CHOQUE,0,2.0,6.0,2020,7,5,0,0.0,0.0,0.0
20211222,2020-07-11,05:30,LIMA,PE-1NA,16.0,DESPISTE,0,0.0,5.0,2020,7,5,0,0.0,0.0,0.0
20211222,2020-07-11,02:30,TACNA,PE-36A,31.0,DESPISTE,0,0.0,2.0,2020,7,5,0,0.0,0.0,0.0
20211222,2020-07-11,05:40,LIMA,PE-1S,35.0,DESPISTE,0,1.0,5.0,2020,7,5,0,0.0,0.0,0.0
20211222,2020-07-11,19:15,TACNA,PE-1SD,47.0,CHOQUE,0,0.0,19.0,2020,7,5,0,0.0,0.0,0.0
20211222,2020-07-11,14:35,JUNIN,PE-3N,56.0,CHOQUE,1,3.0,14.0,2020,7,5,1,0.4,0.4,3.0
20211222,2020-07-11,06:10,CUSCO,PE-3SG,69.0,ESPECIAL,1,0.0,6.0,2020,7,5,1,0.1,0.1,1.0
20211222,2020-07-11,15:45,LIMA,PE-1S,82.0,DESPISTE,0,2.0,15.0,2020,7,5,0,0.0,0.0,0.0
20211222,2020-07-11,07:30,ANCASH,AN-100,86.0,DESPISTE,0,0.0,7.0,2020,7,5,0,0.0,0.0,0.0
20211222,2020-07-11,22:40,UCAYALI,PE-04A,178.0,CHOQUE,1,0.0,22.0,2020,7,5,1,0.3,0.3,3.0
20211222,2020-07-11,18:45,ICA,PE-1S,182.0,CHOQUE,0,2.0,18.0,2020,7,5,0,0.0,0.0,0.0
20211222,2020-07-11,17:30,ANCASH,PE-1N,240.0,DESPISTE,0,1.0,17.0,2020,7,5,0,0.0,0.0,0.0
20211222,2020-07-11,08:30,ANCASH,PE-1N,338.0,DESPISTE,0,0.0,8.0,2020,7,5,0,0.0,0.0,0.0
20211222,2020-07-11,13:40,APURIMAC,PE-30A,384.0,DESPISTE,0,1.0,13.0,2020,7,5,0,0.0,0.0,0.0
20211222,2020-07-11,09:45,AREQUIPA,PE-1S,1025.0,CHOQUE,0,1.0,9.0,2020,7,5,0,0.0,0.0,0.0
20211222,2020-07-11,07:15,LA LIBERTAD,PE-3N,1052.0,DESPISTE,0,0.0,7.0,2020,7,5,0,0.0,0.0,0.0
20211222,2020-07-12,13:00,AREQUIPA,AR-109,6.0,CHOQUE,0,0.0,13.0,2020,7,6,0,0.0,0.0,0.0
20211222,2020-07-12,11:08,LIMA,PE-1N,19.0,DESPISTE,0,0.0,11.0,2020,7,6,0,0.0,0.0,0.0
20211222,2020-07-12,10:30,LIMA,PE-22,29.0,CHOQUE,0,3.0,10.0,2020,7,6,0,0.0,0.0,0.0
20211222,2020-07-12,14:10,CUSCO,PE-28B,105.0,DESPISTE,1,3.0,14.0,2020,7,6,1,0.0,0.0,0.0
20211222,2020-07-12,17:30,LIMA,PE-16,137.0,DESPISTE,0,4.0,17.0,2020,7,6,0,0.0,0.0,0.0
20211222,2020-07-12,12:30,AREQUIPA,PE-34A,179.0,DESPISTE,0,3.0,12.0,2020,7,6,0,0.0,0.0,0.0
20211222,2020-07-12,05:15,AYACUCHO,PE-28A,442.0,DESPISTE,0,0.0,5.0,2020,7,6,0,0.0,0.0,0.0
20211222,2020-07-13,08:20,CAJAMARCA,PE-06B,3.0,DESPISTE,0,1.0,8.0,2020,7,0,0,0.2,0.2,2.0
20211222,2020-07-13,23:05,LAMBAYEQUE,PE-1NJ,42.0,CHOQUE,0,0.0,23.0,2020,7,0,0,0.0,0.0,0.0
20211222,2020-07-13,22:50,LIMA,PE-1N,110.0,DESPISTE,0,0.0,22.0,2020,7,0,0,0.0,0.0,0.0
20211222,2020-07-13,18:30,SAN MARTIN,PE-04A,587.0,DESPISTE,0,2.0,18.0,2020,7,0,0,0.1,0.1,1.0
20211222,2020-07-14,11:55,LIMA,PE-16,8.0,DESPISTE,0,2.0,11.0,2020,7,1,0,0.0,0.0,0.0
20211222,2020-07-14,18:10,LIMA,PE-16,55.0,DESPISTE,0,1.0,18.0,2020,7,1,0,0.0,0.0,0.0
20211222,2020-07-14,11:55,LIMA,PE-1N,102.0,DESPISTE,0,0.0,11.0,2020,7,1,0,0.0,0.0,0.0
20211222,2020-07-14,18:00,LIMA,PE-1N,107.0,VOLCADURA,1,1.0,18.0,2020,7,1,1,0.0,0.0,0.0
20211222,2020-07-14,19:40,LIMA,PE-1N,164.0,CHOQUE,0,0.0,19.0,2020,7,1,0,0.0,0.0,0.0
20211222,2020-07-14,06:30,ANCASH,PE-1N,248.0,ESPECIAL,0,0.0,6.0,2020,7,1,0,0.7,0.7,2.0
20211222,2020-07-14,05:40,LA LIBERTAD,PE-1N,519.0,CHOQUE,1,1.0,5.0,2020,7,1,1,0.0,0.0,0.0
20211222,2020-07-15,17:40,JUNIN,PE-24,0.0,CHOQUE,0,2.0,17.0,2020,7,2,0,0.0,0.0,0.0
20211222,2020-07-15,00:50,AREQUIPA,PE-34A,122.0,CHOQUE,1,1.0,0.0,2020,7,2,1,0.0,0.0,0.0
20211222,2020-07-15,17:50,PUNO,PE-34B,176.0,CHOQUE,0,1.0,17.0,2020,7,2,0,0.0,0.0,0.0
20211222,2020-07-15,22:30,PUNO,PE-34A,260.0,DESPISTE,0,3.0,22.0,2020,7,2,0,0.0,0.0,0.0
20211222,2020-07-15,13:15,LIMA,PE-1N,332.0,DESPISTE,0,1.0,13.0,2020,7,2,0,0.0,0.0,0.0
20211222,2020-07-15,14:15,MADRE DE DIOS,PE-30C,498.0,DESPISTE,0,2.0,14.0,2020,7,2,0,0.2,0.2,2.0
20211222,2020-07-16,17:45,HUANCAVELICA,PE-3SD,28.0,DESPISTE,0,1.0,17.0,2020,7,3,0,0.8,0.8,2.0
20211222,2020-07-16,07:30,LIMA,PE-1N,63.0,CHOQUE,0,0.0,7.0,2020,7,3,0,0.0,0.0,0.0
20211222,2020-07-16,19:45,LIMA,PE-22,87.0,DESPISTE,0,0.0,19.0,2020,7,3,0,0.0,0.0,0.0
20211222,2020-07-16,09:20,LIMA,PE-1S,89.0,CHOQUE,0,0.0,9.0,2020,7,3,0,0.0,0.0,0.0
20211222,2020-07-16,10:00,AREQUIPA,PE-34A,124.0,DESPISTE,0,0.0,10.0,2020,7,3,0,0.0,0.0,0.0
20211222,2020-07-16,10:40,ICA,PE-1S,184.0,DESPISTE,0,0.0,10.0,2020,7,3,0,0.0,0.0,0.0
20211222,2020-07-16,07:20,LIMA,PE-1N,214.0,DESPISTE,0,0.0,7.0,2020,7,3,0,0.0,0.0,0.0
20211222,2020-07-16,17:40,MADRE DE DIOS,PE-30C,283.0,CHOQUE,0,2.0,17.0,2020,7,3,0,0.0,0.0,0.0
20211222,2020-07-16,15:40,APURIMAC,PE-30A,383.0,DESPISTE,0,0.0,15.0,2020,7,3,0,0.1,0.1,1.0
20211222,2020-07-16,15:30,SAN MARTIN,PE-04A,402.0,CHOQUE,0,0.0,15.0,2020,7,3,0,1.2,1.2,4.0
20211222,2020-07-16,07:50,LA LIBERTAD,PE-1N,495.0,CHOQUE,0,3.0,7.0,2020,7,3,0,0.0,0.0,0.0
20211222,2020-07-16,19:00,PIURA,PE-1N,1015.0,DESPISTE,0,0.0,19.0,2020,7,3,0,0.0,0.0,0.0
20211222,2020-07-17,12:30,AYACUCHO,AY-100,4.0,DESPISTE,0,3.0,12.0,2020,7,4,0,0.0,0.0,0.0
20211222,2020-07-17,16:45,LA LIBERTAD,PE-10A,54.0,CHOQUE,0,1.0,16.0,2020,7,4,0,0.0,0.0,0.0
20211222,2020-07-17,05:50,LIMA,PE-1N,83.0,DESPISTE,0,0.0,5.0,2020,7,4,0,0.0,0.0,0.0
20211222,2020-07-17,06:20,ICA,PE-1S,283.0,CHOQUE,0,0.0,6.0,2020,7,4,0,0.0,0.0,0.0
20211222,2020-07-17,06:00,ICA,PE-1S,284.0,CHOQUE,0,2.0,6.0,2020,7,4,0,0.0,0.0,0.0
20211222,2020-07-17,07:30,MADRE DE DIOS,PE-30C,412.0,DESPISTE,0,0.0,7.0,2020,7,4,0,0.4,0.4,2.0
20211222,2020-07-17,14:50,PIURA,PE-1N,954.0,DESPISTE,0,0.0,14.0,2020,7,4,0,0.0,0.0,0.0
20211222,2020-07-17,19:50,CUSCO,PE-3S,999.0,CHOQUE,0,2.0,19.0,2020,7,4,0,0.8,0.8,4.0
20211222,2020-07-18,13:50,LIMA,PE-1N,103.0,DESPISTE,0,0.0,13.0,2020,7,5,0,0.0,0.0,0.0
20211222,2020-07-18,19:50,JUNIN,PE-22,161.0,DESPISTE,0,0.0,19.0,2020,7,5,0,0.3,0.3,3.0
20211222,2020-07-18,16:00,CUSCO,PE-28B,205.0,DESPISTE,0,0.0,16.0,2020,7,5,0,0.0,0.0,0.0
20211222,2020-07-18,17:00,LIMA,PE-1N,230.0,N.I.,0,0.0,17.0,2020,7,5,0,0.0,0.0,0.0
20211222,2020-07-18,09:30,ANCASH,PE-1N,280.0,DESPISTE,0,1.0,9.0,2020,7,5,0,0.0,0.0,0.0
20211222,2020-07-18,03:30,MADRE DE DIOS,PE-30C,326.0,DESPISTE,0,1.0,3.0,2020,7,5,0,0.8,0.8,5.0
20211222,2020-07-18,17:30,AREQUIPA,PE-1S,1040.0,CHOQUE,0,0.0,17.0,2020,7,5,0,0.0,0.0,0.0
20211222,2020-07-19,23:00,LORETO,LO-103,33.0,ATROPELLO,0,0.0,23.0,2020,7,6,0,3.3,3.3,6.0
20211222,2020-07-19,18:20,LIMA,PE-1S,34.0,DESPISTE,0,2.0,18.0,2020,7,6,0,0.0,0.0,0.0
20211222,2020-07-19,10:20,LIMA,PE-1N,64.0,DESPISTE,0,0.0,10.0,2020,7,6,0,0.0,0.0,0.0
20211222,2020-07-19,20:00,LIMA,PE-1S,119.0,CHOQUE,0,2.0,20.0,2020,7,6,0,0.0,0.0,0.0
20211222,2020-07-19,12:50,LIMA,PE-1S,135.0,CHOQUE,0,2.0,12.0,2020,7,6,0,0.0,0.0,0.0
20211222,2020-07-19,23:10,LA LIBERTAD,PE-1N,592.0,ATROPELLO,0,0.0,23.0,2020,7,6,0,0.0,0.0,0.0
20211222,2020-07-19,14:30,TACNA,PE-1S,,ATROPELLO,0,0.0,14.0,2020,7,6,0,0.0,0.0,0.0
20211222,2020-07-20,17:00,LIMA,PE-1S,42.0,DESPISTE,0,0.0,17.0,2020,7,0,0,0.0,0.0,0.0
20211222,2020-07-20,22:40,LIMA,PE-1S,139.0,ESPECIAL,0,0.0,22.0,2020,7,0,0,0.0,0.0,0.0
20211222,2020-07-20,11:10,LIMA,PE-1N,155.0,DESPISTE,0,0.0,11.0,2020,7,0,0,0.0,0.0,0.0
20211222,2020-07-20,04:30,LIMA,PE-30A,254.0,DESPISTE,0,0.0,4.0,2020,7,0,0,0.0,0.0,0.0
20211222,2020-07-20,21:30,PIURA,PE-1N,265.0,N.I.,0,3.0,21.0,2020,7,0,0,0.0,0.0,0.0
20211222,2020-07-20,04:50,ANCASH,PE-1N,390.0,CHOQUE,0,0.0,4.0,2020,7,0,0,0.0,0.0,0.0
20211222,2020-07-20,20:10,ICA,PE-1S,465.0,CHOQUE,0,1.0,20.0,2020,7,0,0,0.0,0.0,0.0
20211222,2020-07-20,15:30,PUNO,PE-34A,800.0,CHOQUE,1,4.0,15.0,2020,7,0,1,0.0,0.0,0.0
20211222,2020-07-20,18:55,AREQUIPA,PE-1S,849.0,CHOQUE,0,0.0,18.0,2020,7,0,0,0.0,0.0,0.0
20211222,2020-07-20,16:50,CUSCO,PE-3S,1092.0,CHOQUE,0,0.0,16.0,2020,7,0,0,0.0,0.0,0.0
20211222,2020-07-20,19:20,PUNO,PE-3S,1202.0,DESPISTE,1,0.0,19.0,2020,7,0,1,0.0,0.0,0.0
20211222,2020-07-21,15:30,CAJAMARCA,PE-08B,9.0,CHOQUE,0,0.0,15.0,2020,7,1,0,0.1,0.1,1.0
20211222,2020-07-21,06:50,LIMA,PE-1N,119.0,CHOQUE,1,1.0,6.0,2020,7,1,1,0.0,0.0,0.0
20211222,2020-07-21,10:20,JUNIN,PE-22,132.0,CHOQUE,0,1.0,10.0,2020,7,1,0,0.0,0.0,0.0
20211222,2020-07-21,01:15,ANCASH,PE-1N,398.0,DESPISTE,0,0.0,1.0,2020,7,1,0,0.0,0.0,0.0
20211222,2020-07-21,19:00,SAN MARTIN,PE-04A,810.0,CHOQUE,0,2.0,19.0,2020,7,1,0,0.4,0.4,3.0
20211222,2020-07-21,08:35,AREQUIPA,PE-1S,861.0,DESPISTE,0,1.0,8.0,2020,7,1,0,0.0,0.0,0.0
20211222,2020-07-21,11:45,AREQUIPA,PE-1S,988.0,ATROPELLO,1,0.0,11.0,2020,7,1,1,0.0,0.0,0.0
20211222,2020-07-21,00:30,PUNO,PE-3S,1304.0,DESPISTE,0,0.0,0.0,2020,7,1,0,0.0,0.0,0.0
20211222,2020-07-22,06:20,TACNA,PE-1SD,2.0,CHOQUE,0,0.0,6.0,2020,7,2,0,0.4,0.4,4.0
20211222,2020-07-22,13:40,JUNIN,PE-5S,30.0,DESPISTE,0,0.0,13.0,2020,7,2,0,0.2,0.2,2.0
20211222,2020-07-22,02:00,LIMA,PE-22,120.0,CHOQUE,0,0.0,2.0,2020,7,2,0,0.0,0.0,0.0
20211222,2020-07-22,08:00,PUNO,PE-34A,199.0,DESPISTE,0,0.0,8.0,2020,7,2,0,0.0,0.0,0.0
20211222,2020-07-22,14:15,MADRE DE DIOS,PE-30C,277.0,CHOQUE,0,1.0,14.0,2020,7,2,0,1.6,1.6,7.0
20211222,2020-07-22,19:00,PUNO,PE-34A,292.0,DESPISTE,0,0.0,19.0,2020,7,2,0,0.0,0.0,0.0
20211222,2020-07-22,18:30,MADRE DE DIOS,PE-30C,334.0,ATROPELLO,0,2.0,18.0,2020,7,2,0,1.6,1.6,7.0
20211222,2020-07-22,10:30,AREQUIPA,PE-1S,603.0,DESPISTE,0,2.0,10.0,2020,7,2,0,0.0,0.0,0.0
20211222,2020-07-22,10:20,AREQUIPA,PE-1S,764.0,VOLCADURA,0,2.0,10.0,2020,7,2,0,0.0,0.0,0.0
20211222,2020-07-23,03:10,AREQUIPA,PE-34E,6.0,DESPISTE,0,0.0,3.0,2020,7,3,0,0.0,0.0,0.0
20211222,2020-07-23,17:25,JUNIN,PE-3N,11.0,DESPISTE,0,0.0,17.0,2020,7,3,0,0.1,0.1,1.0
20211222,2020-07-23,15:10,CAJAMARCA,PE-06B,33.0,CHOQUE,0,0.0,15.0,2020,7,3,0,0.3,0.3,3.0
20211222,2020-07-23,00:15,UCAYALI,PE-18C,40.0,DESPISTE,0,0.0,0.0,2020,7,3,0,0.8,0.8,4.0
20211222,2020-07-23,20:00,TACNA,PE-1SD,56.0,CHOQUE,0,0.0,20.0,2020,7,3,0,0.0,0.0,0.0
20211222,2020-07-23,15:30,AREQUIPA,PE-34E,69.0,DESPISTE,0,0.0,15.0,2020,7,3,0,0.0,0.0,0.0
20211222,2020-07-23,20:00,LAMBAYEQUE,PE-1NJ,82.0,DESPISTE,0,0.0,20.0,2020,7,3,0,0.0,0.0,0.0
20211222,2020-07-23,16:20,JUNIN,PE-3N,86.0,CHOQUE,0,2.0,16.0,2020,7,3,0,0.1,0.1,1.0
20211222,2020-07-23,04:10,TACNA,PE-1SD,100.0,ESPECIAL,0,0.0,4.0,2020,7,3,0,0.0,0.0,0.0
20211222,2020-07-23,19:50,JUNIN,PE-22,133.0,DESPISTE,1,2.0,19.0,2020,7,3,1,0.1,0.1,1.0
20211222,2020-07-23,09:40,PUNO,PE-34A,241.0,DESPISTE,0,0.0,9.0,2020,7,3,0,0.4,0.4,1.0
20211222,2020-07-23,21:30,PUNO,PE-30A,280.0,DESPISTE,0,0.0,21.0,2020,7,3,0,0.4,0.4,1.0
20211222,2020-07-23,19:30,ICA,PE-1S,325.0,CHOQUE,0,2.0,19.0,2020,7,3,0,0.0,0.0,0.0
20211222,2020-07-23,08:50,ANCASH,PE-1N,345.0,DESPISTE,0,1.0,8.0,2020,7,3,0,0.5,0.5,2.0
20211222,2020-07-23,03:50,ICA,PE-1S,456.0,CHOQUE,3,1.0,3.0,2020,7,3,1,0.0,0.0,0.0
20211222,2020-07-23,15:00,AREQUIPA,PE-1S,499.0,CHOQUE,0,2.0,15.0,2020,7,3,0,0.0,0.0,0.0
20211222,2020-07-23,06:30,APURIMAC,PE-3S,779.0,DESPISTE,0,2.0,6.0,2020,7,3,0,0.0,0.0,0.0
20211222,2020-07-23,11:10,CUSCO,PE-3S,1026.0,DESPISTE,1,0.0,11.0,2020,7,3,1,0.3,0.3,2.0
20211222,2020-07-23,18:00,PUNO,PE-1S,1472.0,DESPISTE,0,0.0,18.0,2020,7,3,0,0.4,0.4,1.0
20211222,2020-07-24,19:45,JUNIN,PE-22,2.0,DESPISTE,0,3.0,19.0,2020,7,4,0,0.2,0.2,2.0
20211222,2020-07-24,14:00,LIMA,LM-108,5.0,N.I.,0,1.0,14.0,2020,7,4,0,0.0,0.0,0.0
20211222,2020-07-24,19:30,LAMBAYEQUE,PE-04A,20.0,DESPISTE,1,0.0,19.0,2020,7,4,1,0.0,0.0,0.0
20211222,2020-07-24,16:40,PIURA,PE-1N,53.0,DESPISTE,0,0.0,16.0,2020,7,4,0,0.0,0.0,0.0
20211222,2020-07-24,20:55,LIMA,PE-1N,85.0,CHOQUE,0,2.0,20.0,2020,7,4,0,0.0,0.0,0.0
20211222,2020-07-24,20:40,CAJAMARCA,PE-08B,129.0,DESPISTE,0,2.0,20.0,2020,7,4,0,0.6,0.6,3.0
20211222,2020-07-24,19:00,CUSCO,PE-28B,202.0,DESPISTE,0,1.0,19.0,2020,7,4,0,0.2,0.2,2.0
20211222,2020-07-24,21:30,PIURA,PE-1NJ,251.0,CHOQUE,0,2.0,21.0,2020,7,4,0,0.0,0.0,0.0
20211222,2020-07-24,05:30,LA LIBERTAD,PE-1N,466.0,ESPECIAL,0,0.0,5.0,2020,7,4,0,0.0,0.0,0.0
20211222,2020-07-24,07:24,AREQUIPA,PE-1S,860.0,DESPISTE,1,0.0,7.0,2020,7,4,1,0.0,0.0,0.0
20211222,2020-07-24,13:30,AREQUIPA,PE-1S,863.0,DESPISTE,0,0.0,13.0,2020,7,4,0,0.0,0.0,0.0
20211222,2020-07-24,21:30,PIURA,PE-1N,1121.0,DESPISTE,0,3.0,21.0,2020,7,4,0,0.0,0.0,0.0
20211222,2020-07-24,19:30,TACNA,PE-1S,1259.0,CHOQUE,2,0.0,19.0,2020,7,4,1,0.0,0.0,0.0
20211222,2020-07-24,12:15,AMAZONAS,PE-04A,,DESPISTE,1,4.0,12.0,2020,7,4,1,5.6,5.6,5.0
20211222,2020-07-25,21:00,JUNIN,PE-22,60.0,CHOQUE,0,0.0,21.0,2020,7,5,0,0.1,0.1,1.0
20211222,2020-07-25,12:00,LIMA,PE-1N,65.0,CHOQUE,0,4.0,12.0,2020,7,5,0,0.0,0.0,0.0
20211222,2020-07-25,13:20,LIMA,PE-1N,85.0,CHOQUE,1,3.0,13.0,2020,7,5,1,0.0,0.0,0.0
20211222,2020-07-25,19:00,PUNO,PE-30A,303.0,CHOQUE,0,0.0,19.0,2020,7,5,0,0.0,0.0,0.0
20211222,2020-07-25,13:50,AREQUIPA,PE-1S,495.0,DESPISTE,0,0.0,13.0,2020,7,5,0,0.0,0.0,0.0
20211222,2020-07-25,23:00,SAN MARTIN,PE-5N,645.0,DESPISTE,0,0.0,23.0,2020,7,5,0,0.7,0.7,6.0
20211222,2020-07-25,01:20,AREQUIPA,PE-1S,724.0,DESPISTE,0,1.0,1.0,2020,7,5,0,0.0,0.0,0.0
20211222,2020-07-25,11:30,APURIMAC,PE-3S,769.0,CHOQUE,0,1.0,11.0,2020,7,5,0,0.3,0.3,3.0
20211222,2020-07-25,07:30,AREQUIPA,PE-1S,862.0,DESPISTE,0,1.0,7.0,2020,7,5,0,0.0,0.0,0.0
20211222,2020-07-25,06:15,CUSCO,PE-3S,902.0,DESPISTE,0,0.0,6.0,2020,7,5,0,1.9,1.9,5.0
20211222,2020-07-25,20:30,AREQUIPA,PE-1S,970.0,ATROPELLO,0,0.0,20.0,2020,7,5,0,0.0,0.0,0.0
20211222,2020-07-26,13:20,LIMA,PE-20A,28.0,CHOQUE,1,0.0,13.0,2020,7,6,1,0.0,0.0,0.0
20211222,2020-07-26,05:00,HUANUCO,PE-18A,29.0,DESPISTE,0,6.0,5.0,2020,7,6,0,0.0,0.0,0.0
20211222,2020-07-26,03:30,PIURA,PE-1N,65.0,DESPISTE,0,1.0,3.0,2020,7,6,0,0.0,0.0,0.0
20211222,2020-07-26,03:30,ICA,PE-30A,79.0,DESPISTE,1,1.0,3.0,2020,7,6,1,0.0,0.0,0.0
20211222,2020-07-26,17:00,LA LIBERTAD,LI-122,86.0,DESPISTE,11,2.0,17.0,2020,7,6,1,0.0,0.0,0.0
20211222,2020-07-26,02:55,LAMBAYEQUE,PE-1NJ,102.0,DESPISTE,1,2.0,2.0,2020,7,6,1,0.0,0.0,0.0
20211222,2020-07-26,20:20,JUNIN,PE-22,159.0,DESPISTE,0,0.0,20.0,2020,7,6,0,0.0,0.0,0.0
20211222,2020-07-26,03:40,LIMA,PE-1S,163.0,DESPISTE,0,2.0,3.0,2020,7,6,0,0.0,0.0,0.0
20211222,2020-07-26,06:00,ANCASH,PE-1N,245.0,CHOQUE,0,1.0,6.0,2020,7,6,0,0.0,0.0,0.0
20211222,2020-07-26,20:18,ICA,PE-1S,451.0,DESPISTE,0,0.0,20.0,2020,7,6,0,0.0,0.0,0.0
20211222,2020-07-26,14:30,PIURA,PE-1NL,1037.0,CHOQUE,0,1.0,14.0,2020,7,6,0,0.0,0.0,0.0
20211222,2020-07-26,19:30,PIURA,PE-1N,1114.0,DESPISTE,0,2.0,19.0,2020,7,6,0,0.0,0.0,0.0
20211222,2020-07-26,21:00,PIURA,PE-1N,1118.0,DESPISTE,0,2.0,21.0,2020,7,6,0,0.0,0.0,0.0
20211222,2020-07-27,17:20,LORETO,LO-103,5.0,DESPISTE,0,1.0,17.0,2020,7,0,0,1.7,1.7,12.0
20211222,2020-07-27,22:30,LORETO,LO-103,9.0,CHOQUE,0,2.0,22.0,2020,7,0,0,1.7,1.7,12.0
20211222,2020-07-27,18:30,LORETO,LO-103,32.0,CHOQUE,0,1.0,18.0,2020,7,0,0,1.7,1.7,12.0
20211222,2020-07-27,10:30,CAJAMARCA,PE-08B,50.0,CHOQUE,0,2.0,10.0,2020,7,0,0,0.1,0.1,1.0
20211222,2020-07-27,06:50,LIMA,PE-1S,82.0,DESPISTE,1,0.0,6.0,2020,7,0,1,0.0,0.0,0.0
20211222,2020-07-27,19:15,AREQUIPA,PE-34A,84.0,DESPISTE,0,3.0,19.0,2020,7,0,0,0.0,0.0,0.0
20211222,2020-07-27,07:45,JUNIN,PE-3S,89.0,DESPISTE,0,1.0,7.0,2020,7,0,0,0.0,0.0,0.0
20211222,2020-07-27,21:30,JUNIN,PE-22,168.0,CHOQUE,0,1.0,21.0,2020,7,0,0,0.0,0.0,0.0
20211222,2020-07-27,19:00,PIURA,PE-1NJ,187.0,CHOQUE,0,0.0,19.0,2020,7,0,0,0.0,0.0,0.0
20211222,2020-07-27,06:50,PUNO,PE-34A,237.0,CHOQUE,0,2.0,6.0,2020,7,0,0,0.0,0.0,0.0
20211222,2020-07-27,17:30,PUNO,PE-34A,247.0,CHOQUE,0,3.0,17.0,2020,7,0,0,0.0,0.0,0.0
20211222,2020-07-27,10:30,AYACUCHO,PE-3S,365.0,DESPISTE,0,0.0,10.0,2020,7,0,0,0.0,0.0,0.0
20211222,2020-07-27,22:00,APURIMAC,PE-30A,366.0,DESPISTE,0,1.0,22.0,2020,7,0,0,0.0,0.0,0.0
20211222,2020-07-27,12:50,APURIMAC,PE-30A,384.0,CHOQUE,1,3.0,12.0,2020,7,0,1,0.0,0.0,0.0
20211222,2020-07-27,15:00,LA LIBERTAD,PE-1N,555.0,ESPECIAL,0,2.0,15.0,2020,7,0,0,0.0,0.0,0.0
20211222,2020-07-27,21:00,LA LIBERTAD,PE-1N,669.0,CHOQUE,1,1.0,21.0,2020,7,0,1,0.0,0.0,0.0
20211222,2020-07-27,22:30,PIURA,PE-1NL,1055.0,CHOQUE,0,2.0,22.0,2020,7,0,0,0.0,0.0,0.0
20211222,2020-07-28,04:00,LORETO,LO-103,10.0,CHOQUE,0,2.0,4.0,2020,7,1,0,0.3,0.3,2.0
20211222,2020-07-28,18:40,JUNIN,PE-3S,29.0,DESPISTE,0,0.0,18.0,2020,7,1,0,0.0,0.0,0.0
20211222,2020-07-28,10:20,MOQUEGUA,PE-36A,45.0,DESPISTE,0,0.0,10.0,2020,7,1,0,0.0,0.0,0.0
20211222,2020-07-28,06:10,JUNIN,PE-3S,56.0,DESPISTE,0,0.0,6.0,2020,7,1,0,0.0,0.0,0.0
20211222,2020-07-28,05:30,JUNIN,PE-22,138.0,CHOQUE,0,0.0,5.0,2020,7,1,0,0.0,0.0,0.0
20211222,2020-07-28,19:45,SAN MARTIN,PE-04A,368.0,CHOQUE,0,0.0,19.0,2020,7,1,0,0.7,0.7,4.0
20211222,2020-07-28,14:15,LAMBAYEQUE,PE-1N,841.0,CHOQUE,1,2.0,14.0,2020,7,1,1,0.0,0.0,0.0
20211222,2020-07-29,16:30,TACNA,PE-1SD,15.0,DESPISTE,0,2.0,16.0,2020,7,2,0,0.0,0.0,0.0
20211222,2020-07-29,09:36,AYACUCHO,PE-30A,77.0,DESPISTE,0,2.0,9.0,2020,7,2,0,0.0,0.0,0.0
20211222,2020-07-29,04:40,LAMBAYEQUE,PE-06A,100.0,DESPISTE,0,2.0,4.0,2020,7,2,0,0.0,0.0,0.0
20211222,2020-07-29,05:30,JUNIN,PE-22,159.0,DESPISTE,0,1.0,5.0,2020,7,2,0,0.0,0.0,0.0
20211222,2020-07-29,15:50,LAMBAYEQUE,PE-06A,168.0,CHOQUE,0,2.0,15.0,2020,7,2,0,0.0,0.0,0.0
20211222,2020-07-29,00:50,AMAZONAS,PE-04A,333.0,DESPISTE,0,2.0,0.0,2020,7,2,0,0.0,0.0,0.0
20211222,2020-07-29,07:10,ICA,PE-1S,349.0,CHOQUE,0,1.0,7.0,2020,7,2,0,0.0,0.0,0.0
20211222,2020-07-29,18:30,SAN MARTIN,PE-04A,364.0,CHOQUE,0,1.0,18.0,2020,7,2,0,0.6,0.6,5.0
20211222,2020-07-29,22:30,ANCASH,PE-1N,421.0,DESPISTE,0,1.0,22.0,2020,7,2,0,0.0,0.0,0.0
20211222,2020-07-29,06:15,CUSCO,PE-3S,1005.0,DESPISTE,0,0.0,6.0,2020,7,2,0,0.0,0.0,0.0
20211222,2020-07-30,16:40,JUNIN,PE-22,40.0,CHOQUE,0,0.0,16.0,2020,7,3,0,0.0,0.0,0.0
20211222,2020-07-30,18:30,CUSCO,CU-117,43.0,DESPISTE,0,0.0,18.0,2020,7,3,0,0.0,0.0,0.0
20211222,2020-07-30,14:00,AMAZONAS,AM-108,44.0,CHOQUE,0,0.0,14.0,2020,7,3,0,0.0,0.0,0.0
20211222,2020-07-30,15:50,TACNA,PE-1SD,54.0,DESPISTE,0,2.0,15.0,2020,7,3,0,0.0,0.0,0.0
20211222,2020-07-30,19:30,AREQUIPA,PE-34A,84.0,DESPISTE,0,1.0,19.0,2020,7,3,0,0.0,0.0,0.0
20211222,2020-07-30,23:15,AREQUIPA,PE-1SE,89.0,DESPISTE,0,0.0,23.0,2020,7,3,0,0.0,0.0,0.0
20211222,2020-07-30,04:15,LIMA,PE-22,94.0,CHOQUE,0,0.0,4.0,2020,7,3,0,0.0,0.0,0.0
20211222,2020-07-30,20:00,LIMA,PE-22,106.0,CHOQUE,0,1.0,20.0,2020,7,3,0,0.0,0.0,0.0
20211222,2020-07-30,17:15,JUNIN,PE-22,138.0,CHOQUE,0,2.0,17.0,2020,7,3,0,0.0,0.0,0.0
20211222,2020-07-30,03:40,JUNIN,PE-22,140.0,CHOQUE,0,0.0,3.0,2020,7,3,0,0.0,0.0,0.0
20211222,2020-07-30,11:50,ANCASH,PE-16,176.0,DESPISTE,0,0.0,11.0,2020,7,3,0,0.0,0.0,0.0
20211222,2020-07-30,19:20,JUNIN,PE-24,264.0,CHOQUE,0,0.0,19.0,2020,7,3,0,0.0,0.0,0.0
20211222,2020-07-30,21:30,AMAZONAS,PE-04A,342.0,DESPISTE,0,0.0,21.0,2020,7,3,0,0.0,0.0,0.0
20211222,2020-07-30,07:30,ANCASH,PE-1N,410.0,DESPISTE,0,1.0,7.0,2020,7,3,0,0.0,0.0,0.0
20211222,2020-07-30,21:15,ANCASH,PE-1N,423.0,ESPECIAL,0,5.0,21.0,2020,7,3,0,0.0,0.0,0.0
20211222,2020-07-30,10:00,LAMBAYEQUE,PE-1N,876.0,DESPISTE,0,2.0,10.0,2020,7,3,0,0.0,0.0,0.0
20211222,2020-07-31,17:20,LORETO,LO-103,6.0,DESPISTE,0,2.0,17.0,2020,7,4,0,1.7,1.7,8.0
20211222,2020-07-31,14:00,LAMBAYEQUE,PE-04A,14.0,DESPISTE,0,0.0,14.0,2020,7,4,0,0.0,0.0,0.0
20211222,2020-07-31,22:30,JUNIN,PE-3S,83.0,DESPISTE,0,3.0,22.0,2020,7,4,0,0.0,0.0,0.0
20211222,2020-07-31,09:00,LIMA,PE-1S,130.0,DESPISTE,0,1.0,9.0,2020,7,4,0,0.0,0.0,0.0
20211222,2020-07-31,07:00,PUNO,PE-34A,188.0,DESPISTE,0,0.0,7.0,2020,7,4,0,0.0,0.0,0.0
20211222,2020-07-31,04:35,LA LIBERTAD,PE-1N,702.0,DESPISTE,0,1.0,4.0,2020,7,4,0,0.0,0.0,0.0
20211222,2020-07-31,15:30,CUSCO,PE-3S,1090.0,DESPISTE,0,1.0,15.0,2020,7,4,0,0.0,0.0,0.0
20211222,2020-07-31,03:14,TACNA,PE-1S,1185.0,ATROPELLO,1,0.0,3.0,2020,7,4,1,0.0,0.0,0.0
20211222,2020-08-01,08:30,PUNO,PE-34I,3.0,DESPISTE,0,1.0,8.0,2020,8,5,0,0.0,0.0,0.0
20211222,2020-08-01,21:30,PIURA,PI-102,55.0,CHOQUE,0,1.0,21.0,2020,8,5,0,0.0,0.0,0.0
20211222,2020-08-01,15:00,LIMA,PE-22,90.0,DESPISTE,0,1.0,15.0,2020,8,5,0,0.0,0.0,0.0
20211222,2020-08-01,02:45,LIMA,PE-22,101.0,CHOQUE,0,1.0,2.0,2020,8,5,0,0.0,0.0,0.0
20211222,2020-08-01,03:30,LAMBAYEQUE,PE-06A,139.0,DESPISTE,0,0.0,3.0,2020,8,5,0,0.0,0.0,0.0
20211222,2020-08-01,12:50,PUNO,PE-1S,1404.0,DESPISTE,1,1.0,12.0,2020,8,5,1,0.0,0.0,0.0
20211222,2020-08-02,10:10,CAJAMARCA,PE-06B,7.0,ATROPELLO,0,1.0,10.0,2020,8,6,0,0.0,0.0,0.0
20211222,2020-08-02,20:00,APURIMAC,PE-30A,306.0,DESPISTE,0,3.0,20.0,2020,8,6,0,0.1,0.1,1.0
20211222,2020-08-03,14:00,LORETO,LO-103,8.0,CHOQUE,0,3.0,14.0,2020,8,0,0,0.0,0.0,0.0
20211222,2020-08-03,15:30,CUSCO,PE-28F,52.0,VOLCADURA,0,3.0,15.0,2020,8,0,0,0.0,0.0,0.0
20211222,2020-08-03,07:00,LIMA,PE-1N,63.0,DESPISTE,0,0.0,7.0,2020,8,0,0,0.0,0.0,0.0
20211222,2020-08-03,22:00,JUNIN,PE-3S,73.0,DESPISTE,0,0.0,22.0,2020,8,0,0,0.0,0.0,0.0
20211222,2020-08-03,16:50,JUNIN,PE-5S,78.0,CHOQUE,0,0.0,16.0,2020,8,0,0,0.0,0.0,0.0
20211222,2020-08-03,15:30,PUNO,PE-1S,1372.0,DESPISTE,0,3.0,15.0,2020,8,0,0,0.0,0.0,0.0
20211222,2020-08-04,15:00,LORETO,LO-103,9.0,CHOQUE,0,0.0,15.0,2020,8,1,0,1.0,1.0,3.0
20211222,2020-08-04,08:50,LIMA,PE-1S,109.0,ESPECIAL,0,0.0,8.0,2020,8,1,0,0.0,0.0,0.0
20211222,2020-08-04,08:10,LIMA,PE-22,111.0,CHOQUE,0,0.0,8.0,2020,8,1,0,0.0,0.0,0.0
20211222,2020-08-04,16:30,ANCASH,PE-3N,115.0,DESPISTE,0,0.0,16.0,2020,8,1,0,0.0,0.0,0.0
20211222,2020-08-04,21:00,JUNIN,PE-22,152.0,DESPISTE,0,1.0,21.0,2020,8,1,0,0.0,0.0,0.0
20211222,2020-08-04,N.I.,LIMA,PE-1S,155.0,DESPISTE,0,0.0,,2020,8,1,0,0.0,0.0,0.0
20211222,2020-08-04,15:10,JUNIN,PE-22,157.0,CHOQUE,0,1.0,15.0,2020,8,1,0,0.0,0.0,0.0
20211222,2020-08-04,15:30,AMAZONAS,PE-04A,268.0,DESPISTE,0,1.0,15.0,2020,8,1,0,0.2,0.2,2.0
20211222,2020-08-04,23:40,ANCASH,PE-1N,360.0,CHOQUE,0,2.0,23.0,2020,8,1,0,0.0,0.0,0.0
20211222,2020-08-04,06:50,LA LIBERTAD,PE-1S,513.0,CHOQUE,0,0.0,6.0,2020,8,1,0,0.0,0.0,0.0
20211222,2020-08-04,11:50,AREQUIPA,PE-1S,660.0,DESPISTE,0,4.0,11.0,2020,8,1,0,0.0,0.0,0.0
20211222,2020-08-04,05:00,AREQUIPA,PE-1S,722.0,DESPISTE,0,4.0,5.0,2020,8,1,0,0.0,0.0,0.0
20211222,2020-08-05,12:49,PIURA,PE-1N,5.0,CHOQUE,0,2.0,12.0,2020,8,2,0,0.0,0.0,0.0
20211222,2020-08-05,10:45,JUNIN,PE-3N,15.0,DESPISTE,0,0.0,10.0,2020,8,2,0,0.0,0.0,0.0
20211222,2020-08-05,19:40,LIMA,PE-20A,33.0,CHOQUE,1,0.0,19.0,2020,8,2,1,0.0,0.0,0.0
20211222,2020-08-05,18:30,SAN MARTIN,PE-04A,374.0,CHOQUE,0,0.0,18.0,2020,8,2,0,0.5,0.5,3.0
20211222,2020-08-05,09:30,PUNO,PE-1S,1386.0,CHOQUE,1,1.0,9.0,2020,8,2,1,0.0,0.0,0.0
20211222,2020-08-06,21:30,PIURA,PE-1N,2.0,DESPISTE,0,1.0,21.0,2020,8,3,0,0.0,0.0,0.0
20211222,2020-08-06,10:00,PUNO,PE-36B,20.0,DESPISTE,0,2.0,10.0,2020,8,3,0,0.0,0.0,0.0
20211222,2020-08-06,12:00,AYACUCHO,PE-3S,138.0,DESPISTE,0,0.0,12.0,2020,8,3,0,0.0,0.0,0.0
20211222,2020-08-06,11:40,CAJAMARCA,PE-08,165.0,VOLCADURA,0,1.0,11.0,2020,8,3,0,0.0,0.0,0.0
20211222,2020-08-06,21:00,LIMA,PE-1N,195.0,CHOQUE,0,2.0,21.0,2020,8,3,0,0.0,0.0,0.0
20211222,2020-08-06,04:45,ANCASH,PE-1N,247.0,CHOQUE,0,0.0,4.0,2020,8,3,0,0.0,0.0,0.0
20211222,2020-08-06,15:05,ICA,PE-1S,296.0,CHOQUE,0,0.0,15.0,2020,8,3,0,0.0,0.0,0.0
20211222,2020-08-06,00:12,MADRE DE DIOS,PE-30C,325.0,DESPISTE,0,1.0,0.0,2020,8,3,0,0.0,0.0,0.0
20211222,2020-08-06,18:56,ICA,PE-1S,331.0,CHOQUE,0,1.0,18.0,2020,8,3,0,0.0,0.0,0.0
20211222,2020-08-06,07:30,ICA,PE-1S,421.0,CHOQUE,0,0.0,7.0,2020,8,3,0,0.0,0.0,0.0
20211222,2020-08-07,09:00,AREQUIPA,PE-1SD,22.0,CHOQUE,0,2.0,9.0,2020,8,4,0,0.0,0.0,0.0
20211222,2020-08-07,15:00,JUNIN,PE-22B,93.0,DESPISTE,0,0.0,15.0,2020,8,4,0,0.0,0.0,0.0
20211222,2020-08-07,09:00,LIMA,PE-1N,107.0,DESPISTE,0,0.0,9.0,2020,8,4,0,0.0,0.0,0.0
20211222,2020-08-07,04:30,LIMA,PE-1N,107.0,DESPISTE,0,0.0,4.0,2020,8,4,0,0.0,0.0,0.0
20211222,2020-08-07,01:15,PUNO,PE-36A,235.0,CHOQUE,0,2.0,1.0,2020,8,4,0,0.0,0.0,0.0
20211222,2020-08-07,06:45,ANCASH,PE-1N,268.0,CHOQUE,0,0.0,6.0,2020,8,4,0,0.0,0.0,0.0
20211222,2020-08-07,09:00,LA LIBERTAD,PE-1N,707.0,ESPECIAL,0,0.0,9.0,2020,8,4,0,0.0,0.0,0.0
20211222,2020-08-07,N.I.,LA LIBERTAD,PE-1N,707.0,ESPECIAL,0,0.0,,2020,8,4,0,0.0,0.0,0.0
20211222,2020-08-07,06:30,LA LIBERTAD,PE-1N,724.0,CHOQUE,0,10.0,6.0,2020,8,4,0,0.0,0.0,0.0
20211222,2020-08-08,20:00,LORETO,LO-103,3.0,CHOQUE,0,2.0,20.0,2020,8,5,0,1.2,1.2,6.0
20211222,2020-08-08,N.I.,LIMA,PE-1N,83.0,ESPECIAL,0,0.0,,2020,8,5,0,0.0,0.0,0.0
20211222,2020-08-08,03:55,PIURA,PE-1N,118.0,DESPISTE,0,2.0,3.0,2020,8,5,0,0.0,0.0,0.0
20211222,2020-08-08,18:30,LIMA,PE-22,125.0,CHOQUE,0,1.0,18.0,2020,8,5,0,0.0,0.0,0.0
20211222,2020-08-08,19:40,LIMA,PE-1N,129.0,ATROPELLO,1,0.0,19.0,2020,8,5,1,0.0,0.0,0.0
20211222,2020-08-08,16:10,JUNIN,PE-22,142.0,DESPISTE,0,2.0,16.0,2020,8,5,0,0.0,0.0,0.0
20211222,2020-08-08,05:00,LIMA,PE-1N,143.0,DESPISTE,0,2.0,5.0,2020,8,5,0,0.0,0.0,0.0
20211222,2020-08-08,14:00,LIMA,PE-1N,169.0,CHOQUE,0,1.0,14.0,2020,8,5,0,0.0,0.0,0.0
20211222,2020-08-08,11:50,AMAZONAS,PE-04A,221.0,CHOQUE,0,2.0,11.0,2020,8,5,0,0.0,0.0,0.0
20211222,2020-08-08,07:02,PIURA,PE-1NJ,244.0,CHOQUE,0,3.0,7.0,2020,8,5,0,0.0,0.0,0.0
20211222,2020-08-08,03:52,LA LIBERTAD,PE-1N,523.0,CHOQUE,1,0.0,3.0,2020,8,5,1,0.0,0.0,0.0
20211222,2020-08-08,14:45,SAN MARTIN,PE-04A,551.0,DESPISTE,0,0.0,14.0,2020,8,5,0,0.0,0.0,0.0
20211222,2020-08-08,16:40,AREQUIPA,PE-1S,641.0,DESPISTE,0,0.0,16.0,2020,8,5,0,0.0,0.0,0.0
20211222,2020-08-09,06:00,LORETO,LO-103,1.0,CHOQUE,0,1.0,6.0,2020,8,6,0,0.2,0.2,1.0
20211222,2020-08-09,08:50,ANCASH,AN-110,4.0,DESPISTE,0,0.0,8.0,2020,8,6,0,0.0,0.0,0.0
20211222,2020-08-09,06:30,ANCASH,AN-111,54.0,VOLCADURA,0,0.0,6.0,2020,8,6,0,0.0,0.0,0.0
20211222,2020-08-09,08:30,AREQUIPA,PE-34A,65.0,ESPECIAL,0,0.0,8.0,2020,8,6,0,0.0,0.0,0.0
20211222,2020-08-09,17:50,LIMA,PE-1S,117.0,DESPISTE,0,6.0,17.0,2020,8,6,0,0.0,0.0,0.0
20211222,2020-08-09,06:00,AREQUIPA,PE-34A,122.0,DESPISTE,0,0.0,6.0,2020,8,6,0,0.0,0.0,0.0
20211222,2020-08-09,14:29,ICA,PE-1S,397.0,DESPISTE,0,0.0,14.0,2020,8,6,0,0.0,0.0,0.0
20211222,2020-08-09,08:50,ANCASH,PE-3N,527.0,CHOQUE,0,2.0,8.0,2020,8,6,0,0.0,0.0,0.0
20211222,2020-08-09,09:30,ICA,PE-1S,589.0,DESPISTE,0,1.0,9.0,2020,8,6,0,0.0,0.0,0.0
20211222,2020-08-09,11:15,LA LIBERTAD,PE-1N,806.0,CHOQUE,0,2.0,11.0,2020,8,6,0,0.0,0.0,0.0
20211222,2020-08-09,23:08,PIURA,PE-1N,1027.0,CHOQUE,1,0.0,23.0,2020,8,6,1,0.0,0.0,0.0
20211222,2020-08-10,22:40,JUNIN,PE-3N,10.0,DESPISTE,0,0.0,22.0,2020,8,0,0,0.0,0.0,0.0
20211222,2020-08-10,08:30,LIMA,PE-1S,28.0,DESPISTE,0,4.0,8.0,2020,8,0,0,0.0,0.0,0.0
20211222,2020-08-10,07:00,LIMA,PE-1S,59.0,DESPISTE,0,3.0,7.0,2020,8,0,0,0.0,0.0,0.0
20211222,2020-08-10,07:10,LIMA,PE-1N,95.0,DESPISTE,0,1.0,7.0,2020,8,0,0,0.0,0.0,0.0
20211222,2020-08-10,06:10,LIMA,PE-1S,149.0,DESPISTE,0,0.0,6.0,2020,8,0,0,0.0,0.0,0.0
20211222,2020-08-10,22:30,JUNIN,PE-22,163.0,CHOQUE,0,1.0,22.0,2020,8,0,0,0.0,0.0,0.0
20211222,2020-08-10,07:50,PUNO,PE-34A,243.0,DESPISTE,0,0.0,7.0,2020,8,0,0,0.0,0.0,0.0
20211222,2020-08-10,19:10,ANCASH,PE-1N,368.0,CHOQUE,0,2.0,19.0,2020,8,0,0,0.0,0.0,0.0
20211222,2020-08-10,06:00,ANCASH,PE-1N,422.0,CHOQUE,0,0.0,6.0,2020,8,0,0,0.0,0.0,0.0
20211222,2020-08-10,05:55,SAN MARTIN,PE-04A,555.0,CHOQUE,0,1.0,5.0,2020,8,0,0,0.1,0.1,1.0
20211222,2020-08-10,01:30,PIURA,PE-1N,953.0,CHOQUE,0,1.0,1.0,2020,8,0,0,0.0,0.0,0.0
20211222,2020-08-11,16:40,UCAYALI,PE-04A,17.0,ATROPELLO,0,2.0,16.0,2020,8,1,0,0.0,0.0,0.0
20211222,2020-08-11,14:30,UCAYALI,PE-04A,50.0,CHOQUE,0,0.0,14.0,2020,8,1,0,0.0,0.0,0.0
20211222,2020-08-11,11:40,PIURA,PE-1N,54.0,DESPISTE,0,2.0,11.0,2020,8,1,0,0.0,0.0,0.0
20211222,2020-08-11,17:45,LAMBAYEQUE,PE-1N,80.0,DESPISTE,0,0.0,17.0,2020,8,1,0,0.0,0.0,0.0
20211222,2020-08-11,02:30,LIMA,PE-22,81.0,DESPISTE,0,0.0,2.0,2020,8,1,0,0.0,0.0,0.0
20211222,2020-08-11,23:40,CUSCO,PE-28B,128.0,DESPISTE,0,1.0,23.0,2020,8,1,0,5.7,5.5,5.0
20211222,2020-08-11,18:20,LIMA,PE-1N,237.0,DESPISTE,0,0.0,18.0,2020,8,1,0,0.0,0.0,0.0
20211222,2020-08-11,00:40,PUNO,PE-36A,302.0,DESPISTE,0,0.0,0.0,2020,8,1,0,2.1,1.1,2.0
20211222,2020-08-11,19:00,MADRE DE DIOS,PE-30C,378.0,CHOQUE,1,0.0,19.0,2020,8,1,1,0.3,0.3,2.0
20211222,2020-08-11,10:30,CUSCO,PE-3S,1038.0,DESPISTE,0,0.0,10.0,2020,8,1,0,5.7,5.5,5.0
20211222,2020-08-12,04:40,LIMA,PE-22,11.0,DESPISTE,0,3.0,4.0,2020,8,2,0,0.0,0.0,0.0
20211222,2020-08-12,19:00,LIMA,PE-20,14.0,ATROPELLO,1,0.0,19.0,2020,8,2,1,0.0,0.0,0.0
20211222,2020-08-12,20:50,LIMA,PE-1S,123.0,CHOQUE,0,0.0,20.0,2020,8,2,0,0.0,0.0,0.0
20211222,2020-08-12,14:50,JUNIN,PE-22,152.0,DESPISTE,0,3.0,14.0,2020,8,2,0,0.0,0.0,0.0
20211222,2020-08-12,16:00,TUMBES,PE-1N,268.0,DESPISTE,0,2.0,16.0,2020,8,2,0,0.0,0.0,0.0
20211222,2020-08-12,00:45,ANCASH,PE-1N,272.0,CHOQUE,0,1.0,0.0,2020,8,2,0,0.0,0.0,0.0
20211222,2020-08-12,23:30,AMAZONAS,PE-08B,306.0,ATROPELLO,1,0.0,23.0,2020,8,2,1,0.0,0.0,0.0
20211222,2020-08-12,17:30,APURIMAC,PE-30A,383.0,DESPISTE,0,0.0,17.0,2020,8,2,0,0.5,0.5,3.0
20211222,2020-08-12,08:00,AREQUIPA,PE-1S,885.0,CHOQUE,0,3.0,8.0,2020,8,2,0,0.0,0.0,0.0
20211222,2020-08-12,08:15,PIURA,PE-1N,1024.0,CHOQUE,0,1.0,8.0,2020,8,2,0,0.0,0.0,0.0
20211222,2020-08-12,13:00,CUSCO,PE-3S,1088.0,CHOQUE,0,1.0,13.0,2020,8,2,0,1.6,1.6,6.0
20211222,2020-08-13,10:00,LIMA,PE-22,7.0,DESPISTE,0,1.0,10.0,2020,8,3,0,0.0,0.0,0.0
20211222,2020-08-13,23:50,CAJAMARCA,PE-08A,25.0,DESPISTE,0,2.0,23.0,2020,8,3,0,0.0,0.0,0.0
20211222,2020-08-13,06:30,JUNIN,PE-3S,35.0,CHOQUE,0,0.0,6.0,2020,8,3,0,0.3,0.3,2.0
20211222,2020-08-13,03:00,AREQUIPA,PE-1SE,89.0,DESPISTE,0,4.0,3.0,2020,8,3,0,0.0,0.0,0.0
20211222,2020-08-13,02:07,CAJAMARCA,PE-08,167.0,DESPISTE,0,0.0,2.0,2020,8,3,0,0.0,0.0,0.0
20211222,2020-08-13,07:30,HUANCAVELICA,PE-18C,180.0,CHOQUE,0,1.0,7.0,2020,8,3,0,0.5,0.5,2.0
20211222,2020-08-13,12:30,PUNO,PE-36A,193.0,DESPISTE,0,0.0,12.0,2020,8,3,0,0.0,0.0,0.0
20211222,2020-08-13,09:00,ANCASH,PE-1N,287.0,DESPISTE,0,0.0,9.0,2020,8,3,0,0.0,0.0,0.0
20211222,2020-08-13,21:50,AREQUIPA,PE-1S,506.0,DESPISTE,0,0.0,21.0,2020,8,3,0,0.0,0.0,0.0
20211222,2020-08-13,20:55,LA LIBERTAD,PE-1N,634.0,CHOQUE,0,1.0,20.0,2020,8,3,0,0.0,0.0,0.0
20211222,2020-08-14,10:30,PIURA,PE-1NN,15.0,CHOQUE,0,1.0,10.0,2020,8,4,0,0.0,0.0,0.0
20211222,2020-08-14,10:30,LIMA,PE-1NA,21.0,CHOQUE,0,0.0,10.0,2020,8,4,0,0.0,0.0,0.0
20211222,2020-08-14,16:45,LORETO,LO-103,33.0,CHOQUE,1,0.0,16.0,2020,8,4,1,4.6,4.6,10.0
20211222,2020-08-14,14:50,LIMA,PE-1S,85.0,DESPISTE,0,0.0,14.0,2020,8,4,0,0.0,0.0,0.0
20211222,2020-08-14,23:30,LIMA,PE-1SJ,145.0,ATROPELLO,0,1.0,23.0,2020,8,4,0,0.0,0.0,0.0
20211222,2020-08-14,19:40,LIMA,PE-1S,150.0,CHOQUE,0,1.0,19.0,2020,8,4,0,0.0,0.0,0.0
20211222,2020-08-14,18:50,ICA,PE-1S,253.0,CHOQUE,6,7.0,18.0,2020,8,4,1,0.0,0.0,0.0
20211222,2020-08-14,05:20,ANCASH,PE-1N,307.0,DESPISTE,0,1.0,5.0,2020,8,4,0,0.0,0.0,0.0
20211222,2020-08-14,16:00,LAMBAYEQUE,PE-1N,755.0,DESPISTE,0,1.0,16.0,2020,8,4,0,0.0,0.0,0.0
20211222,2020-08-15,14:10,LORETO,LO-103,16.0,DESPISTE,0,2.0,14.0,2020,8,5,0,0.5,0.5,4.0
20211222,2020-08-15,09:20,UCAYALI,PE-04A,44.0,DESPISTE,0,1.0,9.0,2020,8,5,0,0.8,0.8,7.0
20211222,2020-08-15,15:30,CAJAMARCA,PE-08,130.0,DESPISTE,0,2.0,15.0,2020,8,5,0,0.4,0.4,3.0
20211222,2020-08-15,05:50,LIMA,PE-1N,132.0,ESPECIAL,0,0.0,5.0,2020,8,5,0,0.0,0.0,0.0
20211222,2020-08-15,06:00,LIMA,PE-1N,132.0,CHOQUE,0,1.0,6.0,2020,8,5,0,0.0,0.0,0.0
20211222,2020-08-15,07:03,AMAZONAS,PE-3N,132.0,CHOQUE,1,0.0,7.0,2020,8,5,1,1.0,1.0,7.0
20211222,2020-08-15,09:30,LIMA,PE-1N,139.0,CHOQUE,0,0.0,9.0,2020,8,5,0,0.0,0.0,0.0
20211222,2020-08-15,13:00,PUNO,PE-34B,335.0,DESPISTE,0,1.0,13.0,2020,8,5,0,0.0,0.0,0.0
20211222,2020-08-15,08:20,SAN MARTIN,PE-04A,418.0,DESPISTE,0,0.0,8.0,2020,8,5,0,5.0,5.0,7.0
20211222,2020-08-16,21:30,JUNIN,PE-22,74.0,DESPISTE,0,1.0,21.0,2020,8,6,0,0.1,0.1,1.0
20211222,2020-08-16,05:10,LIMA,PE-1N,104.0,DESPISTE,0,2.0,5.0,2020,8,6,0,0.2,0.2,2.0
20211222,2020-08-16,15:20,PUNO,PE-34A,231.0,DESPISTE,0,4.0,15.0,2020,8,6,0,0.0,0.0,0.0
20211222,2020-08-16,19:00,ICA,PE-1S,332.0,CHOQUE,1,0.0,19.0,2020,8,6,1,0.0,0.0,0.0
20211222,2020-08-16,15:10,ANCASH,PE-1N,433.0,VOLCADURA,0,0.0,15.0,2020,8,6,0,0.1,0.1,1.0
20211222,2020-08-16,02:00,LA LIBERTAD,PE-1N,453.0,CHOQUE,3,1.0,2.0,2020,8,6,1,0.0,0.0,0.0
20211222,2020-08-16,23:15,PIURA,PE-1N,1019.0,CHOQUE,1,0.0,23.0,2020,8,6,1,0.0,0.0,0.0
20211222,2020-08-16,01:40,LA LIBERTAD,PE-3N,1078.0,CHOQUE,0,0.0,1.0,2020,8,6,0,0.0,0.0,0.0
20211222,2020-08-17,22:32,LIMA,PE-1S,14.0,CHOQUE,0,0.0,22.0,2020,8,0,0,0.0,0.0,0.0
20211222,2020-08-17,18:00,PIURA,PE-02,33.0,DESPISTE,0,0.0,18.0,2020,8,0,0,0.0,0.0,0.0
20211222,2020-08-17,00:30,LIMA,PE-1N,34.0,CHOQUE,0,0.0,0.0,2020,8,0,0,0.0,0.0,0.0
20211222,2020-08-17,12:20,LIMA,PE-1N,46.0,DESPISTE,0,0.0,12.0,2020,8,0,0,0.0,0.0,0.0
20211222,2020-08-17,06:45,UCAYALI,PE-18C,56.0,CHOQUE,1,1.0,6.0,2020,8,0,1,0.0,0.0,0.0
20211222,2020-08-17,06:30,CAJAMARCA,PE-08,157.0,CHOQUE,0,0.0,6.0,2020,8,0,0,0.0,0.0,0.0
20211222,2020-08-17,20:10,LIMA,PE-1N,190.0,CHOQUE,1,1.0,20.0,2020,8,0,1,0.0,0.0,0.0
20211222,2020-08-17,16:00,MADRE DE DIOS,PE-30C,277.0,ATROPELLO,1,0.0,16.0,2020,8,0,1,0.0,0.0,0.0
20211222,2020-08-17,17:30,APURIMAC,PE-30A,358.0,DESPISTE,0,2.0,17.0,2020,8,0,0,0.0,0.0,0.0
20211222,2020-08-17,22:30,ANCASH,PE-3N,594.0,DESPISTE,0,0.0,22.0,2020,8,0,0,0.0,0.0,0.0
20211222,2020-08-17,16:00,AREQUIPA,PE-1S,804.0,CHOQUE,0,1.0,16.0,2020,8,0,0,0.0,0.0,0.0
20211222,2020-08-18,18:50,JUNIN,PE-3SA,4.0,CHOQUE,0,0.0,18.0,2020,8,1,0,0.0,0.0,0.0
20211222,2020-08-18,17:20,LAMBAYEQUE,PE-08,9.0,CHOQUE,0,0.0,17.0,2020,8,1,0,0.0,0.0,0.0
20211222,2020-08-18,07:45,JUNIN,PE-3N,19.0,DESPISTE,0,0.0,7.0,2020,8,1,0,0.0,0.0,0.0
20211222,2020-08-18,21:30,CAJAMARCA,PE-08B,28.0,CHOQUE,0,1.0,21.0,2020,8,1,0,0.0,0.0,0.0
20211222,2020-08-18,08:20,JUNIN,PE-3S,35.0,DESPISTE,0,1.0,8.0,2020,8,1,0,0.0,0.0,0.0
20211222,2020-08-18,16:30,LAMBAYEQUE,PE-1NJ,64.0,CHOQUE,0,1.0,16.0,2020,8,1,0,0.0,0.0,0.0
20211222,2020-08-18,20:00,LIMA,PE-1N,191.0,CHOQUE,1,1.0,20.0,2020,8,1,1,0.0,0.0,0.0
20211222,2020-08-19,13:39,LIMA,PE-1NA,17.0,ESPECIAL,0,0.0,13.0,2020,8,2,0,0.0,0.0,0.0
20211222,2020-08-19,10:30,LIMA,PE-1S,28.0,ATROPELLO,1,0.0,10.0,2020,8,2,1,0.0,0.0,0.0
20211222,2020-08-19,05:30,JUNIN,PE-3S,52.0,CHOQUE,2,0.0,5.0,2020,8,2,1,0.0,0.0,0.0
20211222,2020-08-19,01:30,LIMA,PE-1S,136.0,DESPISTE,0,0.0,1.0,2020,8,2,0,0.0,0.0,0.0
20211222,2020-08-19,07:30,AREQUIPA,PE-1SD,163.0,DESPISTE,0,0.0,7.0,2020,8,2,0,0.0,0.0,0.0
20211222,2020-08-19,07:00,PUNO,PE-34A,208.0,DESPISTE,1,0.0,7.0,2020,8,2,1,0.0,0.0,0.0
20211222,2020-08-19,07:30,ANCASH,PE-1N,254.0,DESPISTE,0,1.0,7.0,2020,8,2,0,0.0,0.0,0.0
20211222,2020-08-19,22:10,AYACUCHO,PE-28A,315.0,CHOQUE,0,0.0,22.0,2020,8,2,0,0.0,0.0,0.0
20211222,2020-08-19,05:30,APURIMAC,PE-3S,672.0,DESPISTE,0,2.0,5.0,2020,8,2,0,0.4,0.4,4.0
20211222,2020-08-19,16:10,LA LIBERTAD,PE-1N,690.0,CHOQUE,0,1.0,16.0,2020,8,2,0,0.0,0.0,0.0
20211222,2020-08-20,12:00,PUNO,PE-34B,1.0,DESPISTE,0,1.0,12.0,2020,8,3,0,0.0,0.0,0.0
20211222,2020-08-20,08:30,AREQUIPA,AR-105,11.0,CHOQUE,2,0.0,8.0,2020,8,3,1,0.0,0.0,0.0
20211222,2020-08-20,00:10,UCAYALI,PE-18C,19.0,CHOQUE,0,1.0,0.0,2020,8,3,0,13.8,13.8,12.0
20211222,2020-08-20,08:30,AREQUIPA,PE-34E,31.0,DESPISTE,0,1.0,8.0,2020,8,3,0,0.0,0.0,0.0
20211222,2020-08-20,20:20,PIURA,PE-1N,69.0,CHOQUE,0,1.0,20.0,2020,8,3,0,0.0,0.0,0.0
20211222,2020-08-20,04:50,LAMBAYEQUE,PE-1NJ,89.0,CHOQUE,0,2.0,4.0,2020,8,3,0,0.0,0.0,0.0
20211222,2020-08-20,23:30,CAJAMARCA,PE-06A,104.0,DESPISTE,0,0.0,23.0,2020,8,3,0,0.0,0.0,0.0
20211222,2020-08-20,16:00,HUANUCO,N.I.,135.0,DESPISTE,0,0.0,16.0,2020,8,3,0,6.8,6.8,14.0
20211222,2020-08-20,11:00,UCAYALI,PE-18C,159.0,DESPISTE,0,1.0,11.0,2020,8,3,0,13.8,13.8,12.0
20211222,2020-08-20,06:08,CAJAMARCA,PE-08,161.0,CHOQUE,0,0.0,6.0,2020,8,3,0,0.0,0.0,0.0
20211222,2020-08-20,15:10,AYACUCHO,PE-3S,163.0,DESPISTE,0,2.0,15.0,2020,8,3,0,0.0,0.0,0.0
20211222,2020-08-20,23:30,ICA,PE-1S,183.0,CHOQUE,0,0.0,23.0,2020,8,3,0,0.0,0.0,0.0
20211222,2020-08-20,22:50,AMAZONAS,PE-08B,319.0,DESPISTE,0,0.0,22.0,2020,8,3,0,0.5,0.5,5.0
20211222,2020-08-20,21:10,ANCASH,PE-1N,358.0,CHOQUE,0,1.0,21.0,2020,8,3,0,2.0,2.0,4.0
20211222,2020-08-20,19:40,MADRE DE DIOS,PE-30C,410.0,DESPISTE,0,2.0,19.0,2020,8,3,0,25.4,25.4,8.0
20211222,2020-08-20,20:00,LA LIBERTAD,PE-1N,550.0,CHOQUE,0,1.0,20.0,2020,8,3,0,0.0,0.0,0.0
20211222,2020-08-20,10:30,CAJAMARCA,PE-3N,1293.0,DESPISTE,0,0.0,10.0,2020,8,3,0,0.0,0.0,0.0
20211222,2020-08-21,17:50,CAJAMARCA,PE-3N,34.0,DESPISTE,0,1.0,17.0,2020,8,4,0,3.2,3.2,3.0
20211222,2020-08-21,11:20,APURIMAC,AP-769,43.0,VOLCADURA,0,5.0,11.0,2020,8,4,0,0.0,0.0,0.0
20211222,2020-08-21,05:15,TACNA,PE-1SD,62.0,DESPISTE,0,0.0,5.0,2020,8,4,0,0.0,0.0,0.0
20211222,2020-08-21,12:30,ICA,PE-30A,69.0,DESPISTE,1,1.0,12.0,2020,8,4,1,0.0,0.0,0.0
20211222,2020-08-21,08:00,JUNIN,PE-22B,77.0,DESPISTE,0,1.0,8.0,2020,8,4,0,0.0,0.0,0.0
20211222,2020-08-21,21:00,LIMA,PE-22,127.0,VOLCADURA,0,0.0,21.0,2020,8,4,0,0.0,0.0,0.0
20211222,2020-08-21,12:25,LIMA,PE-1N,136.0,DESPISTE,1,2.0,12.0,2020,8,4,1,0.0,0.0,0.0
20211222,2020-08-21,14:15,CUSCO,PE-28B,144.0,DESPISTE,0,0.0,14.0,2020,8,4,0,0.0,0.0,0.0
20211222,2020-08-21,19:00,LIMA,PE-1S,150.0,DESPISTE,0,3.0,19.0,2020,8,4,0,0.0,0.0,0.0
20211222,2020-08-21,05:00,ANCASH,PE-3N,155.0,DESPISTE,0,1.0,5.0,2020,8,4,0,3.1,3.1,5.0
20211222,2020-08-21,12:45,LIMA,PE-1N,234.0,CHOQUE,0,0.0,12.0,2020,8,4,0,0.0,0.0,0.0
20211222,2020-08-21,03:00,ANCASH,PE-1N,368.0,DESPISTE,0,1.0,3.0,2020,8,4,0,3.1,3.1,5.0
20211222,2020-08-21,11:10,AYACUCHO,PE-3S,433.0,CHOQUE,0,4.0,11.0,2020,8,4,0,0.0,0.0,0.0
20211222,2020-08-21,15:40,PIURA,PE-1N,1005.0,CHOQUE,1,1.0,15.0,2020,8,4,1,0.0,0.0,0.0
20211222,2020-08-21,21:55,PIURA,PE-1N,1023.0,ATROPELLO,1,0.0,21.0,2020,8,4,1,0.0,0.0,0.0
20211222,2020-08-21,17:00,PUNO,PE-3S,1320.0,ATROPELLO,0,1.0,17.0,2020,8,4,0,0.0,0.0,0.0
20211222,2020-08-22,06:30,AREQUIPA,PE-34E,4.0,CHOQUE,0,1.0,6.0,2020,8,5,0,0.0,0.0,0.0
20211222,2020-08-22,16:30,LIMA,PE-1S,24.0,CHOQUE,0,1.0,16.0,2020,8,5,0,0.0,0.0,0.0
20211222,2020-08-22,10:00,LIMA,PE-1N,28.0,CHOQUE,0,0.0,10.0,2020,8,5,0,0.0,0.0,0.0
20211222,2020-08-22,16:30,LAMBAYEQUE,PE-1NJ,61.0,DESPISTE,0,12.0,16.0,2020,8,5,0,0.0,0.0,0.0
20211222,2020-08-22,22:02,LAMBAYEQUE,PE-1NJ,80.0,DESPISTE,0,1.0,22.0,2020,8,5,0,0.0,0.0,0.0
20211222,2020-08-22,14:00,JUNIN,PE-22B,80.0,DESPISTE,0,0.0,14.0,2020,8,5,0,0.6,0.6,2.0
20211222,2020-08-22,13:45,LIMA,PE-1S,160.0,DESPISTE,0,0.0,13.0,2020,8,5,0,0.0,0.0,0.0
20211222,2020-08-22,18:50,SAN MARTIN,PE-04A,438.0,ATROPELLO,0,1.0,18.0,2020,8,5,0,0.3,0.3,2.0
20211222,2020-08-22,23:55,AREQUIPA,PE-1S,688.0,ESPECIAL,0,0.0,23.0,2020,8,5,0,0.0,0.0,0.0
20211222,2020-08-22,07:50,CUSCO,PE-3S,916.0,VOLCADURA,0,0.0,7.0,2020,8,5,0,0.0,0.0,0.0
20211222,2020-08-22,10:40,TACNA,PE-1S,1156.0,DESPISTE,0,2.0,10.0,2020,8,5,0,0.0,0.0,0.0
20211222,2020-08-23,05:40,LIMA,PE-1N,6.0,CHOQUE,0,2.0,5.0,2020,8,6,0,0.0,0.0,0.0
20211222,2020-08-23,07:20,LIMA,PE-1N,45.0,CHOQUE,0,1.0,7.0,2020,8,6,0,0.0,0.0,0.0
20211222,2020-08-23,20:30,CAJAMARCA,PE-08A,49.0,CHOQUE,0,2.0,20.0,2020,8,6,0,0.0,0.0,0.0
20211222,2020-08-23,19:35,HUANUCO,PE-3N,241.0,ATROPELLO,0,0.0,19.0,2020,8,6,0,0.1,0.1,1.0
20211222,2020-08-23,20:45,MADRE DE DIOS,PE-30C,322.0,ATROPELLO,0,1.0,20.0,2020,8,6,0,0.0,0.0,0.0
20211222,2020-08-23,17:30,PIURA,PE-1NL,1042.0,CHOQUE,0,2.0,17.0,2020,8,6,0,0.0,0.0,0.0
20211222,2020-08-24,10:30,CAJAMARCA,PE-08A,5.0,DESPISTE,0,1.0,10.0,2020,8,0,0,0.0,0.0,0.0
20211222,2020-08-24,19:20,JUNIN,PE-22,24.0,CHOQUE,0,0.0,19.0,2020,8,0,0,0.0,0.0,0.0
20211222,2020-08-24,14:50,LA LIBERTAD,PE-1N,41.0,N.I.,1,1.0,14.0,2020,8,0,1,0.0,0.0,0.0
20211222,2020-08-24,13:20,HUANUCO,PE-5N,61.0,DESPISTE,1,0.0,13.0,2020,8,0,1,0.0,0.0,0.0
20211222,2020-08-24,12:10,LIMA,PE-22,86.0,DESPISTE,0,0.0,12.0,2020,8,0,0,0.0,0.0,0.0
20211222,2020-08-24,07:50,APURIMAC,PE-30A,228.0,N.I.,0,0.0,7.0,2020,8,0,0,0.0,0.0,0.0
20211222,2020-08-24,20:30,HUANUCO,PE-3N,240.0,CHOQUE,0,2.0,20.0,2020,8,0,0,0.0,0.0,0.0
20211222,2020-08-24,19:40,PUNO,PE-36A,301.0,DESPISTE,0,3.0,19.0,2020,8,0,0,0.0,0.0,0.0
20211222,2020-08-24,00:40,HUANUCO,PE-5N,480.0,DESPISTE,0,1.0,0.0,2020,8,0,0,0.0,0.0,0.0
20211222,2020-08-24,07:45,LA LIBERTAD,PE-1N,519.0,ATROPELLO,0,1.0,7.0,2020,8,0,0,0.0,0.0,0.0
20211222,2020-08-24,N.I.,AREQUIPA,PE-1S,931.0,DESPISTE,0,1.0,,2020,8,0,0,0.0,0.0,0.0
20211222,2020-08-24,09:00,AREQUIPA,PE-1S,1075.0,DESPISTE,0,1.0,9.0,2020,8,0,0,0.0,0.0,0.0
20211222,2020-08-25,16:00,LA LIBERTAD,PE-08,8.0,CHOQUE,0,4.0,16.0,2020,8,1,0,0.0,0.0,0.0
20211222,2020-08-25,08:30,CAJAMARCA,PE-08A,13.0,DESPISTE,0,2.0,8.0,2020,8,1,0,0.0,0.0,0.0
20211222,2020-08-25,06:34,PIURA,PE-02,17.0,DESPISTE,0,1.0,6.0,2020,8,1,0,0.0,0.0,0.0
20211222,2020-08-25,22:15,LIMA,PE-1S,19.0,CHOQUE,0,1.0,22.0,2020,8,1,0,0.0,0.0,0.0
20211222,2020-08-25,09:30,PUNO,PE-34H,44.0,CHOQUE,0,2.0,9.0,2020,8,1,0,0.1,0.1,1.0
20211222,2020-08-25,07:35,LORETO,PE-06A,54.0,CHOQUE,0,0.0,7.0,2020,8,1,0,0.0,0.0,0.0
20211222,2020-08-25,07:30,ANCASH,PE-1N,256.0,DESPISTE,0,0.0,7.0,2020,8,1,0,0.4,0.4,1.0
20211222,2020-08-25,20:40,ANCASH,PE-1N,392.0,CHOQUE,0,1.0,20.0,2020,8,1,0,0.4,0.4,1.0
20211222,2020-08-25,11:30,MADRE DE DIOS,PE-30C,418.0,DESPISTE,0,0.0,11.0,2020,8,1,0,0.0,0.0,0.0
20211222,2020-08-25,23:00,ICA,PE-1S,422.0,DESPISTE,1,1.0,23.0,2020,8,1,1,0.0,0.0,0.0
20211222,2020-08-25,18:00,LA LIBERTAD,PE-1N,588.0,CHOQUE,0,0.0,18.0,2020,8,1,0,0.0,0.0,0.0
20211222,2020-08-25,13:40,SAN MARTIN,PE-5N,,N.I.,0,1.0,13.0,2020,8,1,0,0.0,0.0,0.0
20211222,2020-08-26,21:00,AREQUIPA,PE-34E,4.0,CHOQUE,0,0.0,21.0,2020,8,2,0,0.0,0.0,0.0
20211222,2020-08-26,16:45,CAJAMARCA,PE-06B,5.0,CHOQUE,0,2.0,16.0,2020,8,2,0,0.0,0.0,0.0
20211222,2020-08-26,08:20,JUNIN,PE-22,5.0,DESPISTE,0,0.0,8.0,2020,8,2,0,0.0,0.0,0.0
20211222,2020-08-26,00:35,PIURA,PE-04B,21.0,DESPISTE,1,0.0,0.0,2020,8,2,1,0.0,0.0,0.0
20211222,2020-08-26,22:45,LIMA,PE-22,88.0,DESPISTE,0,0.0,22.0,2020,8,2,0,0.0,0.0,0.0
20211222,2020-08-26,22:00,LIMA,PE-1S,97.0,DESPISTE,0,0.0,22.0,2020,8,2,0,0.0,0.0,0.0
20211222,2020-08-26,10:30,ANCASH,PE-3N,110.0,ATROPELLO,0,2.0,10.0,2020,8,2,0,0.0,0.0,0.0
20211222,2020-08-26,10:20,LIMA,PE-1S,118.0,DESPISTE,0,1.0,10.0,2020,8,2,0,0.0,0.0,0.0
20211222,2020-08-26,05:00,LIMA,PE-1N,130.0,ESPECIAL,0,0.0,5.0,2020,8,2,0,0.0,0.0,0.0
20211222,2020-08-26,16:40,JUNIN,PE-22,152.0,CHOQUE,0,4.0,16.0,2020,8,2,0,0.0,0.0,0.0
20211222,2020-08-26,22:00,ICA,PE-1S,184.0,ATROPELLO,0,1.0,22.0,2020,8,2,0,0.0,0.0,0.0
20211222,2020-08-26,08:55,PIURA,PE-1NJ,186.0,DESPISTE,1,1.0,8.0,2020,8,2,1,0.0,0.0,0.0
20211222,2020-08-26,18:55,AREQUIPA,PE-1S,502.0,CHOQUE,0,1.0,18.0,2020,8,2,0,0.0,0.0,0.0
20211222,2020-08-26,15:00,SAN MARTIN,PE-5N,545.0,DESPISTE,0,1.0,15.0,2020,8,2,0,0.0,0.0,0.0
20211222,2020-08-26,22:50,AREQUIPA,PE-1S,704.0,CHOQUE,0,2.0,22.0,2020,8,2,0,0.0,0.0,0.0
20211222,2020-08-27,15:50,SAN MARTIN,SM-114,3.0,CHOQUE,2,0.0,15.0,2020,8,3,1,0.0,0.0,0.0
20211222,2020-08-27,05:45,JUNIN,PE-22,152.0,DESPISTE,0,0.0,5.0,2020,8,3,0,1.5,1.5,4.0
20211222,2020-08-27,06:05,JUNIN,PE-22,153.0,CHOQUE,0,0.0,6.0,2020,8,3,0,1.5,1.5,4.0
20211222,2020-08-27,09:40,LIMA,PE-1N,210.0,DESPISTE,0,0.0,9.0,2020,8,3,0,0.0,0.0,0.0
20211222,2020-08-27,11:15,HUANUCO,PE-3N,231.0,CHOQUE,0,1.0,11.0,2020,8,3,0,0.8,0.8,8.0
20211222,2020-08-27,06:22,ANCASH,PE-1N,250.0,CHOQUE,0,0.0,6.0,2020,8,3,0,0.1,0.1,1.0
20211222,2020-08-27,05:00,ICA,PE-1S,264.0,CHOQUE,0,0.0,5.0,2020,8,3,0,0.0,0.0,0.0
20211222,2020-08-27,23:00,MADRE DE DIOS,PE-30C,402.0,CHOQUE,0,1.0,23.0,2020,8,3,0,0.0,0.0,0.0
20211222,2020-08-27,06:40,SAN MARTIN,PE-5N,615.0,CHOQUE,0,0.0,6.0,2020,8,3,0,0.0,0.0,0.0
20211222,2020-08-27,23:05,CUSCO,PE-3S,946.0,CHOQUE,0,0.0,23.0,2020,8,3,0,0.7,0.7,2.0
20211222,2020-08-28,08:00,LIMA,PE-1S,35.0,CHOQUE,0,1.0,8.0,2020,8,4,0,0.0,0.0,0.0
20211222,2020-08-28,19:40,LA LIBERTAD,PE-10A,60.0,CHOQUE,2,6.0,19.0,2020,8,4,1,0.0,0.0,0.0
20211222,2020-08-28,17:50,PUNO,PE-34A,291.0,DESPISTE,0,1.0,17.0,2020,8,4,0,0.5,0.5,3.0
20211222,2020-08-28,04:25,ICA,PE-1S,381.0,CHOQUE,0,0.0,4.0,2020,8,4,0,0.0,0.0,0.0
20211222,2020-08-28,21:15,AREQUIPA,PE-1S,994.0,CHOQUE,1,0.0,21.0,2020,8,4,1,0.0,0.0,0.0
20211222,2020-08-29,08:10,LIMA,PE-1N,39.0,CHOQUE,0,0.0,8.0,2020,8,5,0,0.0,0.0,0.0
20211222,2020-08-29,06:30,JUNIN,PE-3N,70.0,CHOQUE,0,1.0,6.0,2020,8,5,0,0.0,0.0,0.0
20211222,2020-08-29,12:00,JUNIN,PE-3SB,81.0,CHOQUE,0,3.0,12.0,2020,8,5,0,0.0,0.0,0.0
20211222,2020-08-29,17:45,LIMA,PE-1N,202.0,ATROPELLO,0,1.0,17.0,2020,8,5,0,0.0,0.0,0.0
20211222,2020-08-29,20:30,HUANUCO,PE-3N,260.0,DESPISTE,0,0.0,20.0,2020,8,5,0,0.0,0.0,0.0
20211222,2020-08-29,18:30,MADRE DE DIOS,PE-30C,407.0,CHOQUE,0,1.0,18.0,2020,8,5,0,0.0,0.0,0.0
20211222,2020-08-29,09:00,AREQUIPA,PE-1S,619.0,CHOQUE,0,0.0,9.0,2020,8,5,0,0.0,0.0,0.0
20211222,2020-08-29,01:00,APURIMAC,PE-3S,817.0,ATROPELLO,1,0.0,1.0,2020,8,5,1,1.8,1.8,5.0
20211222,2020-08-29,16:45,AREQUIPA,PE-1S,853.0,CHOQUE,0,0.0,16.0,2020,8,5,0,0.0,0.0,0.0
20211222,2020-08-29,06:10,PIURA,PE-1N,1090.0,CHOQUE,1,0.0,6.0,2020,8,5,1,0.0,0.0,0.0
20211222,2020-08-29,06:30,CUSCO,PE-3S,,ATROPELLO,0,1.0,6.0,2020,8,5,0,0.5,0.5,3.0
20211222,2020-08-30,23:00,LIMA,PE-1NA,21.0,CHOQUE,0,0.0,23.0,2020,8,6,0,0.0,0.0,0.0
20211222,2020-08-30,06:00,AYACUCHO,PE-22,122.0,CHOQUE,0,0.0,6.0,2020,8,6,0,0.0,0.0,0.0
20211222,2020-08-30,05:00,HUANUCO,PE-3S,219.0,DESPISTE,0,1.0,5.0,2020,8,6,0,0.1,0.1,1.0
20211222,2020-08-31,17:30,PUNO,PE-34H,14.0,CHOQUE,0,1.0,17.0,2020,8,0,0,0.6,0.6,1.0
20211222,2020-08-31,19:30,UCAYALI,PE-04A,17.0,CHOQUE,0,1.0,19.0,2020,8,0,0,5.9,5.9,11.0
20211222,2020-08-31,06:10,LIMA,PE-1N,53.0,CHOQUE,0,0.0,6.0,2020,8,0,0,0.0,0.0,0.0
20211222,2020-08-31,12:40,LIMA,PE-1S,58.0,CHOQUE,0,0.0,12.0,2020,8,0,0,0.0,0.0,0.0
20211222,2020-08-31,18:30,CAJAMARCA,PE-08A,64.0,DESPISTE,0,1.0,18.0,2020,8,0,0,0.1,0.1,1.0
20211222,2020-08-31,16:00,HUANUCO,PE-18A,73.0,CHOQUE,0,3.0,16.0,2020,8,0,0,0.0,0.0,0.0
20211222,2020-08-31,01:30,LIMA,PE-22,107.0,DESPISTE,0,0.0,1.0,2020,8,0,0,0.0,0.0,0.0
20211222,2020-08-31,12:30,LIMA,PE-1S,146.0,DESPISTE,0,0.0,12.0,2020,8,0,0,0.0,0.0,0.0
20211222,2020-08-31,17:30,JUNIN,PE-22,147.0,DESPISTE,0,1.0,17.0,2020,8,0,0,0.7,0.7,7.0
20211222,2020-08-31,13:15,MADRE DE DIOS,PE-30C,400.0,CHOQUE,0,0.0,13.0,2020,8,0,0,6.5,6.5,7.0
20211222,2020-08-31,21:00,LA LIBERTAD,PE-1N,579.0,DESPISTE,0,2.0,21.0,2020,8,0,0,0.0,0.0,0.0
20211222,2020-09-01,17:45,LORETO,LO-103,20.0,CHOQUE,0,0.0,17.0,2020,9,1,0,16.0,16.0,12.0
20211222,2020-09-01,23:15,LIMA,PE-1S,39.0,CHOQUE,0,0.0,23.0,2020,9,1,0,0.0,0.0,0.0
20211222,2020-09-01,01:35,HUANUCO,PE-18A,73.0,CHOQUE,0,3.0,1.0,2020,9,1,0,0.0,0.0,0.0
20211222,2020-09-01,22:30,LIMA,PE-1S,73.0,CHOQUE,0,0.0,22.0,2020,9,1,0,0.0,0.0,0.0
20211222,2020-09-01,00:30,LIMA,PE-1S,79.0,DESPISTE,0,0.0,0.0,2020,9,1,0,0.0,0.0,0.0
20211222,2020-09-01,00:30,LIMA,PE-1S,79.0,DESPISTE,0,1.0,0.0,2020,9,1,0,0.0,0.0,0.0
20211222,2020-09-01,21:00,LAMBAYEQUE,PE-1NJ,109.0,CHOQUE,0,1.0,21.0,2020,9,1,0,0.0,0.0,0.0
20211222,2020-09-01,16:40,CUSCO,PE-28B,135.0,DESPISTE,0,2.0,16.0,2020,9,1,0,0.2,0.2,2.0
20211222,2020-09-01,07:40,ANCASH,PE-1N,396.0,DESPISTE,0,2.0,7.0,2020,9,1,0,1.6,1.6,3.0
20211222,2020-09-01,08:10,ANCASH,PE-1N,441.0,DESPISTE,0,0.0,8.0,2020,9,1,0,1.6,1.6,3.0
20211222,2020-09-01,18:00,ICA,PE-1S,471.0,CHOQUE,0,1.0,18.0,2020,9,1,0,0.0,0.0,0.0
20211222,2020-09-01,17:20,LA LIBERTAD,PE-1N,587.0,CHOQUE,1,0.0,17.0,2020,9,1,1,0.0,0.0,0.0
20211222,2020-09-01,06:00,AREQUIPA,PE-1S,862.0,DESPISTE,0,3.0,6.0,2020,9,1,0,0.0,0.0,0.0
20211222,2020-09-01,07:40,PIURA,PE-1NL,1045.0,CHOQUE,0,3.0,7.0,2020,9,1,0,0.0,0.0,0.0
20211222,2020-09-01,15:30,PUNO,PE-3S,1194.0,DESPISTE,0,0.0,15.0,2020,9,1,0,0.1,0.1,1.0
20211222,2020-09-02,08:30,CAJAMARCA,PE-06B,12.0,DESPISTE,0,0.0,8.0,2020,9,2,0,0.6,0.6,4.0
20211222,2020-09-02,11:00,MOQUEGUA,MO-107,25.0,DESPISTE,0,0.0,11.0,2020,9,2,0,0.0,0.0,0.0
20211222,2020-09-02,21:15,LAMBAYEQUE,PE-04A,45.0,ESPECIAL,0,0.0,21.0,2020,9,2,0,0.0,0.0,0.0
20211222,2020-09-02,18:00,LIMA,PE-1S,56.0,CHOQUE,0,1.0,18.0,2020,9,2,0,0.2,0.2,2.0
20211222,2020-09-02,13:20,LIMA,PE-22,75.0,VOLCADURA,0,1.0,13.0,2020,9,2,0,0.2,0.2,2.0
20211222,2020-09-02,21:30,AREQUIPA,PE-34A,84.0,DESPISTE,0,4.0,21.0,2020,9,2,0,0.0,0.0,0.0
20211222,2020-09-02,23:30,LIMA,PE-1S,98.0,CHOQUE,1,0.0,23.0,2020,9,2,1,0.2,0.2,2.0
20211222,2020-09-02,21:45,JUNIN,PE-5S,106.0,CHOQUE,0,0.0,21.0,2020,9,2,0,0.3,0.3,3.0
20211222,2020-09-02,N.I.,LIMA,PE-1S,149.0,CHOQUE,0,3.0,,2020,9,2,0,0.2,0.2,2.0
20211222,2020-09-02,22:30,AYACUCHO,PE-3S,304.0,DESPISTE,0,2.0,22.0,2020,9,2,0,0.0,0.0,0.0
20211222,2020-09-02,14:00,MADRE DE DIOS,PE-30C,416.0,CHOQUE,0,4.0,14.0,2020,9,2,0,0.0,0.0,0.0
20211222,2020-09-02,10:50,AREQUIPA,PE-1S,521.0,DESPISTE,0,0.0,10.0,2020,9,2,0,0.0,0.0,0.0
20211222,2020-09-02,11:45,AREQUIPA,PE-1S,861.0,DESPISTE,1,0.0,11.0,2020,9,2,1,0.0,0.0,0.0
20211222,2020-09-03,20:15,LIMA,PE-1N,91.0,CHOQUE,0,0.0,20.0,2020,9,3,0,0.0,0.0,0.0
20211222,2020-09-03,06:15,HUANUCO,PE-18A,108.0,DESPISTE,0,2.0,6.0,2020,9,3,0,0.0,0.0,0.0
20211222,2020-09-03,16:00,SAN MARTIN,PE-04A,466.0,DESPISTE,0,1.0,16.0,2020,9,3,0,0.4,0.4,3.0
20211222,2020-09-03,23:47,LA LIBERTAD,PE-1N,535.0,CHOQUE,0,1.0,23.0,2020,9,3,0,0.0,0.0,0.0
20211222,2020-09-04,14:28,JUNIN,PE-22,73.0,CHOQUE,0,3.0,14.0,2020,9,4,0,0.1,0.1,1.0
20211222,2020-09-04,23:50,AREQUIPA,PE-34E,80.0,VOLCADURA,0,0.0,23.0,2020,9,4,0,0.0,0.0,0.0
20211222,2020-09-04,18:15,JUNIN,PE-22,143.0,CHOQUE,0,0.0,18.0,2020,9,4,0,0.1,0.1,1.0
20211222,2020-09-04,07:00,LA LIBERTAD,PE-1N,532.0,CHOQUE,0,1.0,7.0,2020,9,4,0,0.0,0.0,0.0
20211222,2020-09-04,13:30,SAN MARTIN,PE-5N,578.0,VOLCADURA,0,1.0,13.0,2020,9,4,0,0.4,0.4,2.0
20211222,2020-09-04,19:10,PIURA,PE-1N,1094.0,CHOQUE,0,3.0,19.0,2020,9,4,0,0.0,0.0,0.0
20211222,2020-09-04,18:30,CUSCO,PE-3S,1099.0,CHOQUE,1,2.0,18.0,2020,9,4,1,0.4,0.4,2.0
20211222,2020-09-05,22:25,LORETO,LO-103,2.0,DESPISTE,0,0.0,22.0,2020,9,5,0,6.4,6.4,11.0
20211222,2020-09-05,09:00,TACNA,PE-1SD,11.0,CHOQUE,0,0.0,9.0,2020,9,5,0,0.0,0.0,0.0
20211222,2020-09-05,03:36,LIMA,PE-22,42.0,DESPISTE,0,0.0,3.0,2020,9,5,0,0.0,0.0,0.0
20211222,2020-09-05,18:05,LIMA,PE-1S,56.0,CHOQUE,0,0.0,18.0,2020,9,5,0,0.0,0.0,0.0
20211222,2020-09-05,19:00,JUNIN,PE-22,62.0,DESPISTE,0,2.0,19.0,2020,9,5,0,0.6,0.6,4.0
20211222,2020-09-05,13:00,JUNIN,PE-22,87.0,ATROPELLO,0,1.0,13.0,2020,9,5,0,0.6,0.6,4.0
20211222,2020-09-05,11:30,JUNIN,PE-22,152.0,CHOQUE,0,0.0,11.0,2020,9,5,0,0.6,0.6,4.0
20211222,2020-09-05,07:30,LIMA,PE-1N,154.0,DESPISTE,0,0.0,7.0,2020,9,5,0,0.0,0.0,0.0
20211222,2020-09-05,17:30,PIURA,PE-1NJ,196.0,CHOQUE,0,3.0,17.0,2020,9,5,0,0.0,0.0,0.0
20211222,2020-09-05,12:00,AYACUCHO,PE-28A,204.0,DESPISTE,0,0.0,12.0,2020,9,5,0,0.0,0.0,0.0
20211222,2020-09-05,08:45,PIURA,PE-30A,244.0,CHOQUE,0,1.0,8.0,2020,9,5,0,0.0,0.0,0.0
20211222,2020-09-05,19:15,LA LIBERTAD,PE-1N,555.0,DESPISTE,0,0.0,19.0,2020,9,5,0,0.0,0.0,0.0
20211222,2020-09-05,09:40,TACNA,PE-1S,1107.0,DESPISTE,0,0.0,9.0,2020,9,5,0,0.0,0.0,0.0
20211222,2020-09-05,21:10,TACNA,PE-1S,1280.0,CHOQUE,0,0.0,21.0,2020,9,5,0,0.0,0.0,0.0
20211222,2020-09-06,07:30,AREQUIPA,PE-1SD,22.0,DESPISTE,0,0.0,7.0,2020,9,6,0,0.0,0.0,0.0
20211222,2020-09-06,23:45,JUNIN,PE-3N,78.0,DESPISTE,0,1.0,23.0,2020,9,6,0,0.0,0.0,0.0
20211222,2020-09-06,05:10,LIMA,PE-22,82.0,DESPISTE,0,0.0,5.0,2020,9,6,0,0.0,0.0,0.0
20211222,2020-09-06,11:30,PIURA,PE-1NL,1044.0,CHOQUE,0,6.0,11.0,2020,9,6,0,0.0,0.0,0.0
20211222,2020-09-07,18:30,LORETO,LO-103,3.0,ATROPELLO,0,1.0,18.0,2020,9,0,0,0.1,0.1,1.0
20211222,2020-09-07,05:40,PIURA,PE-02A,17.0,DESPISTE,0,1.0,5.0,2020,9,0,0,0.0,0.0,0.0
20211222,2020-09-07,16:40,LIMA,PE-1S,30.0,CHOQUE,0,0.0,16.0,2020,9,0,0,0.0,0.0,0.0
20211222,2020-09-07,12:45,CUSCO,PE-28G,33.0,CHOQUE,0,2.0,12.0,2020,9,0,0,4.4,4.4,11.0
20211222,2020-09-07,07:30,JUNIN,PE-3S,33.0,ATROPELLO,1,0.0,7.0,2020,9,0,1,0.7,0.7,4.0
20211222,2020-09-07,17:00,JUNIN,PE-3SA,36.0,CHOQUE,0,0.0,17.0,2020,9,0,0,0.7,0.7,4.0
20211222,2020-09-07,09:30,CAJAMARCA,PE-08A,37.0,DESPISTE,0,6.0,9.0,2020,9,0,0,0.1,0.1,1.0
20211222,2020-09-07,18:15,PUNO,PE-1N,52.0,DESPISTE,0,1.0,18.0,2020,9,0,0,4.8,4.8,9.0
20211222,2020-09-07,11:30,JUNIN,PE-22,137.0,DESPISTE,0,1.0,11.0,2020,9,0,0,0.7,0.7,4.0
20211222,2020-09-07,16:45,JUNIN,PE-22,140.0,CHOQUE,0,0.0,16.0,2020,9,0,0,0.7,0.7,4.0
20211222,2020-09-07,13:00,HUANUCO,PE-3N,207.0,ESPECIAL,0,1.0,13.0,2020,9,0,0,0.4,0.4,3.0
20211222,2020-09-07,08:20,ANCASH,PE-1N,247.0,DESPISTE,0,1.0,8.0,2020,9,0,0,0.1,0.1,1.0
20211222,2020-09-07,09:00,ANCASH,PE-1N,274.0,DESPISTE,0,0.0,9.0,2020,9,0,0,0.1,0.1,1.0
20211222,2020-09-07,17:00,AYACUCHO,PE-28A,310.0,CHOQUE,0,0.0,17.0,2020,9,0,0,3.1,3.1,7.0
20211222,2020-09-07,19:30,MADRE DE DIOS,PE-30C,327.0,DESPISTE,0,1.0,19.0,2020,9,0,0,6.6,6.6,8.0
20211222,2020-09-07,15:00,ICA,PE-1S,377.0,CHOQUE,0,0.0,15.0,2020,9,0,0,0.0,0.0,0.0
20211222,2020-09-07,10:00,LAMBAYEQUE,PE-1N,742.0,DESPISTE,0,1.0,10.0,2020,9,0,0,0.3,0.3,1.0
20211222,2020-09-08,19:00,JUNIN,PE-3N,0.0,DESPISTE,0,0.0,19.0,2020,9,1,0,0.0,0.0,0.0
20211222,2020-09-08,04:50,ANCASH,AN-111,22.0,DESPISTE,0,3.0,4.0,2020,9,1,0,3.1,3.1,8.0
20211222,2020-09-08,22:10,LA LIBERTAD,PE-10A,26.0,CHOQUE,0,0.0,22.0,2020,9,1,0,0.4,0.4,2.0
20211222,2020-09-08,05:50,JUNIN,PE-3S,78.0,CHOQUE,0,5.0,5.0,2020,9,1,0,0.0,0.0,0.0
20211222,2020-09-08,N.I.,LIMA,PE-1N,82.0,CHOQUE,0,1.0,,2020,9,1,0,0.0,0.0,0.0
20211222,2020-09-08,03:40,PIURA,PE-1N,88.0,DESPISTE,0,0.0,3.0,2020,9,1,0,0.0,0.0,0.0
20211222,2020-09-08,12:45,JUNIN,PE-3N,103.0,DESPISTE,2,1.0,12.0,2020,9,1,1,0.0,0.0,0.0
20211222,2020-09-08,17:40,JUNIN,PE-22,152.0,CHOQUE,0,0.0,17.0,2020,9,1,0,0.0,0.0,0.0
20211222,2020-09-08,19:55,PUNO,PE-3S,,DESPISTE,0,1.0,19.0,2020,9,1,0,7.4,6.5,8.0
20211222,2020-09-09,18:35,LIMA,PE-1S,48.0,DESPISTE,0,1.0,18.0,2020,9,2,0,0.0,0.0,0.0
20211222,2020-09-09,01:50,HUANUCO,PE-18A,69.0,DESPISTE,0,1.0,1.0,2020,9,2,0,0.0,0.0,0.0
20211222,2020-09-09,17:30,PUNO,PE-38A,72.0,DESPISTE,1,3.0,17.0,2020,9,2,1,0.4,0.4,4.0
20211222,2020-09-09,13:45,LAMBAYEQUE,PE-1N,86.0,CHOQUE,3,0.0,13.0,2020,9,2,1,0.0,0.0,0.0
20211222,2020-09-09,13:30,AYACUCHO,PE-3S,128.0,DESPISTE,0,0.0,13.0,2020,9,2,0,0.0,0.0,0.0
20211222,2020-09-09,13:45,AYACUCHO,PE-3S,133.0,CHOQUE,0,4.0,13.0,2020,9,2,0,0.0,0.0,0.0
20211222,2020-09-09,12:00,JUNIN,PE-22,154.0,DESPISTE,0,2.0,12.0,2020,9,2,0,0.7,0.7,4.0
20211222,2020-09-09,22:00,ICA,PE-1S,377.0,CHOQUE,0,0.0,22.0,2020,9,2,0,0.0,0.0,0.0
20211222,2020-09-09,07:50,LA LIBERTAD,PE-1N,522.0,ATROPELLO,0,2.0,7.0,2020,9,2,0,0.0,0.0,0.0
20211222,2020-09-10,15:00,PIURA,PI-107,1.0,ATROPELLO,1,0.0,15.0,2020,9,3,1,0.0,0.0,0.0
20211222,2020-09-10,15:30,AREQUIPA,PE-34A,47.0,CHOQUE,0,1.0,15.0,2020,9,3,0,0.0,0.0,0.0
20211222,2020-09-10,13:20,CAJAMARCA,PE-3N,105.0,DESPISTE,0,2.0,13.0,2020,9,3,0,0.0,0.0,0.0
20211222,2020-09-10,10:15,LIMA,PE-1N,207.0,DESPISTE,0,1.0,10.0,2020,9,3,0,0.0,0.0,0.0
20211222,2020-09-10,03:40,LA LIBERTAD,PE-1N,541.0,ATROPELLO,1,0.0,3.0,2020,9,3,1,0.0,0.0,0.0
20211222,2020-09-10,06:45,LA LIBERTAD,PE-1N,615.0,DESPISTE,0,0.0,6.0,2020,9,3,0,0.0,0.0,0.0
20211222,2020-09-10,16:45,TACNA,PE-1N,1152.0,CHOQUE,0,0.0,16.0,2020,9,3,0,0.0,0.0,0.0
20211222,2020-09-10,10:00,PUNO,PE-3S,1337.0,CHOQUE,1,0.0,10.0,2020,9,3,1,0.5,0.5,3.0
20211222,2020-09-11,19:15,CAJAMARCA,PE-5N,5.0,CHOQUE,0,2.0,19.0,2020,9,4,0,0.3,0.3,2.0
20211222,2020-09-11,09:20,LIMA,PE-1NA,6.0,CHOQUE,0,0.0,9.0,2020,9,4,0,0.0,0.0,0.0
20211222,2020-09-11,06:48,LIMA,PE-22,43.0,CHOQUE,0,0.0,6.0,2020,9,4,0,0.0,0.0,0.0
20211222,2020-09-11,03:40,AREQUIPA,PE-34,47.0,DESPISTE,0,1.0,3.0,2020,9,4,0,0.0,0.0,0.0
20211222,2020-09-11,18:00,ANCASH,AN-107,68.0,DESPISTE,0,0.0,18.0,2020,9,4,0,0.3,0.3,3.0
20211222,2020-09-11,07:50,JUNIN,PE-22B,81.0,DESPISTE,0,0.0,7.0,2020,9,4,0,1.3,1.3,7.0
20211222,2020-09-11,16:45,LIMA,PE-1S,131.0,ESPECIAL,0,0.0,16.0,2020,9,4,0,0.0,0.0,0.0
20211222,2020-09-11,08:00,PUNO,PE-34A,237.0,DESPISTE,0,0.0,8.0,2020,9,4,0,0.5,0.5,4.0
20211222,2020-09-11,17:20,ANCASH,PE-1N,311.0,CHOQUE,0,0.0,17.0,2020,9,4,0,0.3,0.3,3.0
20211222,2020-09-11,03:00,ANCASH,PE-1N,344.0,DESPISTE,0,1.0,3.0,2020,9,4,0,0.3,0.3,3.0
20211222,2020-09-11,22:50,ICA,PE-1S,370.0,DESPISTE,0,0.0,22.0,2020,9,4,0,0.0,0.0,0.0
20211222,2020-09-11,08:30,AREQUIPA,PE-1S,524.0,DESPISTE,0,0.0,8.0,2020,9,4,0,0.0,0.0,0.0
20211222,2020-09-11,20:30,APURIMAC,PE-3S,716.0,DESPISTE,0,1.0,20.0,2020,9,4,0,0.0,0.0,0.0
20211222,2020-09-11,07:35,LA LIBERTAD,PE-1N,726.0,CHOQUE,1,5.0,7.0,2020,9,4,1,0.0,0.0,0.0
20211222,2020-09-12,12:00,LORETO,LO-103,9.0,CHOQUE,0,0.0,12.0,2020,9,5,0,0.0,0.0,0.0
20211222,2020-09-12,11:30,LIMA,PE-1NA,18.0,DESPISTE,0,0.0,11.0,2020,9,5,0,0.0,0.0,0.0
20211222,2020-09-12,07:40,JUNIN,PE-3S,40.0,DESPISTE,0,0.0,7.0,2020,9,5,0,0.4,0.4,2.0
20211222,2020-09-12,19:10,AREQUIPA,PE-34A,76.0,DESPISTE,0,3.0,19.0,2020,9,5,0,0.0,0.0,0.0
20211222,2020-09-12,13:10,JUNIN,PE-3S,108.0,CHOQUE,0,1.0,13.0,2020,9,5,0,0.4,0.4,2.0
20211222,2020-09-12,07:00,MADRE DE DIOS,PE-34A,200.0,DESPISTE,0,0.0,7.0,2020,9,5,0,0.0,0.0,0.0
20211222,2020-09-12,21:40,HUANUCO,PE-3N,207.0,CHOQUE,0,0.0,21.0,2020,9,5,0,0.1,0.1,1.0
20211222,2020-09-12,18:39,PUNO,PE-34A,213.0,CHOQUE,0,0.0,18.0,2020,9,5,0,3.5,3.5,8.0
20211222,2020-09-12,23:15,MADRE DE DIOS,PE-30C,276.0,DESPISTE,0,1.0,23.0,2020,9,5,0,0.0,0.0,0.0
20211222,2020-09-12,14:00,PUNO,PE-34A,293.0,CHOQUE,0,1.0,14.0,2020,9,5,0,3.5,3.5,8.0
20211222,2020-09-12,00:10,LA LIBERTAD,PE-1N,467.0,CHOQUE,0,1.0,0.0,2020,9,5,0,0.0,0.0,0.0
20211222,2020-09-12,18:40,ANCASH,PE-3N,618.0,CHOQUE,0,4.0,18.0,2020,9,5,0,4.2,4.2,6.0
20211222,2020-09-12,15:00,ANCASH,AN-110,760.0,DESPISTE,0,0.0,15.0,2020,9,5,0,4.2,4.2,6.0
20211222,2020-09-12,06:35,PUNO,PE-3S,1224.0,DESPISTE,0,1.0,6.0,2020,9,5,0,3.5,3.5,8.0
20211222,2020-09-12,08:00,CAJAMARCA,PE-3N,1270.0,CHOQUE,1,1.0,8.0,2020,9,5,1,0.1,0.1,1.0
20211222,2020-09-12,21:20,PUNO,PE-3S,1303.0,ATROPELLO,1,0.0,21.0,2020,9,5,1,3.5,3.5,8.0
20211222,2020-09-13,20:40,PUNO,PE-36B,4.0,DESPISTE,0,1.0,20.0,2020,9,6,0,2.8,2.7,6.0
20211222,2020-09-13,15:00,JUNIN,PE-22B,48.0,DESPISTE,0,1.0,15.0,2020,9,6,0,0.3,0.3,2.0
20211222,2020-09-13,00:00,AYACUCHO,PE-3S,245.0,CHOQUE,0,2.0,0.0,2020,9,6,0,0.1,0.1,1.0
20211222,2020-09-13,23:10,ICA,PE-1S,377.0,CHOQUE,0,1.0,23.0,2020,9,6,0,0.0,0.0,0.0
20211222,2020-09-13,07:30,AREQUIPA,PE-1S,600.0,DESPISTE,0,1.0,7.0,2020,9,6,0,0.0,0.0,0.0
20211222,2020-09-14,10:10,PIURA,PE-02A,7.0,CHOQUE,0,0.0,10.0,2020,9,0,0,0.0,0.0,0.0
20211222,2020-09-14,10:30,PIURA,PE-1N,15.0,CHOQUE,0,1.0,10.0,2020,9,0,0,0.0,0.0,0.0
20211222,2020-09-14,22:45,LAMBAYEQUE,PE-1NJ,72.0,DESPISTE,0,1.0,22.0,2020,9,0,0,0.0,0.0,0.0
20211222,2020-09-14,16:05,TACNA,PE-36A,73.0,DESPISTE,0,1.0,16.0,2020,9,0,0,0.0,0.0,0.0
20211222,2020-09-14,22:30,LAMBAYEQUE,PE-1NJ,76.0,CHOQUE,0,1.0,22.0,2020,9,0,0,0.0,0.0,0.0
20211222,2020-09-14,10:50,AREQUIPA,PE-34A,83.0,DESPISTE,0,4.0,10.0,2020,9,0,0,0.0,0.0,0.0
20211222,2020-09-14,07:00,LIMA,PE-1S,165.0,CHOQUE,1,3.0,7.0,2020,9,0,1,0.0,0.0,0.0
20211222,2020-09-14,06:00,LIMA,PE-1N,183.0,DESPISTE,0,4.0,6.0,2020,9,0,0,0.0,0.0,0.0
20211222,2020-09-14,12:21,JUNIN,PE-24,267.0,CHOQUE,0,0.0,12.0,2020,9,0,0,0.9,0.9,8.0
20211222,2020-09-14,15:40,ANCASH,PE-1N,412.0,DESPISTE,0,2.0,15.0,2020,9,0,0,0.8,0.8,6.0
20211222,2020-09-14,05:00,AREQUIPA,PE-1S,940.0,DESPISTE,0,0.0,5.0,2020,9,0,0,0.0,0.0,0.0
20211222,2020-09-14,15:30,TACNA,PE-1S,1150.0,DESPISTE,0,0.0,15.0,2020,9,0,0,0.0,0.0,0.0
20211222,2020-09-14,15:30,PUNO,PE-3S,1266.0,DESPISTE,0,0.0,15.0,2020,9,0,0,5.0,4.9,17.0
20211222,2020-09-15,15:30,CUSCO,PE-34F,10.0,CHOQUE,0,3.0,15.0,2020,9,1,0,0.2,0.2,2.0
20211222,2020-09-15,20:30,LAMBAYEQUE,PE-08,12.0,ATROPELLO,0,1.0,20.0,2020,9,1,0,0.0,0.0,0.0
20211222,2020-09-15,15:00,JUNIN,PE-22B,82.0,DESPISTE,0,0.0,15.0,2020,9,1,0,8.1,8.1,12.0
20211222,2020-09-15,08:45,JUNIN,PE-3S,124.0,CHOQUE,1,5.0,8.0,2020,9,1,1,8.1,8.1,12.0
20211222,2020-09-15,17:45,AYACUCHO,PE-30A,181.0,DESPISTE,0,0.0,17.0,2020,9,1,0,1.8,1.8,3.0
20211222,2020-09-15,05:45,LIMA,PE-1N,192.0,CHOQUE,0,0.0,5.0,2020,9,1,0,0.0,0.0,0.0
20211222,2020-09-15,17:50,PUNO,PE-34A,220.0,DESPISTE,0,0.0,17.0,2020,9,1,0,0.7,0.7,6.0
20211222,2020-09-15,13:15,PUNO,PE-34A,226.0,DESPISTE,0,0.0,13.0,2020,9,1,0,0.7,0.7,6.0
20211222,2020-09-15,05:30,MADRE DE DIOS,PE-30C,438.0,DESPISTE,1,1.0,5.0,2020,9,1,1,9.9,9.9,7.0
20211222,2020-09-15,10:00,LAMBAYEQUE,PE-1N,732.0,CHOQUE,0,2.0,10.0,2020,9,1,0,0.0,0.0,0.0
20211222,2020-09-15,17:10,PIURA,PE-1NL,1048.0,CHOQUE,0,2.0,17.0,2020,9,1,0,0.0,0.0,0.0
20211222,2020-09-16,13:30,LA LIBERTAD,PE-1S,13.0,DESPISTE,0,1.0,13.0,2020,9,2,0,0.0,0.0,0.0
20211222,2020-09-16,06:40,JUNIN,PE-3N,37.0,CHOQUE,0,0.0,6.0,2020,9,2,0,0.2,0.2,2.0
20211222,2020-09-16,10:45,LAMBAYEQUE,PE-06A,43.0,DESPISTE,0,3.0,10.0,2020,9,2,0,0.0,0.0,0.0
20211222,2020-09-16,12:35,HUANUCO,PE-5N,52.0,DESPISTE,0,0.0,12.0,2020,9,2,0,0.3,0.3,1.0
20211222,2020-09-16,06:20,MOQUEGUA,PE-36A,57.0,DESPISTE,0,0.0,6.0,2020,9,2,0,0.0,0.0,0.0
20211222,2020-09-16,19:20,AMAZONAS,PE-04A,236.0,CHOQUE,0,5.0,19.0,2020,9,2,0,1.6,1.6,6.0
20211222,2020-09-16,16:00,LIMA,PE-1N,315.0,DESPISTE,0,1.0,16.0,2020,9,2,0,0.0,0.0,0.0
20211222,2020-09-16,22:30,ANCASH,PE-1N,405.0,CHOQUE,0,1.0,22.0,2020,9,2,0,0.9,0.9,6.0
20211222,2020-09-16,10:45,AREQUIPA,PE-1S,858.0,DESPISTE,0,0.0,10.0,2020,9,2,0,0.0,0.0,0.0
20211222,2020-09-17,16:45,AREQUIPA,AR-106,22.0,CHOQUE,0,0.0,16.0,2020,9,3,0,0.0,0.0,0.0
20211222,2020-09-17,08:40,LIMA,PE-1N,159.0,CHOQUE,0,3.0,8.0,2020,9,3,0,0.0,0.0,0.0
20211222,2020-09-17,11:45,ICA,PE-1S,276.0,CHOQUE,0,2.0,11.0,2020,9,3,0,0.0,0.0,0.0
20211222,2020-09-17,08:00,PUNO,PE-34A,299.0,CHOQUE,0,3.0,8.0,2020,9,3,0,4.0,3.7,8.0
20211222,2020-09-17,03:20,ANCASH,PE-1N,374.0,DESPISTE,0,0.0,3.0,2020,9,3,0,0.1,0.1,1.0
20211222,2020-09-17,06:10,ICA,PE-1S,422.0,DESPISTE,0,1.0,6.0,2020,9,3,0,0.0,0.0,0.0
20211222,2020-09-17,08:40,AREQUIPA,PE-1S,731.0,DESPISTE,0,0.0,8.0,2020,9,3,0,0.0,0.0,0.0
20211222,2020-09-17,07:30,AREQUIPA,PE-1S,884.0,CHOQUE,0,0.0,7.0,2020,9,3,0,0.0,0.0,0.0
20211222,2020-09-17,11:00,PIURA,PE-1N,988.0,CHOQUE,1,0.0,11.0,2020,9,3,1,0.0,0.0,0.0
20211222,2020-09-18,12:30,PUNO,PE-34B,6.0,CHOQUE,0,0.0,12.0,2020,9,4,0,11.5,7.5,14.0
20211222,2020-09-18,09:15,UCAYALI,PE-04A,19.0,CHOQUE,0,5.0,9.0,2020,9,4,0,12.6,12.6,11.0
20211222,2020-09-18,18:00,PUNO,PE-34B,41.0,CHOQUE,1,0.0,18.0,2020,9,4,1,11.5,7.5,14.0
20211222,2020-09-18,10:30,LAMBAYEQUE,PE-1NJ,44.0,DESPISTE,0,2.0,10.0,2020,9,4,0,0.0,0.0,0.0
20211222,2020-09-18,15:30,LIMA,PE-22,129.0,DESPISTE,0,0.0,15.0,2020,9,4,0,0.0,0.0,0.0
20211222,2020-09-18,06:40,JUNIN,PE-22,157.0,CHOQUE,0,0.0,6.0,2020,9,4,0,1.2,1.2,5.0
20211222,2020-09-18,14:30,CAJAMARCA,PE-06A,169.0,CHOQUE,0,0.0,14.0,2020,9,4,0,0.1,0.1,1.0
20211222,2020-09-18,13:30,AYACUCHO,PE-3S,321.0,CHOQUE,0,0.0,13.0,2020,9,4,0,0.0,0.0,0.0
20211222,2020-09-18,06:50,APURIMAC,PE-3S,717.0,CHOQUE,0,3.0,6.0,2020,9,4,0,6.5,6.5,14.0
20211222,2020-09-19,21:00,LIMA,PE-22,38.0,DESPISTE,0,0.0,21.0,2020,9,5,0,0.0,0.0,0.0
20211222,2020-09-19,10:45,LIMA,PE-1S,57.0,ATROPELLO,0,0.0,10.0,2020,9,5,0,0.0,0.0,0.0
20211222,2020-09-19,04:20,ANCASH,AN-107,62.0,DESPISTE,0,2.0,4.0,2020,9,5,0,0.2,0.2,2.0
20211222,2020-09-19,19:20,JUNIN,PE-5S,74.0,CHOQUE,0,2.0,19.0,2020,9,5,0,4.9,4.9,13.0
20211222,2020-09-19,20:30,CAJAMARCA,PE-06A,88.0,DESPISTE,0,0.0,20.0,2020,9,5,0,3.1,3.1,6.0
20211222,2020-09-19,13:45,JUNIN,PE-3N,98.0,DESPISTE,0,0.0,13.0,2020,9,5,0,4.9,4.9,13.0
20211222,2020-09-19,20:15,LIMA,PE-1N,116.0,DESPISTE,1,1.0,20.0,2020,9,5,1,0.0,0.0,0.0
20211222,2020-09-19,09:00,PASCO,PE-3N,132.0,CHOQUE,0,0.0,9.0,2020,9,5,0,2.5,2.4,7.0
20211222,2020-09-19,16:00,JUNIN,PE-22,144.0,CHOQUE,0,2.0,16.0,2020,9,5,0,4.9,4.9,13.0
20211222,2020-09-19,13:00,AMAZONAS,PE-04A,164.0,N.I.,0,0.0,13.0,2020,9,5,0,3.1,3.1,14.0
20211222,2020-09-19,04:20,PUNO,PE-34A,241.0,DESPISTE,0,0.0,4.0,2020,9,5,0,0.2,0.2,2.0
20211222,2020-09-19,14:20,MADRE DE DIOS,PE-30C,326.0,DESPISTE,1,1.0,14.0,2020,9,5,1,0.0,0.0,0.0
20211222,2020-09-19,12:00,UCAYALI,PE-5N,372.0,CHOQUE,0,1.0,12.0,2020,9,5,0,0.8,0.8,2.0
20211222,2020-09-19,01:22,LAMBAYEQUE,PE-1N,751.0,DESPISTE,0,0.0,1.0,2020,9,5,0,0.0,0.0,0.0
20211222,2020-09-20,11:00,LIMA,PE-1NE,16.0,DESPISTE,0,2.0,11.0,2020,9,6,0,0.0,0.0,0.0
20211222,2020-09-20,18:10,CAJAMARCA,PE-08B,21.0,DESPISTE,0,0.0,18.0,2020,9,6,0,0.2,0.2,1.0
20211222,2020-09-20,23:30,PIURA,PE-02,27.0,CHOQUE,2,0.0,23.0,2020,9,6,1,0.0,0.0,0.0
20211222,2020-09-20,16:00,HUANCAVELICA,PE-3SD,28.0,DESPISTE,0,0.0,16.0,2020,9,6,0,6.6,6.5,18.0
20211222,2020-09-20,06:00,LIMA,PE-1S,40.0,CHOQUE,0,1.0,6.0,2020,9,6,0,0.0,0.0,0.0
20211222,2020-09-20,17:50,LAMBAYEQUE,PE-06A,44.0,DESPISTE,0,1.0,17.0,2020,9,6,0,0.0,0.0,0.0
20211222,2020-09-20,13:03,HUANUCO,PE-18A,46.0,DESPISTE,0,0.0,13.0,2020,9,6,0,0.0,0.0,0.0
20211222,2020-09-20,15:20,ANCASH,PE-16,128.0,DESPISTE,0,2.0,15.0,2020,9,6,0,5.1,5.1,6.0
20211222,2020-09-20,18:20,ICA,PE-1S,322.0,CHOQUE,0,1.0,18.0,2020,9,6,0,0.0,0.0,0.0
20211222,2020-09-20,08:20,ANCASH,PE-1N,323.0,DESPISTE,0,0.0,8.0,2020,9,6,0,5.1,5.1,6.0
20211222,2020-09-20,06:10,LA LIBERTAD,PE-1N,528.0,DESPISTE,0,16.0,6.0,2020,9,6,0,0.0,0.0,0.0
20211222,2020-09-20,03:00,LAMBAYEQUE,PE-1N,845.0,DESPISTE,0,0.0,3.0,2020,9,6,0,0.0,0.0,0.0
20211222,2020-09-20,13:50,AREQUIPA,PE-1S,920.0,DESPISTE,1,0.0,13.0,2020,9,6,1,0.0,0.0,0.0
20211222,2020-09-20,19:30,PIURA,PE-1NL,1042.0,DESPISTE,0,3.0,19.0,2020,9,6,0,0.0,0.0,0.0
20211222,2020-09-21,18:30,LA LIBERTAD,PE-10A,67.0,DESPISTE,0,0.0,18.0,2020,9,0,0,0.0,0.0,0.0
20211222,2020-09-21,08:00,AYACUCHO,PE-30A,168.0,VOLCADURA,0,0.0,8.0,2020,9,0,0,0.0,0.0,0.0
20211222,2020-09-21,06:40,LAMBAYEQUE,PE-1N,828.0,CHOQUE,0,4.0,6.0,2020,9,0,0,0.0,0.0,0.0
20211222,2020-09-22,20:53,SAN MARTIN,PE-5NB,9.0,CHOQUE,0,0.0,20.0,2020,9,1,0,7.9,7.9,14.0
20211222,2020-09-22,15:30,ANCASH,AN-111,19.0,DESPISTE,0,1.0,15.0,2020,9,1,0,6.3,6.3,8.0
20211222,2020-09-22,05:45,AREQUIPA,PE-1SE,26.0,CHOQUE,0,0.0,5.0,2020,9,1,0,0.0,0.0,0.0
20211222,2020-09-22,12:15,LIMA,PE-1S,33.0,DESPISTE,0,1.0,12.0,2020,9,1,0,0.0,0.0,0.0
20211222,2020-09-22,16:45,JUNIN,PE-22,52.0,DESPISTE,0,2.0,16.0,2020,9,1,0,0.1,0.1,1.0
20211222,2020-09-22,15:20,JUNIN,PE-3S,77.0,DESPISTE,0,0.0,15.0,2020,9,1,0,0.1,0.1,1.0
20211222,2020-09-22,02:07,LIMA,PE-22,83.0,ESPECIAL,0,0.0,2.0,2020,9,1,0,0.0,0.0,0.0
20211222,2020-09-22,14:50,ICA,PE-30A,85.0,DESPISTE,1,2.0,14.0,2020,9,1,1,0.0,0.0,0.0
20211222,2020-09-22,19:35,LIMA,PE-22,109.0,DESPISTE,0,0.0,19.0,2020,9,1,0,0.0,0.0,0.0
20211222,2020-09-22,14:35,LIMA,PE-22,109.0,CHOQUE,0,5.0,14.0,2020,9,1,0,0.0,0.0,0.0
20211222,2020-09-22,20:30,JUNIN,PE-3S,115.0,CHOQUE,0,3.0,20.0,2020,9,1,0,0.1,0.1,1.0
20211222,2020-09-22,19:20,TACNA,PE-30A,121.0,VOLCADURA,0,1.0,19.0,2020,9,1,0,0.0,0.0,0.0
20211222,2020-09-22,15:56,MOQUEGUA,PE-1SD,234.0,DESPISTE,0,1.0,15.0,2020,9,1,0,0.0,0.0,0.0
20211222,2020-09-22,05:40,HUANUCO,PE-3N,262.0,DESPISTE,1,1.0,5.0,2020,9,1,1,1.1,1.1,8.0
20211222,2020-09-22,15:00,ANCASH,PE-1N,381.0,DESPISTE,0,1.0,15.0,2020,9,1,0,6.3,6.3,8.0
20211222,2020-09-22,19:30,AREQUIPA,PE-1S,507.0,CHOQUE,0,2.0,19.0,2020,9,1,0,0.0,0.0,0.0
20211222,2020-09-22,21:40,LA LIBERTAD,PE-1N,544.0,N.I.,1,1.0,21.0,2020,9,1,1,0.0,0.0,0.0
20211222,2020-09-22,16:30,LAMBAYEQUE,PE-1N,728.0,DESPISTE,0,2.0,16.0,2020,9,1,0,0.0,0.0,0.0
20211222,2020-09-22,17:40,AREQUIPA,PE-1S,751.0,DESPISTE,0,0.0,17.0,2020,9,1,0,0.0,0.0,0.0
20211222,2020-09-22,07:15,APURIMAC,PE-30A,862.0,DESPISTE,1,0.0,7.0,2020,9,1,1,0.0,0.0,0.0
20211222,2020-09-22,02:15,PIURA,PE-1N,1023.0,DESPISTE,0,3.0,2.0,2020,9,1,0,0.0,0.0,0.0
20211222,2020-09-22,21:10,PIURA,PE-1N,1149.0,DESPISTE,1,0.0,21.0,2020,9,1,1,0.0,0.0,0.0
20211222,2020-09-22,14:14,PUNO,PE-1S,1375.0,CHOQUE,0,3.0,14.0,2020,9,1,0,0.0,0.0,0.0
20211222,2020-09-23,12:00,AREQUIPA,PE-34F,15.0,CHOQUE,0,2.0,12.0,2020,9,2,0,0.0,0.0,0.0
20211222,2020-09-23,14:50,LIMA,PE-22,89.0,DESPISTE,0,0.0,14.0,2020,9,2,0,0.0,0.0,0.0
20211222,2020-09-23,16:45,UCAYALI,PE-18C,125.0,DESPISTE,0,0.0,16.0,2020,9,2,0,1.2,1.2,7.0
20211222,2020-09-23,01:30,LIMA,PE-1N,137.0,CHOQUE,0,0.0,1.0,2020,9,2,0,0.0,0.0,0.0
20211222,2020-09-23,09:05,JUNIN,PE-22,155.0,CHOQUE,0,0.0,9.0,2020,9,2,0,2.4,2.4,9.0
20211222,2020-09-23,14:30,HUANUCO,PE-3N,243.0,CHOQUE,0,0.0,14.0,2020,9,2,0,1.4,1.4,6.0
20211222,2020-09-23,07:00,PIURA,PE-1NJ,249.0,CHOQUE,0,2.0,7.0,2020,9,2,0,0.0,0.0,0.0
20211222,2020-09-23,07:30,APURIMAC,PE-30A,287.0,DESPISTE,0,2.0,7.0,2020,9,2,0,1.2,1.2,6.0
20211222,2020-09-23,10:50,APURIMAC,PE-30A,355.0,CHOQUE,0,3.0,10.0,2020,9,2,0,1.2,1.2,6.0
20211222,2020-09-23,09:50,ICA,PE-1S,437.0,DESPISTE,0,3.0,9.0,2020,9,2,0,0.0,0.0,0.0
20211222,2020-09-23,14:00,AREQUIPA,PE-1S,1040.0,CHOQUE,0,0.0,14.0,2020,9,2,0,0.0,0.0,0.0
20211222,2020-09-24,15:50,AREQUIPA,PE-1S,8.0,DESPISTE,0,0.0,15.0,2020,9,3,0,0.0,0.0,0.0
20211222,2020-09-24,11:45,JUNIN,PE-3N,11.0,DESPISTE,0,0.0,11.0,2020,9,3,0,0.9,0.9,3.0
20211222,2020-09-24,12:15,PASCO,PE-3N,17.0,CHOQUE,0,3.0,12.0,2020,9,3,0,0.2,0.2,2.0
20211222,2020-09-24,13:30,CAJAMARCA,PE-06B,35.0,DESPISTE,0,2.0,13.0,2020,9,3,0,0.7,0.7,2.0
20211222,2020-09-24,16:10,HUANUCO,PE-18A,72.0,CHOQUE,0,2.0,16.0,2020,9,3,0,2.2,2.2,8.0
20211222,2020-09-24,19:00,LIMA,PE-1N,80.0,CHOQUE,0,0.0,19.0,2020,9,3,0,0.0,0.0,0.0
20211222,2020-09-24,16:20,LIMA,PE-22,81.0,CHOQUE,0,0.0,16.0,2020,9,3,0,0.0,0.0,0.0
20211222,2020-09-24,06:10,LIMA,PE-1N,101.0,CHOQUE,0,1.0,6.0,2020,9,3,0,0.0,0.0,0.0
20211222,2020-09-24,10:55,LIMA,PE-22,110.0,ESPECIAL,0,1.0,10.0,2020,9,3,0,0.0,0.0,0.0
20211222,2020-09-24,11:15,ANCASH,PE-3N,198.0,CHOQUE,0,1.0,11.0,2020,9,3,0,0.0,0.0,0.0
20211222,2020-09-24,11:00,MADRE DE DIOS,PE-30C,282.0,DESPISTE,0,1.0,11.0,2020,9,3,0,0.0,0.0,0.0
20211222,2020-09-24,17:00,LA LIBERTAD,PE-1N,534.0,CHOQUE,0,4.0,17.0,2020,9,3,0,0.0,0.0,0.0
20211222,2020-09-24,12:30,LA LIBERTAD,PE-1N,576.0,CHOQUE,1,1.0,12.0,2020,9,3,1,0.0,0.0,0.0
20211222,2020-09-24,08:50,SAN MARTIN,PE-5N,634.0,DESPISTE,0,2.0,8.0,2020,9,3,0,0.7,0.7,3.0
20211222,2020-09-25,11:30,CUSCO,PE-28B,29.0,DESPISTE,0,1.0,11.0,2020,9,4,0,0.0,0.0,0.0
20211222,2020-09-25,09:40,LA LIBERTAD,PE-10A,51.0,CHOQUE,0,2.0,9.0,2020,9,4,0,0.0,0.0,0.0
20211222,2020-09-25,17:30,CAJAMARCA,PE-06B,90.0,CHOQUE,0,1.0,17.0,2020,9,4,0,1.0,1.0,4.0
20211222,2020-09-25,06:15,LIMA,PE-1N,108.0,DESPISTE,0,2.0,6.0,2020,9,4,0,0.0,0.0,0.0
20211222,2020-09-25,21:20,LIMA,PE-1N,117.0,CHOQUE,0,1.0,21.0,2020,9,4,0,0.0,0.0,0.0
20211222,2020-09-25,17:40,ANCASH,PE-3N,120.0,CHOQUE,0,0.0,17.0,2020,9,4,0,4.5,4.5,12.0
20211222,2020-09-25,10:10,LIMA,PE-1N,135.0,DESPISTE,0,5.0,10.0,2020,9,4,0,0.0,0.0,0.0
20211222,2020-09-25,16:40,PASCO,PE-3N,138.0,CHOQUE,0,2.0,16.0,2020,9,4,0,3.4,2.8,9.0
20211222,2020-09-25,07:45,ICA,PE-1S,182.0,CHOQUE,0,0.0,7.0,2020,9,4,0,0.0,0.0,0.0
20211222,2020-09-25,07:10,LIMA,PE-1N,183.0,DESPISTE,0,0.0,7.0,2020,9,4,0,0.0,0.0,0.0
20211222,2020-09-25,09:30,HUANCAVELICA,PE-28A,208.0,CHOQUE,1,1.0,9.0,2020,9,4,1,0.9,0.9,4.0
20211222,2020-09-25,21:30,ANCASH,PE-1N,286.0,CHOQUE,0,0.0,21.0,2020,9,4,0,4.5,4.5,12.0
20211222,2020-09-25,07:00,APURIMAC,PE-30A,372.0,DESPISTE,0,2.0,7.0,2020,9,4,0,0.0,0.0,0.0
20211222,2020-09-26,17:20,CAJAMARCA,PE-3N,14.0,DESPISTE,0,0.0,17.0,2020,9,5,0,5.5,5.5,12.0
20211222,2020-09-26,01:20,LIMA,PE-1S,23.0,DESPISTE,0,0.0,1.0,2020,9,5,0,0.0,0.0,0.0
20211222,2020-09-26,16:30,CAJAMARCA,PE-06B,46.0,DESPISTE,0,0.0,16.0,2020,9,5,0,5.5,5.5,12.0
20211222,2020-09-26,11:30,HUANUCO,PE-18A,95.0,CHOQUE,0,8.0,11.0,2020,9,5,0,0.0,0.0,0.0
20211222,2020-09-26,22:20,LIMA,PE-1S,115.0,ESPECIAL,0,0.0,22.0,2020,9,5,0,0.0,0.0,0.0
20211222,2020-09-26,17:40,AREQUIPA,PE-34A,178.0,DESPISTE,0,4.0,17.0,2020,9,5,0,0.0,0.0,0.0
20211222,2020-09-26,04:00,ANCASH,PE-16,519.0,DESPISTE,0,0.0,4.0,2020,9,5,0,7.1,7.1,13.0
20211222,2020-09-26,17:40,MADRE DE DIOS,PE-30C,522.0,CHOQUE,0,0.0,17.0,2020,9,5,0,1.3,1.3,1.0
20211222,2020-09-26,14:00,AREQUIPA,PE-1S,1027.0,DESPISTE,1,0.0,14.0,2020,9,5,1,0.0,0.0,0.0
20211222,2020-09-27,14:30,JUNIN,PE-3S,5.0,CHOQUE,0,0.0,14.0,2020,9,6,0,5.0,5.0,9.0
20211222,2020-09-27,21:50,JUNIN,PE-3S,9.0,DESPISTE,0,0.0,21.0,2020,9,6,0,5.0,5.0,9.0
20211222,2020-09-27,09:00,LIMA,PE-1N,36.0,CHOQUE,0,0.0,9.0,2020,9,6,0,0.0,0.0,0.0
20211222,2020-09-27,06:40,JUNIN,PE-3N,56.0,CHOQUE,0,2.0,6.0,2020,9,6,0,5.0,5.0,9.0
20211222,2020-09-27,11:40,JUNIN,PE-22B,86.0,CHOQUE,0,5.0,11.0,2020,9,6,0,5.0,5.0,9.0
20211222,2020-09-27,17:25,LIMA,PE-22,117.0,DESPISTE,0,0.0,17.0,2020,9,6,0,0.0,0.0,0.0
20211222,2020-09-27,17:00,ICA,PE-1S,176.0,CHOQUE,0,1.0,17.0,2020,9,6,0,0.0,0.0,0.0
20211222,2020-09-27,17:00,HUANUCO,PE-3N,209.0,DESPISTE,0,1.0,17.0,2020,9,6,0,1.2,1.2,3.0
20211222,2020-09-27,07:00,AYACUCHO,PE-3S,295.0,DESPISTE,1,4.0,7.0,2020,9,6,1,0.0,0.0,0.0
20211222,2020-09-27,05:55,APURIMAC,PE-30A,355.0,CHOQUE,0,0.0,5.0,2020,9,6,0,0.2,0.2,1.0
20211222,2020-09-27,06:11,ANCASH,PE-3N,501.0,ESPECIAL,0,0.0,6.0,2020,9,6,0,0.3,0.3,1.0
20211222,2020-09-28,19:30,LORETO,LO-103,5.0,DESPISTE,0,1.0,19.0,2020,9,0,0,5.2,5.2,6.0
20211222,2020-09-28,17:00,UCAYALI,PE-18C,58.0,CHOQUE,0,2.0,17.0,2020,9,0,0,27.0,27.0,12.0
20211222,2020-09-28,21:45,LIMA,PE-22,71.0,CHOQUE,0,1.0,21.0,2020,9,0,0,0.0,0.0,0.0
20211222,2020-09-28,06:45,LIMA,PE-22,76.0,CHOQUE,0,2.0,6.0,2020,9,0,0,0.0,0.0,0.0
20211222,2020-09-28,12:10,LAMBAYEQUE,PE-1N,93.0,DESPISTE,0,1.0,12.0,2020,9,0,0,0.0,0.0,0.0
20211222,2020-09-28,19:30,CUSCO,PE-28B,110.0,CHOQUE,0,0.0,19.0,2020,9,0,0,0.9,0.9,5.0
20211222,2020-09-28,18:20,PASCO,PE-3S,134.0,CHOQUE,0,2.0,18.0,2020,9,0,0,8.5,6.1,15.0
20211222,2020-09-28,08:00,ANCASH,PE-16,141.0,DESPISTE,0,1.0,8.0,2020,9,0,0,0.1,0.1,1.0
20211222,2020-09-28,01:30,UCAYALI,PE-18C,155.0,DESPISTE,0,5.0,1.0,2020,9,0,0,27.0,27.0,12.0
20211222,2020-09-28,11:52,PUNO,PE-34A,191.0,CHOQUE,0,1.0,11.0,2020,9,0,0,19.5,15.4,15.0
20211222,2020-09-28,17:00,MADRE DE DIOS,PE-30C,324.0,CHOQUE,0,1.0,17.0,2020,9,0,0,11.0,11.0,10.0
20211222,2020-09-28,06:00,ANCASH,PE-1N,447.0,CHOQUE,0,1.0,6.0,2020,9,0,0,0.1,0.1,1.0
20211222,2020-09-28,14:30,AREQUIPA,PE-1S,1036.0,DESPISTE,0,3.0,14.0,2020,9,0,0,0.0,0.0,0.0
20211222,2020-09-28,07:00,PUNO,PE-1S,1459.0,DESPISTE,0,2.0,7.0,2020,9,0,0,19.5,15.4,15.0
20211222,2020-09-28,06:30,CUSCO,PE-3S,,ATROPELLO,0,1.0,6.0,2020,9,0,0,0.9,0.9,5.0
20211222,2020-09-29,10:00,LAMBAYEQUE,PE-1N,49.0,CHOQUE,0,0.0,10.0,2020,9,1,0,0.0,0.0,0.0
20211222,2020-09-29,09:55,LIMA,PE-1N,83.0,CHOQUE,0,2.0,9.0,2020,9,1,0,0.0,0.0,0.0
20211222,2020-09-29,12:30,LIMA,PE-1S,91.0,CHOQUE,0,2.0,12.0,2020,9,1,0,0.0,0.0,0.0
20211222,2020-09-29,18:30,PIURA,PE-1N,128.0,DESPISTE,0,1.0,18.0,2020,9,1,0,0.0,0.0,0.0
20211222,2020-09-29,00:26,LIMA,PE-22,130.0,CHOQUE,0,1.0,0.0,2020,9,1,0,0.0,0.0,0.0
20211222,2020-09-29,16:30,JUNIN,PE-22,132.0,CHOQUE,0,4.0,16.0,2020,9,1,0,7.9,7.9,14.0
20211222,2020-09-29,06:00,JUNIN,PE-22,149.0,DESPISTE,0,0.0,6.0,2020,9,1,0,7.9,7.9,14.0
20211222,2020-09-29,05:20,JUNIN,PE-22,154.0,CHOQUE,0,3.0,5.0,2020,9,1,0,7.9,7.9,14.0
20211222,2020-09-29,15:00,ANCASH,PE-16,182.0,DESPISTE,0,2.0,15.0,2020,9,1,0,3.8,3.8,14.0
20211222,2020-09-29,16:30,PUNO,PE-30A,205.0,CHOQUE,0,4.0,16.0,2020,9,1,0,3.7,3.7,13.0
20211222,2020-09-29,00:55,AREQUIPA,PE-1S,603.0,DESPISTE,0,0.0,0.0,2020,9,1,0,0.0,0.0,0.0
20211222,2020-09-30,18:00,PIURA,PE-1N,67.0,CHOQUE,0,0.0,18.0,2020,9,2,0,0.0,0.0,0.0
20211222,2020-09-30,18:45,LAMBAYEQUE,PE-1NJ,97.0,DESPISTE,0,1.0,18.0,2020,9,2,0,0.0,0.0,0.0
20211222,2020-09-30,19:20,ANCASH,PE-3N,100.0,DESPISTE,0,2.0,19.0,2020,9,2,0,21.0,20.8,14.0
20211222,2020-09-30,N.I.,CUSCO,PE-28B,134.0,DESPISTE,0,0.0,,2020,9,2,0,0.8,0.8,4.0
20211222,2020-09-30,01:40,CAJAMARCA,PE-08,160.0,DESPISTE,0,0.0,1.0,2020,9,2,0,4.7,4.7,6.0
20211222,2020-09-30,00:00,HUANUCO,PE-3N,212.0,DESPISTE,0,0.0,0.0,2020,9,2,0,1.6,1.6,8.0
20211222,2020-09-30,09:55,MADRE DE DIOS,PE-30C,405.0,CHOQUE,0,0.0,9.0,2020,9,2,0,0.0,0.0,0.0
20211222,2020-09-30,14:30,SAN MARTIN,PE-5N,656.0,DESPISTE,0,1.0,14.0,2020,9,2,0,6.9,6.9,14.0
20211222,2020-09-30,22:05,LAMBAYEQUE,PE-1N,836.0,CHOQUE,0,0.0,22.0,2020,9,2,0,0.0,0.0,0.0
20211222,2020-09-30,08:15,APURIMAC,PE-30A,837.0,DESPISTE,1,0.0,8.0,2020,9,2,1,3.6,3.6,11.0
20211222,2020-10-01,07:00,CAJAMARCA,PE-06B,7.0,DESPISTE,0,0.0,7.0,2020,10,3,0,0.1,0.1,1.0
20211222,2020-10-01,06:30,PIURA,PE-02A,8.0,DESPISTE,0,2.0,6.0,2020,10,3,0,0.0,0.0,0.0
20211222,2020-10-01,06:30,UCAYALI,PE-18C,19.0,DESPISTE,0,1.0,6.0,2020,10,3,0,0.0,0.0,0.0
20211222,2020-10-01,13:20,JUNIN,PE-22B,91.0,DESPISTE,0,1.0,13.0,2020,10,3,0,0.9,0.9,2.0
20211222,2020-10-01,19:30,LIMA,PE-1N,127.0,CHOQUE,0,2.0,19.0,2020,10,3,0,0.0,0.0,0.0
20211222,2020-10-01,09:20,PUNO,PE-34A,242.0,DESPISTE,0,0.0,9.0,2020,10,3,0,2.4,2.3,9.0
20211222,2020-10-01,03:00,MADRE DE DIOS,PE-30C,324.0,CHOQUE,0,2.0,3.0,2020,10,3,0,0.0,0.0,0.0
20211222,2020-10-01,18:00,LA LIBERTAD,PE-1N,575.0,CHOQUE,0,2.0,18.0,2020,10,3,0,0.0,0.0,0.0
20211222,2020-10-02,08:20,LAMBAYEQUE,PE-1NJ,42.0,CHOQUE,1,0.0,8.0,2020,10,4,1,0.0,0.0,0.0
20211222,2020-10-02,16:30,LIMA,PE-1N,52.0,CHOQUE,0,2.0,16.0,2020,10,4,0,0.0,0.0,0.0
20211222,2020-10-02,07:35,AREQUIPA,PE-34E,71.0,CHOQUE,0,0.0,7.0,2020,10,4,0,0.0,0.0,0.0
20211222,2020-10-02,13:00,ANCASH,PE-3N,539.0,DESPISTE,0,0.0,13.0,2020,10,4,0,0.9,0.9,5.0
20211222,2020-10-02,11:45,LA LIBERTAD,PE-1N,561.0,CHOQUE,0,2.0,11.0,2020,10,4,0,0.0,0.0,0.0
20211222,2020-10-02,10:30,ANCASH,PE-3N,637.0,CHOQUE,0,1.0,10.0,2020,10,4,0,0.9,0.9,5.0
20211222,2020-10-03,18:40,LAMBAYEQUE,PE-06A,47.0,DESPISTE,0,3.0,18.0,2020,10,5,0,0.2,0.2,1.0
20211222,2020-10-03,14:30,LIMA,PE-1S,99.0,DESPISTE,0,1.0,14.0,2020,10,5,0,0.0,0.0,0.0
20211222,2020-10-03,02:00,LIMA,PE-1N,160.0,CHOQUE,0,2.0,2.0,2020,10,5,0,0.0,0.0,0.0
20211222,2020-10-03,11:28,ICA,PE-1S,203.0,CHOQUE,0,6.0,11.0,2020,10,5,0,0.0,0.0,0.0
20211222,2020-10-03,22:30,LA LIBERTAD,PE-1N,545.0,CHOQUE,1,2.0,22.0,2020,10,5,1,0.0,0.0,0.0
20211222,2020-10-03,03:00,AREQUIPA,PE-1S,609.0,DESPISTE,0,0.0,3.0,2020,10,5,0,0.0,0.0,0.0
20211222,2020-10-03,16:30,AREQUIPA,PE-1S,701.0,DESPISTE,0,3.0,16.0,2020,10,5,0,0.0,0.0,0.0
20211222,2020-10-03,02:30,AREQUIPA,PE-1S,733.0,CHOQUE,0,0.0,2.0,2020,10,5,0,0.0,0.0,0.0
20211222,2020-10-03,09:20,LAMBAYEQUE,PE-1N,763.0,CHOQUE,1,0.0,9.0,2020,10,5,1,0.2,0.2,1.0
20211222,2020-10-03,19:15,CUSCO,PE-3S,989.0,CHOQUE,0,3.0,19.0,2020,10,5,0,1.4,1.4,6.0
20211222,2020-10-03,14:50,CUSCO,PE-3S,1076.0,CHOQUE,0,2.0,14.0,2020,10,5,0,1.4,1.4,6.0
20211222,2020-10-04,17:15,AMAZONAS,PE-08B,27.0,DESPISTE,0,1.0,17.0,2020,10,6,0,3.0,3.0,13.0
20211222,2020-10-04,05:30,LIMA,PE-1S,63.0,ATROPELLO,1,0.0,5.0,2020,10,6,1,0.6,0.6,2.0
20211222,2020-10-04,22:50,ANCASH,PE-1N,78.0,DESPISTE,0,1.0,22.0,2020,10,6,0,1.1,1.1,7.0
20211222,2020-10-04,06:50,LIMA,PE-1S,83.0,DESPISTE,0,1.0,6.0,2020,10,6,0,0.6,0.6,2.0
20211222,2020-10-04,22:20,LIMA,PE-1S,122.0,ATROPELLO,1,0.0,22.0,2020,10,6,1,0.6,0.6,2.0
20211222,2020-10-04,10:45,JUNIN,PE-3N,151.0,DESPISTE,0,0.0,10.0,2020,10,6,0,4.0,4.0,12.0
20211222,2020-10-04,05:00,LIMA,PE-30A,433.0,DESPISTE,0,0.0,5.0,2020,10,6,0,0.6,0.6,2.0
20211222,2020-10-04,16:45,SAN MARTIN,PE-04A,691.0,DESPISTE,0,1.0,16.0,2020,10,6,0,7.1,7.1,11.0
20211222,2020-10-05,05:55,LIMA,PE-1S,5.0,DESPISTE,0,0.0,5.0,2020,10,0,0,0.0,0.0,0.0
20211222,2020-10-05,19:00,PUNO,PE-34H,26.0,CHOQUE,0,0.0,19.0,2020,10,0,0,0.7,0.7,5.0
20211222,2020-10-05,07:30,LIMA,PE-1S,31.0,CHOQUE,0,2.0,7.0,2020,10,0,0,0.0,0.0,0.0
20211222,2020-10-05,13:50,LA LIBERTAD,PE-1N,41.0,DESPISTE,0,0.0,13.0,2020,10,0,0,0.0,0.0,0.0
20211222,2020-10-05,09:20,JUNIN,PE-3S,56.0,CHOQUE,0,2.0,9.0,2020,10,0,0,0.1,0.1,1.0
20211222,2020-10-05,03:50,JUNIN,PE-3S,63.0,DESPISTE,0,0.0,3.0,2020,10,0,0,0.1,0.1,1.0
20211222,2020-10-05,07:50,JUNIN,PE-22,138.0,CHOQUE,0,0.0,7.0,2020,10,0,0,0.1,0.1,1.0
20211222,2020-10-05,15:10,LIMA,PE-1S,162.0,DESPISTE,0,3.0,15.0,2020,10,0,0,0.0,0.0,0.0
20211222,2020-10-05,22:50,UCAYALI,PE-18C,165.0,DESPISTE,0,1.0,22.0,2020,10,0,0,1.1,1.1,3.0
20211222,2020-10-05,14:45,MADRE DE DIOS,PE-30C,326.0,CHOQUE,0,2.0,14.0,2020,10,0,0,3.8,3.8,3.0
20211222,2020-10-05,14:00,SAN MARTIN,PE-5N,374.0,DESPISTE,0,1.0,14.0,2020,10,0,0,0.1,0.1,1.0
20211222,2020-10-05,08:00,CUSCO,PE-3S,1003.0,CHOQUE,0,7.0,8.0,2020,10,0,0,0.2,0.2,1.0
20211222,2020-10-05,06:00,CUSCO,PE-3S,1004.0,CHOQUE,0,1.0,6.0,2020,10,0,0,0.2,0.2,1.0
20211222,2020-10-06,09:20,JUNIN,PE-3N,36.0,DESPISTE,0,2.0,9.0,2020,10,1,0,1.0,1.0,8.0
20211222,2020-10-06,07:50,JUNIN,PE-22,154.0,CHOQUE,0,0.0,7.0,2020,10,1,0,1.0,1.0,8.0
20211222,2020-10-06,22:20,LIMA,PE-1N,164.0,ATROPELLO,1,0.0,22.0,2020,10,1,1,0.0,0.0,0.0
20211222,2020-10-06,03:50,LIMA,PE-1N,232.0,CHOQUE,1,1.0,3.0,2020,10,1,1,0.0,0.0,0.0
20211222,2020-10-06,09:15,ANCASH,PE-1N,274.0,CHOQUE,0,2.0,9.0,2020,10,1,0,0.1,0.1,1.0
20211222,2020-10-06,06:00,LA LIBERTAD,PE-1N,602.0,ATROPELLO,0,1.0,6.0,2020,10,1,0,0.3,0.3,3.0
20211222,2020-10-06,20:00,PIURA,PE-1NL,1045.0,CHOQUE,0,3.0,20.0,2020,10,1,0,0.0,0.0,0.0
20211222,2020-10-06,19:30,HUANUCO,PE-3N,,CHOQUE,0,1.0,19.0,2020,10,1,0,0.0,0.0,0.0
20211222,2020-10-07,11:30,AMAZONAS,PE-08B,0.0,CHOQUE,0,1.0,11.0,2020,10,2,0,0.0,0.0,0.0
20211222,2020-10-07,17:45,JUNIN,PE-3SA,26.0,DESPISTE,0,0.0,17.0,2020,10,2,0,3.2,3.2,10.0
20211222,2020-10-07,21:00,PIURA,PE-02A,50.0,CHOQUE,0,2.0,21.0,2020,10,2,0,0.0,0.0,0.0
20211222,2020-10-07,05:15,AREQUIPA,PE-34A,148.0,ESPECIAL,0,0.0,5.0,2020,10,2,0,0.1,0.1,1.0
20211222,2020-10-07,15:00,AREQUIPA,PE-34A,179.0,DESPISTE,1,0.0,15.0,2020,10,2,1,0.1,0.1,1.0
20211222,2020-10-07,21:20,MADRE DE DIOS,PE-30C,326.0,CHOQUE,0,1.0,21.0,2020,10,2,0,4.8,4.8,4.0
20211222,2020-10-08,00:00,JUNIN,PE-3S,6.0,DESPISTE,0,1.0,0.0,2020,10,3,0,4.4,4.4,7.0
20211222,2020-10-08,14:30,TACNA,PE-36A,40.0,DESPISTE,3,0.0,14.0,2020,10,3,1,0.0,0.0,0.0
20211222,2020-10-08,00:45,CUSCO,PE-3S,57.0,DESPISTE,1,1.0,0.0,2020,10,3,1,5.1,5.1,7.0
20211222,2020-10-08,22:35,LIMA,PE-1S,59.0,ATROPELLO,1,0.0,22.0,2020,10,3,1,0.0,0.0,0.0
20211222,2020-10-08,10:00,JUNIN,PE-3S,76.0,CHOQUE,0,1.0,10.0,2020,10,3,0,4.4,4.4,7.0
20211222,2020-10-08,N.I.,LIMA,PE-1N,84.0,CHOQUE,0,2.0,,2020,10,3,0,0.0,0.0,0.0
20211222,2020-10-08,22:50,LIMA,PE-1N,85.0,CHOQUE,0,2.0,22.0,2020,10,3,0,0.0,0.0,0.0
20211222,2020-10-08,06:00,LIMA,PE-22,88.0,CHOQUE,0,0.0,6.0,2020,10,3,0,0.0,0.0,0.0
20211222,2020-10-08,21:50,JUNIN,PE-5S,109.0,CHOQUE,1,0.0,21.0,2020,10,3,1,4.4,4.4,7.0
20211222,2020-10-08,03:00,LIMA,PE-22,112.0,CHOQUE,0,0.0,3.0,2020,10,3,0,0.0,0.0,0.0
20211222,2020-10-08,08:45,PUNO,PE-36A,188.0,DESPISTE,0,0.0,8.0,2020,10,3,0,1.2,1.2,6.0
20211222,2020-10-08,10:00,PUNO,PE-34A,192.0,DESPISTE,0,0.0,10.0,2020,10,3,0,1.2,1.2,6.0
20211222,2020-10-08,06:30,LIMA,PE-1N,230.0,DESPISTE,0,4.0,6.0,2020,10,3,0,0.0,0.0,0.0
20211222,2020-10-08,00:20,AMAZONAS,PE-04A,236.0,DESPISTE,0,0.0,0.0,2020,10,3,0,0.1,0.1,1.0
20211222,2020-10-08,11:00,ANCASH,PE-1N,246.0,CHOQUE,0,1.0,11.0,2020,10,3,0,3.5,3.5,5.0
20211222,2020-10-08,07:45,TACNA,PE-1SD,322.0,CHOQUE,0,0.0,7.0,2020,10,3,0,0.0,0.0,0.0
20211222,2020-10-08,15:50,SAN MARTIN,PE-04A,546.0,DESPISTE,0,4.0,15.0,2020,10,3,0,7.1,7.1,10.0
20211222,2020-10-08,18:50,SAN MARTIN,PE-04A,748.0,DESPISTE,0,0.0,18.0,2020,10,3,0,7.1,7.1,10.0
20211222,2020-10-09,08:35,LIMA,PE-1S,27.0,ATROPELLO,1,0.0,8.0,2020,10,4,1,0.0,0.0,0.0
20211222,2020-10-09,10:00,JUNIN,PE-22,116.0,CHOQUE,1,0.0,10.0,2020,10,4,1,0.1,0.1,1.0
20211222,2020-10-09,10:25,LIMA,PE-1N,220.0,DESPISTE,0,0.0,10.0,2020,10,4,0,0.0,0.0,0.0
20211222,2020-10-09,21:52,ICA,PE-1S,237.0,CHOQUE,0,1.0,21.0,2020,10,4,0,0.0,0.0,0.0
20211222,2020-10-09,17:20,LAMBAYEQUE,PE-1N,729.0,CHOQUE,1,0.0,17.0,2020,10,4,1,0.0,0.0,0.0
20211222,2020-10-09,13:50,PIURA,PE-1N,1090.0,CHOQUE,0,3.0,13.0,2020,10,4,0,0.0,0.0,0.0
20211222,2020-10-10,19:00,ANCASH,PE-3N,5.0,CHOQUE,0,1.0,19.0,2020,10,5,0,0.0,0.0,0.0
20211222,2020-10-10,14:20,AMAZONAS,LO-103,8.0,CHOQUE,0,3.0,14.0,2020,10,5,0,0.0,0.0,0.0
20211222,2020-10-10,21:30,CAJAMARCA,PE-3N,10.0,CHOQUE,0,1.0,21.0,2020,10,5,0,0.0,0.0,0.0
20211222,2020-10-10,06:23,CAJAMARCA,PE-08A,49.0,CHOQUE,1,1.0,6.0,2020,10,5,1,0.0,0.0,0.0
20211222,2020-10-10,16:30,PUNO,PE-34H,49.0,CHOQUE,0,0.0,16.0,2020,10,5,0,2.6,2.6,8.0
20211222,2020-10-10,23:15,LIMA,PE-1S,56.0,ESPECIAL,0,0.0,23.0,2020,10,5,0,0.0,0.0,0.0
20211222,2020-10-10,00:00,CAJAMARCA,PE-08,59.0,DESPISTE,1,1.0,0.0,2020,10,5,1,0.0,0.0,0.0
20211222,2020-10-10,16:30,ANCASH,AN-111,63.0,CHOQUE,0,0.0,16.0,2020,10,5,0,0.0,0.0,0.0
20211222,2020-10-10,13:42,PUNO,PE-36B,66.0,DESPISTE,0,1.0,13.0,2020,10,5,0,2.6,2.6,8.0
20211222,2020-10-10,06:20,LIMA,PE-1N,71.0,DESPISTE,0,1.0,6.0,2020,10,5,0,0.0,0.0,0.0
20211222,2020-10-10,21:40,LIMA,PE-1S,80.0,CHOQUE,0,5.0,21.0,2020,10,5,0,0.0,0.0,0.0
20211222,2020-10-10,16:35,LIMA,PE-1N,84.0,CHOQUE,0,1.0,16.0,2020,10,5,0,0.0,0.0,0.0
20211222,2020-10-10,16:40,LIMA,PE-1S,116.0,CHOQUE,0,1.0,16.0,2020,10,5,0,0.0,0.0,0.0
20211222,2020-10-10,22:17,LIMA,PE-1N,120.0,CHOQUE,0,0.0,22.0,2020,10,5,0,0.0,0.0,0.0
20211222,2020-10-10,12:30,JUNIN,PE-22,160.0,DESPISTE,0,0.0,12.0,2020,10,5,0,0.3,0.3,1.0
20211222,2020-10-10,11:00,AMAZONAS,PE-04A,191.0,DESPISTE,0,2.0,11.0,2020,10,5,0,0.0,0.0,0.0
20211222,2020-10-10,17:50,PUNO,PE-34B,306.0,CHOQUE,0,1.0,17.0,2020,10,5,0,2.6,2.6,8.0
20211222,2020-10-10,10:40,APURIMAC,PE-30A,355.0,DESPISTE,0,9.0,10.0,2020,10,5,0,0.3,0.3,2.0
20211222,2020-10-10,12:00,APURIMAC,PE-3S,433.0,DESPISTE,0,0.0,12.0,2020,10,5,0,0.3,0.3,2.0
20211222,2020-10-10,13:40,SAN MARTIN,PE-04A,452.0,CHOQUE,0,1.0,13.0,2020,10,5,0,1.0,1.0,6.0
20211222,2020-10-10,15:30,APURIMAC,PE-3S,702.0,DESPISTE,0,3.0,15.0,2020,10,5,0,0.3,0.3,2.0
20211222,2020-10-10,06:00,LAMBAYEQUE,PE-1N,725.0,N.I.,0,0.0,6.0,2020,10,5,0,0.0,0.0,0.0
20211222,2020-10-10,12:05,SAN MARTIN,PE-5N,748.0,CHOQUE,0,1.0,12.0,2020,10,5,0,1.0,1.0,6.0
20211222,2020-10-10,17:55,SAN MARTIN,PE-5N,751.0,ATROPELLO,0,1.0,17.0,2020,10,5,0,1.0,1.0,6.0
20211222,2020-10-11,12:00,AMAZONAS,LO-103,2.0,CHOQUE,0,3.0,12.0,2020,10,6,0,0.0,0.0,0.0
20211222,2020-10-11,02:30,LIMA,PE-1NA,8.0,CHOQUE,0,0.0,2.0,2020,10,6,0,0.0,0.0,0.0
20211222,2020-10-11,16:00,CUSCO,PE-34E,10.0,VOLCADURA,0,0.0,16.0,2020,10,6,0,2.2,2.2,4.0
20211222,2020-10-11,11:00,LA LIBERTAD,PE-10A,24.0,CHOQUE,0,2.0,11.0,2020,10,6,0,0.0,0.0,0.0
20211222,2020-10-11,01:15,LIMA,PE-1NE,29.0,DESPISTE,0,3.0,1.0,2020,10,6,0,0.0,0.0,0.0
20211222,2020-10-11,10:00,ICA,PE-1S,193.0,CHOQUE,0,4.0,10.0,2020,10,6,0,0.0,0.0,0.0
20211222,2020-10-11,14:40,PUNO,PE-30A,210.0,DESPISTE,0,0.0,14.0,2020,10,6,0,1.4,1.4,5.0
20211222,2020-10-11,04:00,PUNO,PE-34A,231.0,DESPISTE,0,2.0,4.0,2020,10,6,0,1.4,1.4,5.0
20211222,2020-10-11,10:50,PUNO,PE-34A,246.0,DESPISTE,0,0.0,10.0,2020,10,6,0,1.4,1.4,5.0
20211222,2020-10-11,09:00,AMAZONAS,PE-04A,283.0,DESPISTE,0,1.0,9.0,2020,10,6,0,0.0,0.0,0.0
20211222,2020-10-11,18:20,PUNO,PE-34A,296.0,DESPISTE,0,1.0,18.0,2020,10,6,0,1.4,1.4,5.0
20211222,2020-10-11,02:30,LA LIBERTAD,PE-1N,521.0,CHOQUE,1,0.0,2.0,2020,10,6,1,0.0,0.0,0.0
20211222,2020-10-11,10:15,MOQUEGUA,PE-1S,1261.0,CHOQUE,0,1.0,10.0,2020,10,6,0,0.0,0.0,0.0
20211222,2020-10-11,22:30,TACNA,PE-1S,1305.0,DESPISTE,0,1.0,22.0,2020,10,6,0,0.0,0.0,0.0
20211222,2020-10-12,06:30,ANCASH,AN-106,5.0,DESPISTE,0,0.0,6.0,2020,10,0,0,0.0,0.0,0.0
20211222,2020-10-12,16:30,LAMBAYEQUE,PE-08,11.0,CHOQUE,1,1.0,16.0,2020,10,0,1,0.0,0.0,0.0
20211222,2020-10-12,21:40,LAMBAYEQUE,PE-1NJ,61.0,DESPISTE,0,2.0,21.0,2020,10,0,0,0.0,0.0,0.0
20211222,2020-10-12,19:40,JUNIN,PE-22B,62.0,DESPISTE,0,5.0,19.0,2020,10,0,0,1.1,1.1,9.0
20211222,2020-10-12,13:45,ICA,PE-30A,78.0,DESPISTE,0,1.0,13.0,2020,10,0,0,0.0,0.0,0.0
20211222,2020-10-12,10:40,LIMA,PE-22,87.0,DESPISTE,0,0.0,10.0,2020,10,0,0,0.0,0.0,0.0
20211222,2020-10-12,16:20,LIMA,PE-1S,98.0,DESPISTE,0,1.0,16.0,2020,10,0,0,0.0,0.0,0.0
20211222,2020-10-12,15:50,CAJAMARCA,PE-08B,107.0,CHOQUE,0,3.0,15.0,2020,10,0,0,0.0,0.0,0.0
20211222,2020-10-12,11:10,PUNO,PE-34B,279.0,DESPISTE,0,3.0,11.0,2020,10,0,0,3.1,3.0,10.0
20211222,2020-10-12,14:20,PUNO,PE-34B,280.0,DESPISTE,0,1.0,14.0,2020,10,0,0,3.1,3.0,10.0
20211222,2020-10-12,18:55,SAN MARTIN,PE-04A,527.0,CHOQUE,0,2.0,18.0,2020,10,0,0,0.3,0.3,2.0
20211222,2020-10-13,16:30,ANCASH,PE-3N,5.0,CHOQUE,0,2.0,16.0,2020,10,1,0,0.5,0.5,3.0
20211222,2020-10-13,12:30,JUNIN,PE-3N,15.0,DESPISTE,0,1.0,12.0,2020,10,1,0,0.6,0.6,4.0
20211222,2020-10-13,10:20,UCAYALI,PE-04A,20.0,CHOQUE,0,5.0,10.0,2020,10,1,0,6.6,6.6,11.0
20211222,2020-10-13,13:10,CUSCO,CU-117,25.0,CHOQUE,0,0.0,13.0,2020,10,1,0,0.4,0.4,1.0
20211222,2020-10-13,11:30,AYACUCHO,PE-30A,52.0,CHOQUE,0,1.0,11.0,2020,10,1,0,0.0,0.0,0.0
20211222,2020-10-13,14:50,JUNIN,PE-22,143.0,DESPISTE,0,0.0,14.0,2020,10,1,0,0.6,0.6,4.0
20211222,2020-10-13,10:50,ANCASH,PE-3N,543.0,ATROPELLO,0,0.0,10.0,2020,10,1,0,0.5,0.5,3.0
20211222,2020-10-14,09:30,CAJAMARCA,PE-08,4.0,DESPISTE,0,2.0,9.0,2020,10,2,0,0.9,0.9,5.0
20211222,2020-10-14,07:15,JUNIN,PE-3S,8.0,CHOQUE,0,1.0,7.0,2020,10,2,0,3.0,3.0,8.0
20211222,2020-10-14,05:15,PUNO,PU-120,14.0,DESPISTE,0,1.0,5.0,2020,10,2,0,3.1,3.1,14.0
20211222,2020-10-14,18:50,PIURA,PE-02,28.0,CHOQUE,0,2.0,18.0,2020,10,2,0,0.0,0.0,0.0
20211222,2020-10-14,03:00,PIURA,PE-1N,61.0,DESPISTE,0,1.0,3.0,2020,10,2,0,0.0,0.0,0.0
20211222,2020-10-14,20:55,JUNIN,PE-3S,72.0,DESPISTE,0,5.0,20.0,2020,10,2,0,3.0,3.0,8.0
20211222,2020-10-14,07:30,TACNA,PE-1SD,73.0,DESPISTE,0,3.0,7.0,2020,10,2,0,0.0,0.0,0.0
20211222,2020-10-14,09:50,JUNIN,PE-3N,138.0,DESPISTE,0,3.0,9.0,2020,10,2,0,3.0,3.0,8.0
20211222,2020-10-14,17:00,AYACUCHO,PE-3S,209.0,DESPISTE,0,5.0,17.0,2020,10,2,0,0.0,0.0,0.0
20211222,2020-10-14,02:30,LA LIBERTAD,PE-10C,216.0,DESPISTE,0,1.0,2.0,2020,10,2,0,0.0,0.0,0.0
20211222,2020-10-14,07:30,ANCASH,PE-1N,394.0,DESPISTE,0,4.0,7.0,2020,10,2,0,0.3,0.3,2.0
20211222,2020-10-14,14:50,ICA,PE-1S,397.0,CHOQUE,0,2.0,14.0,2020,10,2,0,0.0,0.0,0.0
20211222,2020-10-14,17:30,AYACUCHO,PE-3S,444.0,DESPISTE,0,2.0,17.0,2020,10,2,0,0.0,0.0,0.0
20211222,2020-10-14,05:15,LA LIBERTAD,PE-1N,479.0,DESPISTE,0,0.0,5.0,2020,10,2,0,0.0,0.0,0.0
20211222,2020-10-14,11:00,MADRE DE DIOS,PE-30C,486.0,DESPISTE,0,0.0,11.0,2020,10,2,0,2.1,2.1,5.0
20211222,2020-10-14,10:30,LA LIBERTAD,PE-1N,562.0,CHOQUE,0,2.0,10.0,2020,10,2,0,0.0,0.0,0.0
20211222,2020-10-14,07:15,TACNA,PE-1S,1323.0,DESPISTE,0,0.0,7.0,2020,10,2,0,0.0,0.0,0.0
20211222,2020-10-15,07:10,CAJAMARCA,PE-3N,7.0,DESPISTE,0,1.0,7.0,2020,10,3,0,2.2,2.2,5.0
20211222,2020-10-15,09:30,AREQUIPA,PE-1SD,23.0,DESPISTE,0,0.0,9.0,2020,10,3,0,0.8,0.8,4.0
20211222,2020-10-15,05:40,JUNIN,PE-3N,41.0,DESPISTE,0,0.0,5.0,2020,10,3,0,6.1,6.1,10.0
20211222,2020-10-15,12:50,JUNIN,PE-3N,52.0,DESPISTE,0,2.0,12.0,2020,10,3,0,6.1,6.1,10.0
20211222,2020-10-15,08:00,LA LIBERTAD,PE-10A,67.0,DESPISTE,0,1.0,8.0,2020,10,3,0,0.0,0.0,0.0
20211222,2020-10-15,19:45,CUSCO,PE-3S,89.0,DESPISTE,0,0.0,19.0,2020,10,3,0,1.5,1.5,2.0
20211222,2020-10-15,N.I.,CAJAMARCA,PE-1N,91.0,CHOQUE,0,3.0,,2020,10,3,0,2.2,2.2,5.0
20211222,2020-10-15,08:20,PASCO,PE-3N,125.0,DESPISTE,0,1.0,8.0,2020,10,3,0,6.0,4.5,12.0
20211222,2020-10-15,17:15,LIMA,PE-1S,165.0,CHOQUE,0,1.0,17.0,2020,10,3,0,0.0,0.0,0.0
20211222,2020-10-15,12:00,ICA,PE-1S,202.0,DESPISTE,0,0.0,12.0,2020,10,3,0,0.0,0.0,0.0
20211222,2020-10-15,12:40,HUANUCO,PE-5N,463.0,DESPISTE,0,3.0,12.0,2020,10,3,0,1.4,1.4,5.0
20211222,2020-10-15,14:45,SAN MARTIN,PE-5N,556.0,CHOQUE,0,2.0,14.0,2020,10,3,0,1.3,1.3,10.0
20211222,2020-10-15,08:40,SAN MARTIN,PE-5N,557.0,CHOQUE,0,1.0,8.0,2020,10,3,0,1.3,1.3,10.0
20211222,2020-10-15,12:30,APURIMAC,PE-3S,682.0,CHOQUE,0,2.0,12.0,2020,10,3,0,11.9,11.9,20.0
20211222,2020-10-15,05:50,MOQUEGUA,PE-1S,1167.0,DESPISTE,0,0.0,5.0,2020,10,3,0,0.0,0.0,0.0
20211222,2020-10-16,19:30,AMAZONAS,PE-5N,6.0,CHOQUE,0,1.0,19.0,2020,10,4,0,0.7,0.7,5.0
20211222,2020-10-16,04:35,JUNIN,PE-3N,22.0,CHOQUE,0,4.0,4.0,2020,10,4,0,1.8,1.8,8.0
20211222,2020-10-16,10:00,TACNA,PE-1SD,42.0,DESPISTE,0,0.0,10.0,2020,10,4,0,0.0,0.0,0.0
20211222,2020-10-16,13:00,HUANUCO,PE-18A,46.0,CHOQUE,0,0.0,13.0,2020,10,4,0,1.2,1.2,8.0
20211222,2020-10-16,21:40,JUNIN,PE-3N,57.0,DESPISTE,2,4.0,21.0,2020,10,4,1,1.8,1.8,8.0
20211222,2020-10-16,22:50,CUSCO,PE-34J,62.0,DESPISTE,0,1.0,22.0,2020,10,4,0,2.8,2.8,5.0
20211222,2020-10-16,12:00,LIMA,PE-1S,74.0,DESPISTE,0,1.0,12.0,2020,10,4,0,0.0,0.0,0.0
20211222,2020-10-16,01:30,HUANUCO,PE-18A,90.0,DESPISTE,0,0.0,1.0,2020,10,4,0,1.2,1.2,8.0
20211222,2020-10-16,06:30,PIURA,PE-1N,104.0,DESPISTE,0,0.0,6.0,2020,10,4,0,0.0,0.0,0.0
20211222,2020-10-16,05:48,JUNIN,PE-3S,104.0,DESPISTE,0,3.0,5.0,2020,10,4,0,1.8,1.8,8.0
20211222,2020-10-16,21:55,LIMA,PE-22,107.0,CHOQUE,0,0.0,21.0,2020,10,4,0,0.0,0.0,0.0
20211222,2020-10-16,12:30,JUNIN,PE-22,154.0,DESPISTE,0,1.0,12.0,2020,10,4,0,1.8,1.8,8.0
20211222,2020-10-16,04:00,ICA,PE-1S,223.0,DESPISTE,0,0.0,4.0,2020,10,4,0,0.0,0.0,0.0
20211222,2020-10-16,21:20,MADRE DE DIOS,PE-30C,318.0,CHOQUE,0,1.0,21.0,2020,10,4,0,14.0,14.0,15.0
20211222,2020-10-16,08:30,APURIMAC,PE-30A,430.0,ESPECIAL,0,0.0,8.0,2020,10,4,0,14.9,14.9,16.0
20211222,2020-10-16,17:50,AREQUIPA,PE-1S,599.0,CHOQUE,0,2.0,17.0,2020,10,4,0,0.9,0.9,5.0
20211222,2020-10-16,17:50,AREQUIPA,PE-1S,633.0,CHOQUE,0,1.0,17.0,2020,10,4,0,0.9,0.9,5.0
20211222,2020-10-16,08:00,PUNO,PE-3S,1322.0,ATROPELLO,1,0.0,8.0,2020,10,4,1,5.7,5.5,15.0
20211222,2020-10-17,15:00,TACNA,PE-22B,27.0,DESPISTE,1,0.0,15.0,2020,10,5,1,0.0,0.0,0.0
20211222,2020-10-17,15:15,JUNIN,PE-22B,28.0,DESPISTE,1,1.0,15.0,2020,10,5,1,2.6,2.6,9.0
20211222,2020-10-17,05:00,LAMBAYEQUE,PE-1N,43.0,ATROPELLO,0,1.0,5.0,2020,10,5,0,0.0,0.0,0.0
20211222,2020-10-17,22:00,PIURA,PI-102,57.0,CHOQUE,0,0.0,22.0,2020,10,5,0,0.0,0.0,0.0
20211222,2020-10-17,16:00,AREQUIPA,PE-34A,84.0,VOLCADURA,0,0.0,16.0,2020,10,5,0,0.0,0.0,0.0
20211222,2020-10-17,13:50,ANCASH,PE-16,99.0,CHOQUE,0,2.0,13.0,2020,10,5,0,4.6,4.6,7.0
20211222,2020-10-17,06:00,AREQUIPA,PE-34A,127.0,CHOQUE,0,0.0,6.0,2020,10,5,0,0.0,0.0,0.0
20211222,2020-10-17,16:00,AREQUIPA,PE-34A,182.0,DESPISTE,0,4.0,16.0,2020,10,5,0,0.0,0.0,0.0
20211222,2020-10-17,18:30,MADRE DE DIOS,PE-30C,396.0,CHOQUE,1,0.0,18.0,2020,10,5,1,0.0,0.0,0.0
20211222,2020-10-17,06:00,ICA,PE-1S,433.0,DESPISTE,0,2.0,6.0,2020,10,5,0,0.0,0.0,0.0
20211222,2020-10-17,06:30,AREQUIPA,PE-34A,523.0,CHOQUE,0,0.0,6.0,2020,10,5,0,0.0,0.0,0.0
20211222,2020-10-17,16:00,AREQUIPA,PE-30,657.0,DESPISTE,0,0.0,16.0,2020,10,5,0,0.0,0.0,0.0
20211222,2020-10-17,23:00,MOQUEGUA,PE-1S,712.0,CHOQUE,0,1.0,23.0,2020,10,5,0,0.0,0.0,0.0
20211222,2020-10-17,06:45,LIMA,PE-1N,814.0,DESPISTE,0,0.0,6.0,2020,10,5,0,0.0,0.0,0.0
20211222,2020-10-17,06:00,CUSCO,PE-3S,881.0,DESPISTE,0,0.0,6.0,2020,10,5,0,4.7,4.7,12.0
20211222,2020-10-17,15:00,PIURA,PE-1N,1002.0,CHOQUE,1,0.0,15.0,2020,10,5,1,0.0,0.0,0.0
20211222,2020-10-17,05:30,AMAZONAS,PE-5N,1285.0,DESPISTE,0,0.0,5.0,2020,10,5,0,0.3,0.3,3.0
20211222,2020-10-18,11:20,CAJAMARCA,PE-5N,5.0,DESPISTE,0,0.0,11.0,2020,10,6,0,0.5,0.5,4.0
20211222,2020-10-18,10:40,LORETO,LO-103,8.0,CHOQUE,0,4.0,10.0,2020,10,6,0,1.4,1.4,4.0
20211222,2020-10-18,20:00,LIMA,PE-1NE,16.0,DESPISTE,0,2.0,20.0,2020,10,6,0,0.0,0.0,0.0
20211222,2020-10-18,08:45,LIMA,PE-22,97.0,DESPISTE,1,1.0,8.0,2020,10,6,1,0.0,0.0,0.0
20211222,2020-10-18,18:00,ANCASH,PE-3N,116.0,DESPISTE,0,0.0,18.0,2020,10,6,0,2.6,2.6,12.0
20211222,2020-10-18,18:30,JUNIN,PE-3N,141.0,CHOQUE,0,0.0,18.0,2020,10,6,0,5.9,5.9,13.0
20211222,2020-10-18,06:00,LIMA,PE-1N,164.0,DESPISTE,0,0.0,6.0,2020,10,6,0,0.0,0.0,0.0
20211222,2020-10-18,06:15,CAJAMARCA,PE-04C,177.0,DESPISTE,0,0.0,6.0,2020,10,6,0,0.5,0.5,4.0
20211222,2020-10-18,17:10,ICA,PE-1S,186.0,ATROPELLO,0,2.0,17.0,2020,10,6,0,0.0,0.0,0.0
20211222,2020-10-18,08:15,ICA,PE-1S,203.0,DESPISTE,0,4.0,8.0,2020,10,6,0,0.0,0.0,0.0
20211222,2020-10-18,04:45,PUNO,PE-34A,226.0,CHOQUE,0,2.0,4.0,2020,10,6,0,2.7,2.6,8.0
20211222,2020-10-18,13:45,SAN MARTIN,PE-04A,379.0,CHOQUE,0,0.0,13.0,2020,10,6,0,1.4,1.4,5.0
20211222,2020-10-18,17:30,MADRE DE DIOS,PE-30C,403.0,CHOQUE,0,2.0,17.0,2020,10,6,0,1.8,1.8,5.0
20211222,2020-10-18,21:30,SAN MARTIN,PE-5N,648.0,DESPISTE,0,0.0,21.0,2020,10,6,0,1.4,1.4,5.0
20211222,2020-10-18,16:00,MOQUEGUA,PE-1S,1233.0,VOLCADURA,0,0.0,16.0,2020,10,6,0,0.0,0.0,0.0
20211222,2020-10-19,06:30,JUNIN,PE-3S,93.0,ATROPELLO,0,1.0,6.0,2020,10,0,0,0.3,0.3,3.0
20211222,2020-10-19,23:50,LIMA,PE-1S,99.0,CHOQUE,1,3.0,23.0,2020,10,0,1,0.0,0.0,0.0
20211222,2020-10-19,13:30,LAMBAYEQUE,PE-06A,133.0,CHOQUE,0,1.0,13.0,2020,10,0,0,0.0,0.0,0.0
20211222,2020-10-19,19:00,PIURA,PE-1NJ,191.0,CHOQUE,0,1.0,19.0,2020,10,0,0,0.0,0.0,0.0
20211222,2020-10-19,22:40,PIURA,PE-1NJ,199.0,CHOQUE,0,2.0,22.0,2020,10,0,0,0.0,0.0,0.0
20211222,2020-10-19,23:20,PUNO,PE-34A,217.0,CHOQUE,0,0.0,23.0,2020,10,0,0,5.2,5.0,12.0
20211222,2020-10-19,12:50,ICA,PE-1S,290.0,CHOQUE,0,1.0,12.0,2020,10,0,0,0.0,0.0,0.0
20211222,2020-10-19,05:30,APURIMAC,PE-30A,302.0,DESPISTE,0,1.0,5.0,2020,10,0,0,0.2,0.2,2.0
20211222,2020-10-19,06:20,MADRE DE DIOS,PE-30C,374.0,CHOQUE,1,0.0,6.0,2020,10,0,1,1.0,1.0,3.0
20211222,2020-10-19,17:45,LA LIBERTAD,PE-1N,475.0,DESPISTE,0,0.0,17.0,2020,10,0,0,0.0,0.0,0.0
20211222,2020-10-19,11:30,HUANUCO,PE-5N,541.0,DESPISTE,0,0.0,11.0,2020,10,0,0,0.1,0.1,1.0
20211222,2020-10-19,N.I.,LAMBAYEQUE,PE-1N,802.0,DESPISTE,0,0.0,,2020,10,0,0,0.0,0.0,0.0
20211222,2020-10-19,16:20,CUSCO,PE-3S,1018.0,CHOQUE,0,3.0,16.0,2020,10,0,0,1.9,1.9,9.0
20211222,2020-10-19,11:00,PUNO,PE-3S,1411.0,CHOQUE,0,1.0,11.0,2020,10,0,0,5.2,5.0,12.0
20211222,2020-10-20,13:30,PIURA,PE-1N,10.0,CHOQUE,0,0.0,13.0,2020,10,1,0,1.3,1.3,2.0
20211222,2020-10-20,19:50,LIMA,PE-1N,45.0,CHOQUE,0,2.0,19.0,2020,10,1,0,0.0,0.0,0.0
20211222,2020-10-20,18:00,CAJAMARCA,PE-08B,108.0,DESPISTE,0,4.0,18.0,2020,10,1,0,0.4,0.4,4.0
20211222,2020-10-20,17:00,APURIMAC,PE-30B,134.0,DESPISTE,0,0.0,17.0,2020,10,1,0,1.2,1.2,6.0
20211222,2020-10-20,20:00,CUSCO,PE-28B,157.0,DESPISTE,0,0.0,20.0,2020,10,1,0,4.1,4.1,10.0
20211222,2020-10-20,23:00,JUNIN,PE-22,161.0,DESPISTE,0,0.0,23.0,2020,10,1,0,9.9,9.9,9.0
20211222,2020-10-20,06:30,APURIMAC,PE-3S,853.0,CHOQUE,0,1.0,6.0,2020,10,1,0,1.2,1.2,6.0
20211222,2020-10-20,12:50,CUSCO,PE-3S,915.0,CHOQUE,0,4.0,12.0,2020,10,1,0,4.1,4.1,10.0
20211222,2020-10-20,14:30,AMAZONAS,PE-5N,1331.0,CHOQUE,0,0.0,14.0,2020,10,1,0,0.6,0.6,5.0
20211222,2020-10-20,01:30,PUNO,PE-3S,1487.0,CHOQUE,0,1.0,1.0,2020,10,1,0,3.5,3.4,6.0
20211222,2020-10-21,19:00,ICA,PE-28,20.0,CHOQUE,1,0.0,19.0,2020,10,2,1,0.0,0.0,0.0
20211222,2020-10-21,18:30,PIURA,PI-102,51.0,CHOQUE,0,2.0,18.0,2020,10,2,0,1.6,1.6,6.0
20211222,2020-10-21,05:20,JUNIN,PE-3S,83.0,CHOQUE,0,3.0,5.0,2020,10,2,0,15.2,15.2,18.0
20211222,2020-10-21,14:20,LIMA,PE-22,110.0,DESPISTE,0,0.0,14.0,2020,10,2,0,0.0,0.0,0.0
20211222,2020-10-21,12:45,ICA,PE-30A,117.0,CHOQUE,0,1.0,12.0,2020,10,2,0,0.0,0.0,0.0
20211222,2020-10-21,18:30,LIMA,PE-1N,141.0,DESPISTE,0,0.0,18.0,2020,10,2,0,0.0,0.0,0.0
20211222,2020-10-21,23:30,JUNIN,PE-22,154.0,DESPISTE,0,0.0,23.0,2020,10,2,0,15.2,15.2,18.0
20211222,2020-10-21,04:00,CUSCO,CU-113,170.0,DESPISTE,1,1.0,4.0,2020,10,2,1,1.7,1.7,5.0
20211222,2020-10-21,06:30,ICA,PE-1S,186.0,DESPISTE,0,0.0,6.0,2020,10,2,0,0.0,0.0,0.0
20211222,2020-10-21,18:00,PUNO,PE-34B,265.0,DESPISTE,0,0.0,18.0,2020,10,2,0,4.2,4.2,18.0
20211222,2020-10-21,04:30,LA LIBERTAD,PE-1N,513.0,CHOQUE,0,2.0,4.0,2020,10,2,0,0.5,0.5,3.0
20211222,2020-10-21,05:30,ANCASH,PE-3N,587.0,DESPISTE,0,2.0,5.0,2020,10,2,0,9.6,9.6,10.0
20211222,2020-10-21,17:40,LAMBAYEQUE,PE-1N,696.0,CHOQUE,0,2.0,17.0,2020,10,2,0,0.0,0.0,0.0
20211222,2020-10-21,N.I.,LAMBAYEQUE,PE-1N,852.0,DESPISTE,0,1.0,,2020,10,2,0,0.0,0.0,0.0
20211222,2020-10-21,18:10,PIURA,PE-1N,917.0,CHOQUE,1,1.0,18.0,2020,10,2,1,1.6,1.6,6.0
20211222,2020-10-21,17:20,PUNO,PE-3S,1152.0,DESPISTE,0,0.0,17.0,2020,10,2,0,4.2,4.2,18.0
20211222,2020-10-21,10:25,PUNO,PE-3S,1455.0,VOLCADURA,0,0.0,10.0,2020,10,2,0,4.2,4.2,18.0
20211222,2020-10-22,08:40,PIURA,PE-02A,7.0,CHOQUE,0,1.0,8.0,2020,10,3,0,0.2,0.2,1.0
20211222,2020-10-22,10:10,AREQUIPA,PE-34F,7.0,VOLCADURA,0,0.0,10.0,2020,10,3,0,0.0,0.0,0.0
20211222,2020-10-22,09:50,LIMA,PE-22,100.0,CHOQUE,0,0.0,9.0,2020,10,3,0,0.0,0.0,0.0
20211222,2020-10-22,17:50,LIMA,PE-1N,124.0,DESPISTE,0,2.0,17.0,2020,10,3,0,0.0,0.0,0.0
20211222,2020-10-22,12:30,LA LIBERTAD,PE-3N,156.0,DESPISTE,0,1.0,12.0,2020,10,3,0,0.0,0.0,0.0
20211222,2020-10-22,14:20,UCAYALI,PE-04A,190.0,ESPECIAL,5,3.0,14.0,2020,10,3,1,1.4,1.4,5.0
20211222,2020-10-22,12:30,ANCASH,PE-3N,193.0,DESPISTE,0,0.0,12.0,2020,10,3,0,25.1,25.1,12.0
20211222,2020-10-22,06:30,LA LIBERTAD,PE-1N,464.0,DESPISTE,0,0.0,6.0,2020,10,3,0,0.0,0.0,0.0
20211222,2020-10-22,01:00,LA LIBERTAD,PE-1N,648.0,CHOQUE,0,0.0,1.0,2020,10,3,0,0.0,0.0,0.0
20211222,2020-10-22,08:31,SAN MARTIN,PE-5N,653.0,ESPECIAL,0,0.0,8.0,2020,10,3,0,6.4,6.4,10.0
20211222,2020-10-22,11:15,AREQUIPA,PE-1S,698.0,ESPECIAL,0,0.0,11.0,2020,10,3,0,0.0,0.0,0.0
20211222,2020-10-22,21:20,AREQUIPA,PE-1S,724.0,CHOQUE,0,0.0,21.0,2020,10,3,0,0.0,0.0,0.0
20211222,2020-10-22,21:40,AREQUIPA,PE-1S,733.0,DESPISTE,0,0.0,21.0,2020,10,3,0,0.0,0.0,0.0
20211222,2020-10-22,13:15,APURIMAC,PE-3S,858.0,DESPISTE,1,0.0,13.0,2020,10,3,1,3.5,3.5,10.0
20211222,2020-10-22,22:35,PUNO,PE-3S,1369.0,CHOQUE,0,1.0,22.0,2020,10,3,0,2.0,2.0,11.0
20211222,2020-10-23,05:40,TACNA,PE-1SD,15.0,DESPISTE,0,0.0,5.0,2020,10,4,0,0.0,0.0,0.0
20211222,2020-10-23,12:25,PUNO,PE-34H,43.0,CHOQUE,0,3.0,12.0,2020,10,4,0,2.5,2.5,8.0
20211222,2020-10-23,23:45,AREQUIPA,PE-34A,63.0,VOLCADURA,1,0.0,23.0,2020,10,4,1,0.0,0.0,0.0
20211222,2020-10-23,14:00,CUSCO,PE-28B,102.0,CHOQUE,0,4.0,14.0,2020,10,4,0,8.0,8.0,12.0
20211222,2020-10-23,18:30,ANCASH,PE-3N,115.0,CHOQUE,0,3.0,18.0,2020,10,4,0,19.1,19.1,11.0
20211222,2020-10-23,16:20,ANCASH,PE-3N,117.0,CHOQUE,0,0.0,16.0,2020,10,4,0,19.1,19.1,11.0
20211222,2020-10-23,19:00,CAJAMARCA,PE-08,159.0,DESPISTE,0,0.0,19.0,2020,10,4,0,3.1,3.1,9.0
20211222,2020-10-23,16:30,JUNIN,PE-22,162.0,CHOQUE,0,3.0,16.0,2020,10,4,0,3.6,3.6,9.0
20211222,2020-10-23,01:10,CAJAMARCA,PE-08,167.0,DESPISTE,0,5.0,1.0,2020,10,4,0,3.1,3.1,9.0
20211222,2020-10-23,05:30,CUSCO,PE-28B,171.0,VOLCADURA,0,0.0,5.0,2020,10,4,0,8.0,8.0,12.0
20211222,2020-10-23,07:30,ICA,PE-1S,189.0,DESPISTE,0,0.0,7.0,2020,10,4,0,0.0,0.0,0.0
20211222,2020-10-23,15:30,AYACUCHO,PE-28A,238.0,DESPISTE,0,0.0,15.0,2020,10,4,0,1.8,1.8,6.0
20211222,2020-10-23,22:50,SAN MARTIN,PE-04A,458.0,DESPISTE,0,2.0,22.0,2020,10,4,0,4.2,4.2,5.0
20211222,2020-10-23,21:00,LA LIBERTAD,PE-1N,475.0,CHOQUE,1,0.0,21.0,2020,10,4,1,0.5,0.5,2.0
20211222,2020-10-23,13:50,LA LIBERTAD,PE-1N,569.0,CHOQUE,0,1.0,13.0,2020,10,4,0,0.5,0.5,2.0
20211222,2020-10-23,06:02,AREQUIPA,PE-1S,603.0,DESPISTE,0,1.0,6.0,2020,10,4,0,0.0,0.0,0.0
20211222,2020-10-23,17:30,LAMBAYEQUE,PE-1N,717.0,DESPISTE,0,0.0,17.0,2020,10,4,0,0.0,0.0,0.0
20211222,2020-10-24,06:55,JUNIN,PE-3S,5.0,DESPISTE,0,0.0,6.0,2020,10,5,0,3.9,3.9,6.0
20211222,2020-10-24,14:00,ANCASH,PE-3N,20.0,DESPISTE,0,0.0,14.0,2020,10,5,0,4.1,4.1,6.0
20211222,2020-10-24,10:10,PIURA,PI-102,53.0,CHOQUE,1,0.0,10.0,2020,10,5,1,0.0,0.0,0.0
20211222,2020-10-24,07:30,JUNIN,PE-3S,57.0,CHOQUE,0,0.0,7.0,2020,10,5,0,3.9,3.9,6.0
20211222,2020-10-24,12:10,LIMA,PE-1S,70.0,DESPISTE,0,0.0,12.0,2020,10,5,0,0.0,0.0,0.0
20211222,2020-10-24,07:30,LAMBAYEQUE,PE-1NJ,80.0,DESPISTE,0,0.0,7.0,2020,10,5,0,1.0,1.0,3.0
20211222,2020-10-24,20:30,LIMA,PE-1N,94.0,CHOQUE,0,2.0,20.0,2020,10,5,0,0.0,0.0,0.0
20211222,2020-10-24,N.I.,LIMA,PE-1S,128.0,CHOQUE,0,0.0,,2020,10,5,0,0.0,0.0,0.0
20211222,2020-10-24,09:50,PIURA,PE-34B,247.0,CHOQUE,0,0.0,9.0,2020,10,5,0,0.0,0.0,0.0
20211222,2020-10-24,10:15,ICA,PE-26,302.0,DESPISTE,0,0.0,10.0,2020,10,5,0,0.0,0.0,0.0
20211222,2020-10-24,05:50,MADRE DE DIOS,PE-30C,624.0,DESPISTE,0,0.0,5.0,2020,10,5,0,0.1,0.1,1.0
20211222,2020-10-24,11:15,APURIMAC,PE-3S,761.0,DESPISTE,0,7.0,11.0,2020,10,5,0,10.3,10.3,13.0
20211222,2020-10-24,05:45,TACNA,PE-1S,1156.0,DESPISTE,0,0.0,5.0,2020,10,5,0,0.0,0.0,0.0
20211222,2020-10-25,17:45,LORETO,LO-103,12.0,CHOQUE,0,0.0,17.0,2020,10,6,0,0.3,0.3,2.0
20211222,2020-10-25,05:30,LIMA,PE-20,13.0,DESPISTE,0,0.0,5.0,2020,10,6,0,0.0,0.0,0.0
20211222,2020-10-25,17:10,UCAYALI,PE-18C,19.0,CHOQUE,0,3.0,17.0,2020,10,6,0,1.6,1.6,3.0
20211222,2020-10-25,16:00,LIMA,PE-20A,39.0,N.I.,0,1.0,16.0,2020,10,6,0,0.0,0.0,0.0
20211222,2020-10-25,21:00,JUNIN,PE-22,152.0,VOLCADURA,0,0.0,21.0,2020,10,6,0,0.4,0.4,4.0
20211222,2020-10-25,08:00,TUMBES,PE-1N,184.0,DESPISTE,0,1.0,8.0,2020,10,6,0,0.0,0.0,0.0
20211222,2020-10-25,07:00,ICA,PE-1S,334.0,DESPISTE,0,1.0,7.0,2020,10,6,0,0.0,0.0,0.0
20211222,2020-10-25,17:30,ANCASH,PE-1N,398.0,DESPISTE,0,0.0,17.0,2020,10,6,0,4.6,4.6,7.0
20211222,2020-10-25,18:30,AREQUIPA,PE-1S,505.0,DESPISTE,0,0.0,18.0,2020,10,6,0,0.0,0.0,0.0
20211222,2020-10-25,15:30,AREQUIPA,PE-1S,632.0,ESPECIAL,0,0.0,15.0,2020,10,6,0,0.0,0.0,0.0
20211222,2020-10-26,07:30,JUNIN,PE-3N,7.0,DESPISTE,0,0.0,7.0,2020,10,0,0,0.9,0.9,5.0
20211222,2020-10-26,16:35,PUNO,PE-34H,56.0,DESPISTE,0,0.0,16.0,2020,10,0,0,0.0,0.0,0.0
20211222,2020-10-26,19:00,JUNIN,PE-3S,94.0,CHOQUE,0,0.0,19.0,2020,10,0,0,0.9,0.9,5.0
20211222,2020-10-26,19:50,LIMA,PE-1N,116.0,DESPISTE,0,1.0,19.0,2020,10,0,0,0.0,0.0,0.0
20211222,2020-10-26,16:25,LIMA,PE-1S,122.0,DESPISTE,0,1.0,16.0,2020,10,0,0,0.0,0.0,0.0
20211222,2020-10-26,08:30,CAJAMARCA,PE-06A,179.0,DESPISTE,0,0.0,8.0,2020,10,0,0,1.8,1.8,7.0
20211222,2020-10-26,07:40,ANCASH,PE-1N,267.0,DESPISTE,0,0.0,7.0,2020,10,0,0,2.5,2.5,6.0
20211222,2020-10-26,06:45,ANCASH,PE-1N,279.0,DESPISTE,0,2.0,6.0,2020,10,0,0,2.5,2.5,6.0
20211222,2020-10-26,16:20,HUANUCO,PE-5N,517.0,DESPISTE,0,1.0,16.0,2020,10,0,0,0.1,0.1,1.0
20211222,2020-10-26,04:00,CUSCO,PE-3S,1114.0,CHOQUE,1,1.0,4.0,2020,10,0,1,0.9,0.9,5.0
20211222,2020-10-26,08:50,PUNO,PE-1S,1478.0,DESPISTE,1,1.0,8.0,2020,10,0,1,0.0,0.0,0.0
20211222,2020-10-26,17:30,MOQUEGUA,PE-1SD,,ESPECIAL,0,0.0,17.0,2020,10,0,0,0.0,0.0,0.0
20211222,2020-10-27,04:30,JUNIN,PE-3N,10.0,CHOQUE,0,0.0,4.0,2020,10,1,0,2.2,2.2,10.0
20211222,2020-10-27,22:30,TACNA,PE-1SD,11.0,CHOQUE,0,2.0,22.0,2020,10,1,0,0.0,0.0,0.0
20211222,2020-10-27,18:55,JUNIN,PE-3SA,27.0,DESPISTE,0,0.0,18.0,2020,10,1,0,2.2,2.2,10.0
20211222,2020-10-27,18:30,AMAZONAS,PE-08B,39.0,CHOQUE,0,0.0,18.0,2020,10,1,0,3.8,3.8,11.0
20211222,2020-10-27,06:00,LIMA,PE-3N,47.0,CHOQUE,0,2.0,6.0,2020,10,1,0,0.0,0.0,0.0
20211222,2020-10-27,16:00,LIMA,PE-22,62.0,CHOQUE,0,2.0,16.0,2020,10,1,0,0.0,0.0,0.0
20211222,2020-10-27,22:00,LIMA,PE-1N,199.0,CHOQUE,0,3.0,22.0,2020,10,1,0,0.0,0.0,0.0
20211222,2020-10-27,05:40,ICA,PE-1S,287.0,CHOQUE,0,2.0,5.0,2020,10,1,0,0.0,0.0,0.0
20211222,2020-10-27,17:35,SAN MARTIN,PE-5N,391.0,CHOQUE,0,0.0,17.0,2020,10,1,0,3.1,3.1,10.0
20211222,2020-10-27,06:30,PUNO,PE-36A,395.0,CHOQUE,0,2.0,6.0,2020,10,1,0,0.1,0.1,1.0
20211222,2020-10-27,12:06,MADRE DE DIOS,PE-30C,410.0,DESPISTE,0,2.0,12.0,2020,10,1,0,22.3,22.3,15.0
20211222,2020-10-27,14:35,CUSCO,PE-28B,450.0,CHOQUE,0,0.0,14.0,2020,10,1,0,5.7,5.7,6.0
20211222,2020-10-27,22:10,SAN MARTIN,PE-04A,458.0,DESPISTE,0,2.0,22.0,2020,10,1,0,3.1,3.1,10.0
20211222,2020-10-27,21:45,LA LIBERTAD,PE-1N,583.0,DESPISTE,0,5.0,21.0,2020,10,1,0,0.0,0.0,0.0
20211222,2020-10-27,14:00,PIURA,PE-1N,969.0,CHOQUE,0,1.0,14.0,2020,10,1,0,0.0,0.0,0.0
20211222,2020-10-27,10:30,PUNO,PE-1S,1383.0,DESPISTE,0,2.0,10.0,2020,10,1,0,0.1,0.1,1.0
20211222,2020-10-27,13:00,ICA,PE-1S,,CHOQUE,0,1.0,13.0,2020,10,1,0,0.0,0.0,0.0
20211222,2020-10-28,16:05,JUNIN,PE-3N,6.0,DESPISTE,0,2.0,16.0,2020,10,2,0,0.0,0.0,0.0
20211222,2020-10-28,11:30,AMAZONAS,PE-5N,35.0,DESPISTE,0,1.0,11.0,2020,10,2,0,0.1,0.1,1.0
20211222,2020-10-28,19:30,PIURA,PE-1N,64.0,CHOQUE,0,0.0,19.0,2020,10,2,0,0.0,0.0,0.0
20211222,2020-10-28,19:00,JUNIN,PE-3N,175.0,CHOQUE,1,0.0,19.0,2020,10,2,1,0.0,0.0,0.0
20211222,2020-10-28,11:20,ANCASH,PE-1N,396.0,DESPISTE,0,0.0,11.0,2020,10,2,0,0.4,0.4,3.0
20211222,2020-10-28,04:30,APURIMAC,PE-30A,406.0,DESPISTE,0,0.0,4.0,2020,10,2,0,0.0,0.0,0.0
20211222,2020-10-28,05:00,ANCASH,PE-1N,412.0,CHOQUE,0,1.0,5.0,2020,10,2,0,0.4,0.4,3.0
20211222,2020-10-28,08:40,APURIMAC,PE-3S,770.0,DESPISTE,0,1.0,8.0,2020,10,2,0,0.0,0.0,0.0
20211222,2020-10-28,20:43,CUSCO,PE-28G,,DESPISTE,0,15.0,20.0,2020,10,2,0,0.0,0.0,0.0
20211222,2020-10-29,18:05,PIURA,PE-02,23.0,DESPISTE,1,4.0,18.0,2020,10,3,1,0.0,0.0,0.0
20211222,2020-10-29,11:20,LIMA,PE-3N,42.0,DESPISTE,0,1.0,11.0,2020,10,3,0,0.0,0.0,0.0
20211222,2020-10-29,17:40,LIMA,PE-20A,43.0,CHOQUE,0,2.0,17.0,2020,10,3,0,0.0,0.0,0.0
20211222,2020-10-29,10:30,AREQUIPA,PE-34E,78.0,DESPISTE,0,0.0,10.0,2020,10,3,0,0.0,0.0,0.0
20211222,2020-10-29,05:00,PUNO,PE-3S,124.0,DESPISTE,0,2.0,5.0,2020,10,3,0,0.0,0.0,0.0
20211222,2020-10-29,17:25,LIMA,PE-1S,130.0,DESPISTE,0,2.0,17.0,2020,10,3,0,0.0,0.0,0.0
20211222,2020-10-29,12:30,LIMA,PE-1N,133.0,DESPISTE,0,1.0,12.0,2020,10,3,0,0.0,0.0,0.0
20211222,2020-10-29,02:00,UCAYALI,PE-5N,349.0,DESPISTE,0,1.0,2.0,2020,10,3,0,6.0,6.0,16.0
20211222,2020-10-29,18:30,LAMBAYEQUE,PE-1N,771.0,CHOQUE,0,1.0,18.0,2020,10,3,0,0.0,0.0,0.0
20211222,2020-10-29,22:20,PIURA,PE-1N,1005.0,DESPISTE,0,3.0,22.0,2020,10,3,0,0.0,0.0,0.0
20211222,2020-10-29,09:45,TACNA,PE-1S,1264.0,CHOQUE,0,0.0,9.0,2020,10,3,0,0.1,0.1,1.0
20211222,2020-10-30,03:00,LIMA,PE-20B,0.0,DESPISTE,0,0.0,3.0,2020,10,4,0,0.0,0.0,0.0
20211222,2020-10-30,18:30,JUNIN,PE-22,25.0,CHOQUE,1,0.0,18.0,2020,10,4,1,6.3,6.3,6.0
20211222,2020-10-30,07:00,LIMA,PE-1N,51.0,DESPISTE,0,0.0,7.0,2020,10,4,0,0.0,0.0,0.0
20211222,2020-10-30,17:40,LIMA,PE-1S,112.0,DESPISTE,0,1.0,17.0,2020,10,4,0,0.0,0.0,0.0
20211222,2020-10-30,09:30,CAJAMARCA,PE-08,150.0,DESPISTE,0,1.0,9.0,2020,10,4,0,0.0,0.0,0.0
20211222,2020-10-30,11:06,JUNIN,PE-22,152.0,DESPISTE,0,0.0,11.0,2020,10,4,0,6.3,6.3,6.0
20211222,2020-10-30,15:00,UCAYALI,PE-18C,171.0,CHOQUE,0,1.0,15.0,2020,10,4,0,14.5,14.5,24.0
20211222,2020-10-30,16:00,LIMA,PE-1N,186.0,CHOQUE,0,2.0,16.0,2020,10,4,0,0.0,0.0,0.0
20211222,2020-10-30,15:45,MADRE DE DIOS,PE-30C,255.0,DESPISTE,1,0.0,15.0,2020,10,4,1,68.7,68.7,17.0
20211222,2020-10-30,12:45,ANCASH,PE-1N,371.0,DESPISTE,0,1.0,12.0,2020,10,4,0,0.6,0.6,6.0
20211222,2020-10-30,N.I.,LAMBAYEQUE,PE-1N,805.0,CHOQUE,0,2.0,,2020,10,4,0,0.0,0.0,0.0
20211222,2020-10-30,16:20,TACNA,PE-1S,1290.0,DESPISTE,0,4.0,16.0,2020,10,4,0,0.0,0.0,0.0
20211222,2020-10-31,02:00,CAJAMARCA,PE-06B,16.0,DESPISTE,0,5.0,2.0,2020,10,5,0,0.0,0.0,0.0
20211222,2020-10-31,12:27,JUNIN,PE-3S,82.0,CHOQUE,0,0.0,12.0,2020,10,5,0,14.8,14.8,17.0
20211222,2020-10-31,13:20,HUANUCO,PE-18A,91.0,ATROPELLO,0,1.0,13.0,2020,10,5,0,5.9,5.9,8.0
20211222,2020-10-31,15:30,PASCO,PE-3N,121.0,CHOQUE,0,0.0,15.0,2020,10,5,0,9.7,5.3,17.0
20211222,2020-10-31,18:30,CAJAMARCA,PE-06A,183.0,DESPISTE,0,4.0,18.0,2020,10,5,0,0.0,0.0,0.0
20211222,2020-10-31,21:20,ICA,PE-1S,357.0,CHOQUE,5,6.0,21.0,2020,10,5,1,0.0,0.0,0.0
20211222,2020-10-31,01:15,ICA,PE-1S,432.0,CHOQUE,0,1.0,1.0,2020,10,5,0,0.0,0.0,0.0
20211222,2020-10-31,07:40,LA LIBERTAD,PE-3N,,CHOQUE,0,2.0,7.0,2020,10,5,0,0.0,0.0,0.0
20211222,2020-11-01,19:00,UCAYALI,PE-18C,17.0,CHOQUE,0,0.0,19.0,2020,11,6,0,0.0,0.0,0.0
20211222,2020-11-01,21:35,LIMA,PE-1S,22.0,DESPISTE,0,0.0,21.0,2020,11,6,0,0.0,0.0,0.0
20211222,2020-11-01,11:55,PASCO,PE-3N,27.0,CHOQUE,1,1.0,11.0,2020,11,6,1,1.1,1.1,6.0
20211222,2020-11-01,15:00,UCAYALI,PE-18C,30.0,DESPISTE,0,0.0,15.0,2020,11,6,0,0.0,0.0,0.0
20211222,2020-11-01,20:40,AMAZONAS,PE-5N,42.0,DESPISTE,0,3.0,20.0,2020,11,6,0,0.0,0.0,0.0
20211222,2020-11-01,13:30,ANCASH,AN-111,51.0,DESPISTE,0,0.0,13.0,2020,11,6,0,0.0,0.0,0.0
20211222,2020-11-01,22:00,LAMBAYEQUE,PE-1NJ,88.0,CHOQUE,0,0.0,22.0,2020,11,6,0,0.0,0.0,0.0
20211222,2020-11-01,20:46,LIMA,PE-1N,200.0,DESPISTE,0,0.0,20.0,2020,11,6,0,0.0,0.0,0.0
20211222,2020-11-01,13:40,LA LIBERTAD,PE-1N,616.0,DESPISTE,0,0.0,13.0,2020,11,6,0,0.0,0.0,0.0
20211222,2020-11-01,16:00,AREQUIPA,PE-34A,732.0,DESPISTE,0,0.0,16.0,2020,11,6,0,0.0,0.0,0.0
20211222,2020-11-01,10:15,MOQUEGUA,PE-1S,1134.0,DESPISTE,0,5.0,10.0,2020,11,6,0,0.0,0.0,0.0
20211222,2020-11-01,09:45,PUNO,PE-3S,1248.0,DESPISTE,1,2.0,9.0,2020,11,6,1,3.4,3.4,3.0
20211222,2020-11-02,11:00,PUNO,PE-36B,40.0,CHOQUE,0,1.0,11.0,2020,11,0,0,0.0,0.0,0.0
20211222,2020-11-02,06:40,LIMA,PE-22,63.0,CHOQUE,0,0.0,6.0,2020,11,0,0,0.0,0.0,0.0
20211222,2020-11-02,20:30,LIMA,PE-1S,83.0,CHOQUE,0,0.0,20.0,2020,11,0,0,0.0,0.0,0.0
20211222,2020-11-02,07:50,JUNIN,PE-22,110.0,CHOQUE,0,1.0,7.0,2020,11,0,0,7.9,7.9,7.0
20211222,2020-11-02,07:00,AREQUIPA,PE-34A,154.0,VOLCADURA,0,0.0,7.0,2020,11,0,0,0.0,0.0,0.0
20211222,2020-11-02,07:45,MOQUEGUA,PE-36A,186.0,DESPISTE,0,0.0,7.0,2020,11,0,0,0.0,0.0,0.0
20211222,2020-11-02,13:20,PUNO,PE-34A,238.0,DESPISTE,0,1.0,13.0,2020,11,0,0,0.0,0.0,0.0
20211222,2020-11-02,21:45,MADRE DE DIOS,PE-30C,325.0,CHOQUE,0,2.0,21.0,2020,11,0,0,0.0,0.0,0.0
20211222,2020-11-02,19:20,PIURA,PE-1NL,900.0,CHOQUE,0,2.0,19.0,2020,11,0,0,0.0,0.0,0.0
20211222,2020-11-02,06:10,CUSCO,PE-30A,912.0,CHOQUE,0,0.0,6.0,2020,11,0,0,9.3,9.3,8.0
20211222,2020-11-02,22:00,PUNO,PE-3S,1352.0,DESPISTE,0,0.0,22.0,2020,11,0,0,0.0,0.0,0.0
20211222,2020-11-02,08:10,PUNO,PE-3S,1468.0,CHOQUE,0,2.0,8.0,2020,11,0,0,0.0,0.0,0.0
20211222,2020-11-03,10:30,JUNIN,PE-3SD,12.0,CHOQUE,0,3.0,10.0,2020,11,1,0,4.0,4.0,8.0
20211222,2020-11-03,04:30,JUNIN,PE-3S,43.0,DESPISTE,0,3.0,4.0,2020,11,1,0,4.0,4.0,8.0
20211222,2020-11-03,20:40,LIMA,PE-1S,61.0,DESPISTE,0,3.0,20.0,2020,11,1,0,0.0,0.0,0.0
20211222,2020-11-03,17:55,LIMA,PE-1S,93.0,CHOQUE,0,0.0,17.0,2020,11,1,0,0.0,0.0,0.0
20211222,2020-11-03,06:00,TACNA,PE-1SD,101.0,DESPISTE,0,0.0,6.0,2020,11,1,0,0.3,0.3,3.0
20211222,2020-11-03,10:23,LIMA,PE-1N,103.0,DESPISTE,1,0.0,10.0,2020,11,1,1,0.0,0.0,0.0
20211222,2020-11-03,06:25,LIMA,PE-1S,106.0,DESPISTE,0,0.0,6.0,2020,11,1,0,0.0,0.0,0.0
20211222,2020-11-03,14:00,ANCASH,PE-3N,126.0,N.I.,0,0.0,14.0,2020,11,1,0,0.2,0.2,2.0
20211222,2020-11-03,04:50,LIMA,PE-1N,129.0,DESPISTE,0,0.0,4.0,2020,11,1,0,0.0,0.0,0.0
20211222,2020-11-03,23:40,LIMA,PE-1S,150.0,DESPISTE,0,0.0,23.0,2020,11,1,0,0.0,0.0,0.0
20211222,2020-11-03,13:00,ICA,PE-1S,206.0,DESPISTE,0,0.0,13.0,2020,11,1,0,0.0,0.0,0.0
20211222,2020-11-03,21:15,ANCASH,PE-1N,242.0,DESPISTE,0,1.0,21.0,2020,11,1,0,0.2,0.2,2.0
20211222,2020-11-03,05:30,LAMBAYEQUE,PE-1N,757.0,DESPISTE,0,0.0,5.0,2020,11,1,0,0.0,0.0,0.0
20211222,2020-11-03,23:40,AREQUIPA,PE-1S,942.0,CHOQUE,1,0.0,23.0,2020,11,1,1,0.0,0.0,0.0
20211222,2020-11-04,20:00,LAMBAYEQUE,LA-119,4.0,DESPISTE,0,1.0,20.0,2020,11,2,0,0.0,0.0,0.0
20211222,2020-11-04,18:15,CUSCO,PE-3S,20.0,DESPISTE,0,0.0,18.0,2020,11,2,0,5.0,5.0,7.0
20211222,2020-11-04,05:35,LIMA,PE-1S,57.0,ATROPELLO,0,1.0,5.0,2020,11,2,0,0.0,0.0,0.0
20211222,2020-11-04,09:15,LIMA,PE-1N,66.0,CHOQUE,0,0.0,9.0,2020,11,2,0,0.0,0.0,0.0
20211222,2020-11-04,11:10,LIMA,PE-22,108.0,CHOQUE,0,3.0,11.0,2020,11,2,0,0.0,0.0,0.0
20211222,2020-11-04,14:50,LIMA,PE-1N,200.0,DESPISTE,0,1.0,14.0,2020,11,2,0,0.0,0.0,0.0
20211222,2020-11-04,14:40,ANCASH,PE-1N,335.0,DESPISTE,1,4.0,14.0,2020,11,2,1,4.9,4.9,8.0
20211222,2020-11-04,15:15,ICA,PE-1S,405.0,CHOQUE,0,0.0,15.0,2020,11,2,0,0.0,0.0,0.0
20211222,2020-11-04,15:30,ANCASH,PE-1N,445.0,DESPISTE,0,1.0,15.0,2020,11,2,0,4.9,4.9,8.0
20211222,2020-11-04,15:00,AREQUIPA,PE-1S,503.0,DESPISTE,0,0.0,15.0,2020,11,2,0,0.0,0.0,0.0
20211222,2020-11-04,10:15,LA LIBERTAD,PE-1N,602.0,CHOQUE,0,0.0,10.0,2020,11,2,0,0.0,0.0,0.0
20211222,2020-11-04,15:40,AREQUIPA,PE-1S,609.0,DESPISTE,0,0.0,15.0,2020,11,2,0,0.0,0.0,0.0
20211222,2020-11-04,15:20,AREQUIPA,PE-1S,613.0,DESPISTE,0,0.0,15.0,2020,11,2,0,0.0,0.0,0.0
20211222,2020-11-04,13:30,LA LIBERTAD,PE-1N,747.0,ATROPELLO,0,0.0,13.0,2020,11,2,0,0.0,0.0,0.0
20211222,2020-11-04,06:20,PIURA,PE-1N,893.0,DESPISTE,0,0.0,6.0,2020,11,2,0,0.0,0.0,0.0
20211222,2020-11-04,23:15,PIURA,PE-1NL,1037.0,CHOQUE,0,0.0,23.0,2020,11,2,0,0.0,0.0,0.0
20211222,2020-11-04,20:00,CUSCO,PE-3S,1052.0,CHOQUE,0,0.0,20.0,2020,11,2,0,5.0,5.0,7.0
20211222,2020-11-05,13:20,LIMA,PE-20,13.0,CHOQUE,0,1.0,13.0,2020,11,3,0,0.0,0.0,0.0
20211222,2020-11-05,17:30,LIMA,PE-22,44.0,CHOQUE,0,1.0,17.0,2020,11,3,0,0.0,0.0,0.0
20211222,2020-11-05,10:50,LIMA,PE-22,47.0,DESPISTE,0,0.0,10.0,2020,11,3,0,0.0,0.0,0.0
20211222,2020-11-05,14:50,JUNIN,PE-22,48.0,ATROPELLO,0,0.0,14.0,2020,11,3,0,0.0,0.0,0.0
20211222,2020-11-05,07:00,LIMA,PE-1N,61.0,CHOQUE,0,0.0,7.0,2020,11,3,0,0.0,0.0,0.0
20211222,2020-11-05,22:00,ANCASH,AN-111,73.0,DESPISTE,0,0.0,22.0,2020,11,3,0,0.6,0.6,2.0
20211222,2020-11-05,01:50,PASCO,PE-3S,115.0,DESPISTE,0,0.0,1.0,2020,11,3,0,1.5,1.4,5.0
20211222,2020-11-05,02:50,LIMA,PE-22,120.0,DESPISTE,0,0.0,2.0,2020,11,3,0,0.0,0.0,0.0
20211222,2020-11-05,15:00,JUNIN,PE-22,162.0,DESPISTE,0,0.0,15.0,2020,11,3,0,0.0,0.0,0.0
20211222,2020-11-05,15:20,AYACUCHO,PE-3S,169.0,ATROPELLO,0,0.0,15.0,2020,11,3,0,0.0,0.0,0.0
20211222,2020-11-05,07:00,ICA,PE-1S,188.0,DESPISTE,0,1.0,7.0,2020,11,3,0,0.0,0.0,0.0
20211222,2020-11-05,11:30,PIURA,PE-1NJ,206.0,ATROPELLO,0,1.0,11.0,2020,11,3,0,0.0,0.0,0.0
20211222,2020-11-05,08:00,LIMA,PE-1N,269.0,DESPISTE,0,0.0,8.0,2020,11,3,0,0.0,0.0,0.0
20211222,2020-11-05,16:20,MADRE DE DIOS,PE-30C,339.0,DESPISTE,0,0.0,16.0,2020,11,3,0,0.0,0.0,0.0
20211222,2020-11-05,06:20,LIMA,PE-1N,892.0,VOLCADURA,0,0.0,6.0,2020,11,3,0,0.0,0.0,0.0
20211222,2020-11-05,12:30,CUSCO,PE-3S,1009.0,CHOQUE,0,0.0,12.0,2020,11,3,0,0.2,0.2,2.0
20211222,2020-11-05,17:50,CUSCO,PE-3S,1029.0,DESPISTE,1,1.0,17.0,2020,11,3,1,0.2,0.2,2.0
20211222,2020-11-05,13:30,PUNO,PE-3S,1284.0,DESPISTE,0,0.0,13.0,2020,11,3,0,0.0,0.0,0.0
20211222,2020-11-06,20:35,ICA,PE-28A,4.0,CHOQUE,0,0.0,20.0,2020,11,4,0,0.0,0.0,0.0
20211222,2020-11-06,18:50,LIMA,PE-1S,28.0,DESPISTE,0,1.0,18.0,2020,11,4,0,0.0,0.0,0.0
20211222,2020-11-06,18:40,UCAYALI,PE-04A,38.0,CHOQUE,0,2.0,18.0,2020,11,4,0,2.9,2.9,6.0
20211222,2020-11-06,23:50,LIMA,PE-1N,49.0,DESPISTE,0,1.0,23.0,2020,11,4,0,0.0,0.0,0.0
20211222,2020-11-06,19:05,LIMA,PE-1S,103.0,CHOQUE,0,2.0,19.0,2020,11,4,0,0.0,0.0,0.0
20211222,2020-11-06,21:30,PUNO,PE-30A,198.0,DESPISTE,0,0.0,21.0,2020,11,4,0,0.0,0.0,0.0
20211222,2020-11-06,17:10,SAN MARTIN,PE-04A,485.0,DESPISTE,0,1.0,17.0,2020,11,4,0,3.1,3.1,7.0
20211222,2020-11-06,21:05,ANCASH,PE-3N,552.0,CHOQUE,0,3.0,21.0,2020,11,4,0,0.1,0.1,1.0
20211222,2020-11-06,21:15,PIURA,PE-1N,1010.0,CHOQUE,0,0.0,21.0,2020,11,4,0,0.0,0.0,0.0
20211222,2020-11-06,07:40,PUNO,PE-3S,1463.0,ATROPELLO,1,0.0,7.0,2020,11,4,1,0.0,0.0,0.0
20211222,2020-11-07,23:30,LAMBAYEQUE,PE-04A,2.0,CHOQUE,0,0.0,23.0,2020,11,5,0,0.0,0.0,0.0
20211222,2020-11-07,07:30,PUNO,CU-111,15.0,DESPISTE,1,4.0,7.0,2020,11,5,1,0.0,0.0,0.0
20211222,2020-11-07,13:20,AREQUIPA,PE-1SD,41.0,VOLCADURA,0,0.0,13.0,2020,11,5,0,0.1,0.1,1.0
20211222,2020-11-07,23:00,MADRE DE DIOS,PE-30C,44.0,CHOQUE,0,1.0,23.0,2020,11,5,0,0.5,0.5,2.0
20211222,2020-11-07,07:45,LIMA,PE-22,46.0,DESPISTE,0,1.0,7.0,2020,11,5,0,0.0,0.0,0.0
20211222,2020-11-07,22:13,LIMA,PE-1S,48.0,CHOQUE,0,1.0,22.0,2020,11,5,0,0.0,0.0,0.0
20211222,2020-11-07,11:10,JUNIN,PE-3N,72.0,VOLCADURA,0,0.0,11.0,2020,11,5,0,0.0,0.0,0.0
20211222,2020-11-07,N.I.,LIMA,PE-1N,75.0,CHOQUE,0,1.0,,2020,11,5,0,0.0,0.0,0.0
20211222,2020-11-07,11:30,HUANUCO,PE-18A,103.0,DESPISTE,0,0.0,11.0,2020,11,5,0,0.2,0.2,2.0
20211222,2020-11-07,21:40,LIMA,PE-1S,117.0,CHOQUE,0,1.0,21.0,2020,11,5,0,0.0,0.0,0.0
20211222,2020-11-07,13:05,LIMA,PE-22,120.0,CHOQUE,0,0.0,13.0,2020,11,5,0,0.0,0.0,0.0
20211222,2020-11-07,17:45,CAJAMARCA,PE-08,129.0,VOLCADURA,0,0.0,17.0,2020,11,5,0,0.6,0.6,1.0
20211222,2020-11-07,01:55,JUNIN,PE-22,154.0,DESPISTE,1,3.0,1.0,2020,11,5,1,0.0,0.0,0.0
20211222,2020-11-07,14:00,CUSCO,PE-28B,174.0,CHOQUE,0,2.0,14.0,2020,11,5,0,0.0,0.0,0.0
20211222,2020-11-07,17:00,MADRE DE DIOS,PE-30C,290.0,CHOQUE,0,1.0,17.0,2020,11,5,0,0.5,0.5,2.0
20211222,2020-11-07,03:00,LA LIBERTAD,PE-1N,529.0,CHOQUE,0,0.0,3.0,2020,11,5,0,0.0,0.0,0.0
20211222,2020-11-07,23:00,CAJAMARCA,PE-3N,,DESPISTE,0,4.0,23.0,2020,11,5,0,0.6,0.6,1.0
20211222,2020-11-08,18:10,SAN MARTIN,PE-5N,9.0,CHOQUE,0,0.0,18.0,2020,11,6,0,0.0,0.0,0.0
20211222,2020-11-08,19:30,CUSCO,PE-28B,50.0,CHOQUE,0,2.0,19.0,2020,11,6,0,0.1,0.1,1.0
20211222,2020-11-08,16:00,LAMBAYEQUE,PE-06A,67.0,DESPISTE,0,1.0,16.0,2020,11,6,0,0.0,0.0,0.0
20211222,2020-11-08,05:10,LAMBAYEQUE,PE-06A,67.0,DESPISTE,0,1.0,5.0,2020,11,6,0,0.0,0.0,0.0
20211222,2020-11-08,13:00,LAMBAYEQUE,PE-1NJ,76.0,DESPISTE,0,1.0,13.0,2020,11,6,0,0.0,0.0,0.0
20211222,2020-11-08,14:55,CAJAMARCA,PE-3N,79.0,CHOQUE,0,0.0,14.0,2020,11,6,0,0.0,0.0,0.0
20211222,2020-11-08,08:45,CAJAMARCA,PE-06A,85.0,DESPISTE,0,3.0,8.0,2020,11,6,0,0.0,0.0,0.0
20211222,2020-11-08,20:30,LIMA,PE-22,89.0,CHOQUE,0,3.0,20.0,2020,11,6,0,0.0,0.0,0.0
20211222,2020-11-08,14:00,LORETO,PE-5N,108.0,DESPISTE,0,0.0,14.0,2020,11,6,0,3.8,3.8,6.0
20211222,2020-11-08,21:30,LIMA,PE-1S,133.0,CHOQUE,1,0.0,21.0,2020,11,6,1,0.0,0.0,0.0
20211222,2020-11-08,22:45,LIMA,PE-1N,263.0,DESPISTE,0,0.0,22.0,2020,11,6,0,0.0,0.0,0.0
20211222,2020-11-08,12:45,UCAYALI,PE-5N,375.0,CHOQUE,2,1.0,12.0,2020,11,6,1,0.3,0.3,2.0
20211222,2020-11-08,14:50,SAN MARTIN,PE-04A,590.0,DESPISTE,0,1.0,14.0,2020,11,6,0,0.0,0.0,0.0
20211222,2020-11-08,02:10,APURIMAC,PE-3S,651.0,CHOQUE,0,0.0,2.0,2020,11,6,0,6.8,6.8,10.0
20211222,2020-11-08,23:40,PUNO,PE-3S,1475.0,ATROPELLO,0,1.0,23.0,2020,11,6,0,0.0,0.0,0.0
20211222,2020-11-08,16:30,APURIMAC,PE-3S,,CHOQUE,0,1.0,16.0,2020,11,6,0,6.8,6.8,10.0
20211222,2020-11-09,23:10,PIURA,PE-1N,1.0,DESPISTE,0,2.0,23.0,2020,11,0,0,0.0,0.0,0.0
20211222,2020-11-09,20:30,HUANUCO,PE-18A,11.0,CHOQUE,0,0.0,20.0,2020,11,0,0,0.0,0.0,0.0
20211222,2020-11-09,14:30,CAJAMARCA,PE-06B,14.0,ATROPELLO,0,1.0,14.0,2020,11,0,0,0.0,0.0,0.0
20211222,2020-11-09,21:00,PUNO,PE-34B,47.0,CHOQUE,0,0.0,21.0,2020,11,0,0,0.4,0.4,3.0
20211222,2020-11-09,17:00,LIMA,PE-22,50.0,DESPISTE,0,3.0,17.0,2020,11,0,0,0.0,0.0,0.0
20211222,2020-11-09,23:00,CAJAMARCA,PE-08,52.0,DESPISTE,0,2.0,23.0,2020,11,0,0,0.0,0.0,0.0
20211222,2020-11-09,17:30,JUNIN,PE-3N,58.0,DESPISTE,0,0.0,17.0,2020,11,0,0,0.0,0.0,0.0
20211222,2020-11-09,21:30,LAMBAYEQUE,PE-1N,90.0,DESPISTE,0,1.0,21.0,2020,11,0,0,0.0,0.0,0.0
20211222,2020-11-09,00:30,LIMA,PE-22,109.0,DESPISTE,0,0.0,0.0,2020,11,0,0,0.0,0.0,0.0
20211222,2020-11-09,06:25,LIMA,PE-1S,113.0,DESPISTE,0,1.0,6.0,2020,11,0,0,0.0,0.0,0.0
20211222,2020-11-09,10:30,ANCASH,PE-3N,152.0,DESPISTE,0,2.0,10.0,2020,11,0,0,0.6,0.6,2.0
20211222,2020-11-09,05:00,MADRE DE DIOS,PE-30C,286.0,VOLCADURA,0,0.0,5.0,2020,11,0,0,8.8,8.8,19.0
20211222,2020-11-09,16:30,ANCASH,PE-1N,445.0,DESPISTE,1,0.0,16.0,2020,11,0,1,0.6,0.6,2.0
20211222,2020-11-09,09:45,HUANUCO,PE-5N,644.0,DESPISTE,0,1.0,9.0,2020,11,0,0,0.0,0.0,0.0
20211222,2020-11-09,00:00,PUNO,PE-3S,1212.0,CHOQUE,0,2.0,0.0,2020,11,0,0,0.4,0.4,3.0
20211222,2020-11-09,21:58,LIMA,PE-1S,1497.0,DESPISTE,0,0.0,21.0,2020,11,0,0,0.0,0.0,0.0
20211222,2020-11-10,18:40,PIURA,PE-1N,23.0,DESPISTE,0,1.0,18.0,2020,11,1,0,0.0,0.0,0.0
20211222,2020-11-10,07:30,PIURA,PE-1N,24.0,CHOQUE,1,0.0,7.0,2020,11,1,1,0.0,0.0,0.0
20211222,2020-11-10,09:45,MOQUEGUA,PE-36A,95.0,DESPISTE,0,0.0,9.0,2020,11,1,0,0.0,0.0,0.0
20211222,2020-11-10,15:30,JUNIN,PE-3S,105.0,CHOQUE,0,0.0,15.0,2020,11,1,0,3.9,3.9,5.0
20211222,2020-11-10,05:00,LAMBAYEQUE,PE-1NJ,122.0,CHOQUE,0,1.0,5.0,2020,11,1,0,0.0,0.0,0.0
20211222,2020-11-10,09:30,MADRE DE DIOS,PE-30C,283.0,DESPISTE,0,1.0,9.0,2020,11,1,0,23.1,23.1,16.0
20211222,2020-11-10,11:10,AYACUCHO,PE-3S,340.0,CHOQUE,0,1.0,11.0,2020,11,1,0,1.6,1.6,4.0
20211222,2020-11-10,09:30,ICA,PE-1S,386.0,CHOQUE,0,0.0,9.0,2020,11,1,0,0.0,0.0,0.0
20211222,2020-11-10,08:15,AREQUIPA,PE-1S,633.0,DESPISTE,0,0.0,8.0,2020,11,1,0,0.0,0.0,0.0
20211222,2020-11-10,17:50,LA LIBERTAD,PE-1N,703.0,CHOQUE,0,1.0,17.0,2020,11,1,0,0.0,0.0,0.0
20211222,2020-11-10,06:30,CUSCO,PE-3S,1037.0,CHOQUE,1,1.0,6.0,2020,11,1,1,7.0,7.0,9.0
20211222,2020-11-10,09:30,HUANUCO,PE-18A,,CHOQUE,0,1.0,9.0,2020,11,1,0,0.3,0.3,1.0
20211222,2020-11-11,17:30,CAJAMARCA,PE-06B,6.0,DESPISTE,0,1.0,17.0,2020,11,2,0,0.1,0.1,1.0
20211222,2020-11-11,05:40,AREQUIPA,PE-1SE,13.0,DESPISTE,0,0.0,5.0,2020,11,2,0,0.0,0.0,0.0
20211222,2020-11-11,06:52,SAN MARTIN,PE-5NB,25.0,DESPISTE,0,1.0,6.0,2020,11,2,0,3.9,3.9,15.0
20211222,2020-11-11,13:40,LIMA,PE-22,57.0,DESPISTE,0,0.0,13.0,2020,11,2,0,0.0,0.0,0.0
20211222,2020-11-11,03:45,ANCASH,PE-3N,95.0,CHOQUE,0,3.0,3.0,2020,11,2,0,3.6,3.6,5.0
20211222,2020-11-11,21:20,MADRE DE DIOS,PE-30C,324.0,CHOQUE,0,0.0,21.0,2020,11,2,0,13.7,13.7,14.0
20211222,2020-11-11,17:00,AMAZONAS,PE-08B,337.0,CHOQUE,0,2.0,17.0,2020,11,2,0,0.9,0.9,7.0
20211222,2020-11-11,12:10,SAN MARTIN,PE-5N,501.0,CHOQUE,0,1.0,12.0,2020,11,2,0,3.9,3.9,15.0
20211222,2020-11-11,08:40,PIURA,PE-1N,986.0,CHOQUE,0,0.0,8.0,2020,11,2,0,0.0,0.0,0.0
20211222,2020-11-11,22:30,PIURA,PE-1N,1153.0,DESPISTE,0,1.0,22.0,2020,11,2,0,0.0,0.0,0.0
20211222,2020-11-11,04:30,PUNO,PE-3S,1305.0,ATROPELLO,1,0.0,4.0,2020,11,2,1,0.5,0.5,3.0
20211222,2020-11-12,19:00,CUSCO,PE-30,4.0,DESPISTE,0,2.0,19.0,2020,11,3,0,5.6,5.6,10.0
20211222,2020-11-12,21:20,PUNO,PE-34H,18.0,CHOQUE,0,1.0,21.0,2020,11,3,0,0.3,0.3,2.0
20211222,2020-11-12,13:40,SAN MARTIN,PE-5NB,18.0,CHOQUE,0,0.0,13.0,2020,11,3,0,4.9,4.9,11.0
20211222,2020-11-12,22:50,LIMA,PE-1S,24.0,DESPISTE,0,1.0,22.0,2020,11,3,0,0.0,0.0,0.0
20211222,2020-11-12,09:00,JUNIN,PE-3N,63.0,CHOQUE,0,0.0,9.0,2020,11,3,0,1.3,1.3,6.0
20211222,2020-11-12,17:50,AREQUIPA,PE-34A,66.0,CHOQUE,0,0.0,17.0,2020,11,3,0,0.0,0.0,0.0
20211222,2020-11-12,16:00,HUANUCO,PE-18A,81.0,CHOQUE,0,2.0,16.0,2020,11,3,0,0.1,0.1,1.0
20211222,2020-11-12,20:30,LIMA,PE-1S,94.0,DESPISTE,0,2.0,20.0,2020,11,3,0,0.0,0.0,0.0
20211222,2020-11-12,18:20,AREQUIPA,PE-34A,181.0,DESPISTE,0,2.0,18.0,2020,11,3,0,0.0,0.0,0.0
20211222,2020-11-12,16:20,MADRE DE DIOS,PE-30C,264.0,CHOQUE,0,0.0,16.0,2020,11,3,0,11.3,11.3,13.0
20211222,2020-11-12,09:30,HUANUCO,PE-3N,274.0,ESPECIAL,0,1.0,9.0,2020,11,3,0,0.1,0.1,1.0
20211222,2020-11-12,07:45,MADRE DE DIOS,PE-30C,326.0,ATROPELLO,1,0.0,7.0,2020,11,3,1,11.3,11.3,13.0
20211222,2020-11-12,12:00,SAN MARTIN,PE-04A,471.0,CHOQUE,0,1.0,12.0,2020,11,3,0,4.9,4.9,11.0
20211222,2020-11-12,19:15,HUANUCO,PE-5N,522.0,ATROPELLO,1,1.0,19.0,2020,11,3,1,0.1,0.1,1.0
20211222,2020-11-12,13:40,CUSCO,PE-3S,1133.0,DESPISTE,0,0.0,13.0,2020,11,3,0,5.6,5.6,10.0
20211222,2020-11-13,17:20,LA LIBERTAD,PE-08,9.0,DESPISTE,0,4.0,17.0,2020,11,4,0,0.0,0.0,0.0
20211222,2020-11-13,14:30,CAJAMARCA,PE-08A,22.0,DESPISTE,0,2.0,14.0,2020,11,4,0,0.0,0.0,0.0
20211222,2020-11-13,12:15,PUNO,PE-34I,27.0,ATROPELLO,0,1.0,12.0,2020,11,4,0,0.3,0.3,1.0
20211222,2020-11-13,17:44,TACNA,PE-36A,43.0,DESPISTE,0,0.0,17.0,2020,11,4,0,0.0,0.0,0.0
20211222,2020-11-13,15:00,CAJAMARCA,PE-06B,58.0,DESPISTE,0,1.0,15.0,2020,11,4,0,0.0,0.0,0.0
20211222,2020-11-13,17:50,JUNIN,PE-3S,76.0,CHOQUE,0,3.0,17.0,2020,11,4,0,1.6,1.6,6.0
20211222,2020-11-13,17:30,LIMA,PE-1S,79.0,CHOQUE,0,3.0,17.0,2020,11,4,0,0.0,0.0,0.0
20211222,2020-11-13,11:24,AREQUIPA,PE-34A,84.0,CHOQUE,0,7.0,11.0,2020,11,4,0,0.0,0.0,0.0
20211222,2020-11-13,02:30,AMAZONAS,PE-04A,197.0,DESPISTE,0,2.0,2.0,2020,11,4,0,1.4,1.4,7.0
20211222,2020-11-13,08:40,PUNO,PE-34A,222.0,DESPISTE,0,5.0,8.0,2020,11,4,0,0.3,0.3,1.0
20211222,2020-11-13,19:50,ANCASH,PE-3N,516.0,DESPISTE,0,2.0,19.0,2020,11,4,0,7.7,7.7,7.0
20211222,2020-11-13,05:50,LA LIBERTAD,PE-1N,553.0,DESPISTE,0,0.0,5.0,2020,11,4,0,0.0,0.0,0.0
20211222,2020-11-13,00:00,LAMBAYEQUE,PE-1N,776.0,ATROPELLO,2,0.0,0.0,2020,11,4,1,0.0,0.0,0.0
20211222,2020-11-13,04:45,AREQUIPA,PE-1S,1058.0,DESPISTE,0,0.0,4.0,2020,11,4,0,0.0,0.0,0.0
20211222,2020-11-14,13:15,PUNO,PE-34H,28.0,CHOQUE,1,0.0,13.0,2020,11,5,1,0.0,0.0,0.0
20211222,2020-11-14,12:00,LORETO,LO-103,42.0,ATROPELLO,0,1.0,12.0,2020,11,5,0,1.8,1.8,5.0
20211222,2020-11-14,17:00,LIMA,PE-22,58.0,CHOQUE,0,3.0,17.0,2020,11,5,0,0.4,0.4,4.0
20211222,2020-11-14,17:50,ANCASH,AN-117,73.0,CHOQUE,1,1.0,17.0,2020,11,5,1,1.8,1.8,8.0
20211222,2020-11-14,19:40,JUNIN,PE-3S,108.0,CHOQUE,0,1.0,19.0,2020,11,5,0,0.2,0.2,2.0
20211222,2020-11-14,20:00,CAJAMARCA,PE-06B,110.0,ATROPELLO,0,1.0,20.0,2020,11,5,0,0.0,0.0,0.0
20211222,2020-11-14,14:10,PASCO,PE-3N,124.0,CHOQUE,0,6.0,14.0,2020,11,5,0,2.2,2.2,8.0
20211222,2020-11-14,07:55,JUNIN,PE-22,144.0,CHOQUE,0,2.0,7.0,2020,11,5,0,0.2,0.2,2.0
20211222,2020-11-14,09:20,AYACUCHO,PE-3S,239.0,DESPISTE,0,3.0,9.0,2020,11,5,0,0.0,0.0,0.0
20211222,2020-11-14,18:00,ANCASH,PE-1N,251.0,VOLCADURA,0,0.0,18.0,2020,11,5,0,1.8,1.8,8.0
20211222,2020-11-14,06:30,ANCASH,PE-1N,344.0,CHOQUE,0,1.0,6.0,2020,11,5,0,1.8,1.8,8.0
20211222,2020-11-14,04:40,ICA,PE-1S,377.0,CHOQUE,0,1.0,4.0,2020,11,5,0,0.0,0.0,0.0
20211222,2020-11-14,01:30,AYACUCHO,PE-3S,409.0,DESPISTE,0,1.0,1.0,2020,11,5,0,0.0,0.0,0.0
20211222,2020-11-14,08:30,LA LIBERTAD,PE-1N,555.0,DESPISTE,0,1.0,8.0,2020,11,5,0,0.0,0.0,0.0
20211222,2020-11-14,03:20,LA LIBERTAD,PE-1N,725.0,CHOQUE,0,1.0,3.0,2020,11,5,0,0.0,0.0,0.0
20211222,2020-11-14,04:55,AREQUIPA,PE-1S,882.0,DESPISTE,0,1.0,4.0,2020,11,5,0,0.0,0.0,0.0
20211222,2020-11-14,12:40,AREQUIPA,AR-115,977.0,CHOQUE,0,0.0,12.0,2020,11,5,0,0.0,0.0,0.0
20211222,2020-11-14,05:00,CUSCO,PE-3S,1086.0,DESPISTE,0,2.0,5.0,2020,11,5,0,0.9,0.9,8.0
20211222,2020-11-14,21:25,PUNO,PE-3S,1308.0,CHOQUE,0,1.0,21.0,2020,11,5,0,0.0,0.0,0.0
20211222,2020-11-15,16:30,HUANUCO,PE-18A,11.0,DESPISTE,0,3.0,16.0,2020,11,6,0,0.4,0.4,3.0
20211222,2020-11-15,09:30,LIMA,PE-1NE,15.0,CHOQUE,0,1.0,9.0,2020,11,6,0,0.0,0.0,0.0
20211222,2020-11-15,19:15,ANCASH,AN-110,72.0,CHOQUE,0,0.0,19.0,2020,11,6,0,2.9,2.9,4.0
20211222,2020-11-15,19:30,PIURA,PE-1N,85.0,DESPISTE,0,4.0,19.0,2020,11,6,0,0.0,0.0,0.0
20211222,2020-11-15,08:40,JUNIN,PE-22B,102.0,CHOQUE,0,2.0,8.0,2020,11,6,0,0.0,0.0,0.0
20211222,2020-11-15,22:00,LIMA,PE-22,119.0,DESPISTE,0,0.0,22.0,2020,11,6,0,0.0,0.0,0.0
20211222,2020-11-15,09:00,UCAYALI,PE-18C,143.0,DESPISTE,0,1.0,9.0,2020,11,6,0,5.2,5.2,8.0
20211222,2020-11-15,18:30,HUANUCO,PE-3N,160.0,DESPISTE,0,2.0,18.0,2020,11,6,0,0.4,0.4,3.0
20211222,2020-11-15,21:50,LIMA,PE-1N,190.0,CHOQUE,0,0.0,21.0,2020,11,6,0,0.0,0.0,0.0
20211222,2020-11-15,16:10,LIMA,PE-1N,235.0,DESPISTE,0,0.0,16.0,2020,11,6,0,0.0,0.0,0.0
20211222,2020-11-15,05:00,AMAZONAS,PE-08B,410.0,VOLCADURA,0,0.0,5.0,2020,11,6,0,0.3,0.3,2.0
20211222,2020-11-15,05:30,HUANUCO,PE-5N,485.0,CHOQUE,2,0.0,5.0,2020,11,6,1,0.4,0.4,3.0
20211222,2020-11-16,19:00,LIMA,PE-24,7.0,CHOQUE,1,0.0,19.0,2020,11,0,1,0.0,0.0,0.0
20211222,2020-11-16,11:10,LIMA,PE-1S,36.0,ATROPELLO,0,1.0,11.0,2020,11,0,0,0.0,0.0,0.0
20211222,2020-11-16,11:00,UCAYALI,PE-18C,38.0,CHOQUE,0,4.0,11.0,2020,11,0,0,2.6,2.6,8.0
20211222,2020-11-16,17:20,JUNIN,PE-3N,44.0,DESPISTE,0,0.0,17.0,2020,11,0,0,0.5,0.5,3.0
20211222,2020-11-16,08:08,CAJAMARCA,PE-08B,130.0,DESPISTE,0,0.0,8.0,2020,11,0,0,0.2,0.2,1.0
20211222,2020-11-16,08:20,CAJAMARCA,PE-06A,172.0,CHOQUE,0,1.0,8.0,2020,11,0,0,0.2,0.2,1.0
20211222,2020-11-16,19:00,UCAYALI,PE-5N,217.0,CHOQUE,0,3.0,19.0,2020,11,0,0,2.6,2.6,8.0
20211222,2020-11-16,16:20,ANCASH,PE-1N,278.0,DESPISTE,0,1.0,16.0,2020,11,0,0,5.3,5.3,15.0
20211222,2020-11-16,23:00,ICA,PE-1S,282.0,DESPISTE,0,3.0,23.0,2020,11,0,0,0.0,0.0,0.0
20211222,2020-11-16,04:40,APURIMAC,PE-30A,312.0,CHOQUE,0,4.0,4.0,2020,11,0,0,0.3,0.3,2.0
20211222,2020-11-16,01:40,MADRE DE DIOS,PE-30C,334.0,ATROPELLO,1,1.0,1.0,2020,11,0,1,1.9,1.9,7.0
20211222,2020-11-16,16:30,ANCASH,PE-1N,384.0,DESPISTE,0,0.0,16.0,2020,11,0,0,5.3,5.3,15.0
20211222,2020-11-16,06:20,LA LIBERTAD,PE-1N,527.0,CHOQUE,0,1.0,6.0,2020,11,0,0,0.0,0.0,0.0
20211222,2020-11-16,06:00,SAN MARTIN,PE-04A,662.0,CHOQUE,0,1.0,6.0,2020,11,0,0,2.7,2.7,12.0
20211222,2020-11-16,00:50,AREQUIPA,PE-1S,748.0,DESPISTE,0,0.0,0.0,2020,11,0,0,0.0,0.0,0.0
20211222,2020-11-16,23:00,SAN MARTIN,PE-04A,951.0,DESPISTE,0,2.0,23.0,2020,11,0,0,2.7,2.7,12.0
20211222,2020-11-16,21:24,AREQUIPA,PE-1S,993.0,ATROPELLO,1,0.0,21.0,2020,11,0,1,0.0,0.0,0.0
20211222,2020-11-16,20:45,CUSCO,PE-3S,1007.0,ATROPELLO,1,0.0,20.0,2020,11,0,1,1.1,1.1,6.0
20211222,2020-11-16,05:20,JUNIN,PE-3S,,ATROPELLO,2,0.0,5.0,2020,11,0,1,0.5,0.5,3.0
20211222,2020-11-17,01:00,MOQUEGUA,PE-36A,5.0,DESPISTE,3,5.0,1.0,2020,11,1,1,0.0,0.0,0.0
20211222,2020-11-17,06:15,UCAYALI,PE-5S,18.0,CHOQUE,1,0.0,6.0,2020,11,1,1,0.0,0.0,0.0
20211222,2020-11-17,17:50,LIMA,PE-3N,31.0,DESPISTE,0,5.0,17.0,2020,11,1,0,0.0,0.0,0.0
20211222,2020-11-17,22:50,LIMA,PE-1N,83.0,ATROPELLO,0,1.0,22.0,2020,11,1,0,0.0,0.0,0.0
20211222,2020-11-17,15:00,AYACUCHO,PE-3N,141.0,CHOQUE,0,1.0,15.0,2020,11,1,0,0.0,0.0,0.0
20211222,2020-11-17,17:30,PIURA,PE-1NJ,176.0,CHOQUE,0,1.0,17.0,2020,11,1,0,0.0,0.0,0.0
20211222,2020-11-17,02:07,MOQUEGUA,PE-1SD,206.0,DESPISTE,0,0.0,2.0,2020,11,1,0,0.0,0.0,0.0
20211222,2020-11-17,02:00,AYACUCHO,PE-28A,253.0,DESPISTE,0,0.0,2.0,2020,11,1,0,0.0,0.0,0.0
20211222,2020-11-17,20:15,AREQUIPA,PE-1S,825.0,CHOQUE,1,0.0,20.0,2020,11,1,1,0.0,0.0,0.0
20211222,2020-11-17,10:05,CUSCO,PE-3S,1047.0,CHOQUE,0,1.0,10.0,2020,11,1,0,0.2,0.2,2.0
20211222,2020-11-17,17:55,CAJAMARCA,PE-3N,1157.0,CHOQUE,2,1.0,17.0,2020,11,1,1,0.7,0.7,5.0
20211222,2020-11-18,16:45,JUNIN,PE-3N,77.0,DESPISTE,0,1.0,16.0,2020,11,2,0,0.0,0.0,0.0
20211222,2020-11-18,21:30,LIMA,PE-22,82.0,CHOQUE,0,0.0,21.0,2020,11,2,0,0.0,0.0,0.0
20211222,2020-11-18,11:00,CUSCO,PE-28B,156.0,DESPISTE,0,0.0,11.0,2020,11,2,0,0.6,0.6,3.0
20211222,2020-11-18,22:30,ANCASH,PE-1N,253.0,CHOQUE,1,0.0,22.0,2020,11,2,1,6.4,6.4,3.0
20211222,2020-11-18,10:30,ANCASH,PE-1N,264.0,DESPISTE,0,1.0,10.0,2020,11,2,0,6.4,6.4,3.0
20211222,2020-11-18,15:45,AYACUCHO,PE-28A,305.0,DESPISTE,0,1.0,15.0,2020,11,2,0,0.0,0.0,0.0
20211222,2020-11-18,07:00,ANCASH,PE-1N,408.0,VOLCADURA,0,2.0,7.0,2020,11,2,0,6.4,6.4,3.0
20211222,2020-11-18,06:20,LAMBAYEQUE,PE-1N,855.0,DESPISTE,0,1.0,6.0,2020,11,2,0,0.0,0.0,0.0
20211222,2020-11-18,12:00,LAMBAYEQUE,PE-1N,855.0,DESPISTE,0,4.0,12.0,2020,11,2,0,0.0,0.0,0.0
20211222,2020-11-18,07:10,PUNO,PE-3S,1232.0,CHOQUE,1,1.0,7.0,2020,11,2,1,0.0,0.0,0.0
20211222,2020-11-18,22:50,PUNO,PE-1S,1440.0,CHOQUE,0,0.0,22.0,2020,11,2,0,0.0,0.0,0.0
20211222,2020-11-19,12:00,AREQUIPA,AR-115,4.0,DESPISTE,0,0.0,12.0,2020,11,3,0,0.0,0.0,0.0
20211222,2020-11-19,08:30,JUNIN,PE-22B,12.0,DESPISTE,0,0.0,8.0,2020,11,3,0,3.0,3.0,9.0
20211222,2020-11-19,08:30,AREQUIPA,AR-115,27.0,ATROPELLO,1,0.0,8.0,2020,11,3,1,0.0,0.0,0.0
20211222,2020-11-19,05:45,JUNIN,PE-3N,43.0,DESPISTE,0,0.0,5.0,2020,11,3,0,3.0,3.0,9.0
20211222,2020-11-19,02:20,LIMA,PE-1S,71.0,DESPISTE,0,1.0,2.0,2020,11,3,0,0.0,0.0,0.0
20211222,2020-11-19,13:55,JUNIN,PE-3S,101.0,CHOQUE,0,1.0,13.0,2020,11,3,0,3.0,3.0,9.0
20211222,2020-11-19,02:30,LIMA,PE-22,108.0,DESPISTE,0,1.0,2.0,2020,11,3,0,0.0,0.0,0.0
20211222,2020-11-19,12:45,CAJAMARCA,PE-3N,110.0,VOLCADURA,0,1.0,12.0,2020,11,3,0,0.2,0.2,2.0
20211222,2020-11-19,10:20,LIMA,PE-22,127.0,CHOQUE,0,0.0,10.0,2020,11,3,0,0.0,0.0,0.0
20211222,2020-11-19,19:00,CAJAMARCA,PE-08,138.0,VOLCADURA,1,2.0,19.0,2020,11,3,1,0.2,0.2,2.0
20211222,2020-11-19,17:10,CAJAMARCA,PE-08,150.0,DESPISTE,0,0.0,17.0,2020,11,3,0,0.2,0.2,2.0
20211222,2020-11-19,10:00,PUNO,PE-36A,184.0,DESPISTE,0,1.0,10.0,2020,11,3,0,1.3,1.3,6.0
20211222,2020-11-19,05:15,ICA,PE-1S,245.0,DESPISTE,0,5.0,5.0,2020,11,3,0,0.0,0.0,0.0
20211222,2020-11-19,23:00,CUSCO,PE-28B,338.0,DESPISTE,0,2.0,23.0,2020,11,3,0,6.4,6.4,6.0
20211222,2020-11-19,06:30,ANCASH,PE-1N,376.0,CHOQUE,0,2.0,6.0,2020,11,3,0,5.3,5.3,12.0
20211222,2020-11-19,15:45,HUANUCO,PE-5N,458.0,CHOQUE,0,3.0,15.0,2020,11,3,0,2.1,2.1,7.0
20211222,2020-11-19,08:20,LA LIBERTAD,PE-1N,462.0,DESPISTE,0,0.0,8.0,2020,11,3,0,0.0,0.0,0.0
20211222,2020-11-19,09:30,SAN MARTIN,PE-04A,652.0,DESPISTE,0,0.0,9.0,2020,11,3,0,8.6,8.6,20.0
20211222,2020-11-19,14:00,SAN MARTIN,PE-04A,725.0,CHOQUE,1,0.0,14.0,2020,11,3,1,8.6,8.6,20.0
20211222,2020-11-19,17:50,TACNA,PE-1S,1143.0,DESPISTE,0,0.0,17.0,2020,11,3,0,0.0,0.0,0.0
20211222,2020-11-20,08:40,PIURA,PE-1N,9.0,DESPISTE,0,0.0,8.0,2020,11,4,0,0.1,0.1,1.0
20211222,2020-11-20,05:15,AREQUIPA,AR-115,12.0,DESPISTE,0,0.0,5.0,2020,11,4,0,0.0,0.0,0.0
20211222,2020-11-20,23:00,UCAYALI,PE-18C,28.0,DESPISTE,0,2.0,23.0,2020,11,4,0,19.9,19.9,20.0
20211222,2020-11-20,16:55,LAMBAYEQUE,PE-1N,39.0,CHOQUE,0,0.0,16.0,2020,11,4,0,0.0,0.0,0.0
20211222,2020-11-20,12:20,MOQUEGUA,PE-36A,41.0,VOLCADURA,0,0.0,12.0,2020,11,4,0,0.0,0.0,0.0
20211222,2020-11-20,18:00,LA LIBERTAD,PE-10B,80.0,DESPISTE,1,2.0,18.0,2020,11,4,1,0.0,0.0,0.0
20211222,2020-11-20,16:00,LIMA,PE-22,98.0,DESPISTE,0,0.0,16.0,2020,11,4,0,0.0,0.0,0.0
20211222,2020-11-20,17:00,CUSCO,PE-28B,98.0,DESPISTE,0,3.0,17.0,2020,11,4,0,0.6,0.6,4.0
20211222,2020-11-20,18:30,PIURA,PE-1NJ,194.0,DESPISTE,0,0.0,18.0,2020,11,4,0,0.1,0.1,1.0
20211222,2020-11-20,16:30,SAN MARTIN,PE-04A,445.0,DESPISTE,0,0.0,16.0,2020,11,4,0,13.2,13.2,16.0
20211222,2020-11-20,04:30,ANCASH,PE-3N,578.0,ATROPELLO,0,0.0,4.0,2020,11,4,0,7.1,7.1,13.0
20211222,2020-11-20,06:30,LA LIBERTAD,PE-1N,706.0,CHOQUE,0,1.0,6.0,2020,11,4,0,0.0,0.0,0.0
20211222,2020-11-20,01:30,LAMBAYEQUE,PE-1N,812.0,CHOQUE,1,0.0,1.0,2020,11,4,1,0.0,0.0,0.0
20211222,2020-11-20,19:30,AREQUIPA,PE-1S,949.0,DESPISTE,0,1.0,19.0,2020,11,4,0,0.0,0.0,0.0
20211222,2020-11-20,16:40,PIURA,PE-1N,,CHOQUE,0,1.0,16.0,2020,11,4,0,0.1,0.1,1.0
20211222,2020-11-20,16:00,PASCO,PA-104,,DESPISTE,2,32.0,16.0,2020,11,4,1,9.6,9.5,18.0
20211222,2020-11-21,06:05,MOQUEGUA,PE-36A,16.0,DESPISTE,0,2.0,6.0,2020,11,5,0,0.0,0.0,0.0
20211222,2020-11-21,07:00,JUNIN,PE-3S,62.0,DESPISTE,0,0.0,7.0,2020,11,5,0,0.2,0.2,2.0
20211222,2020-11-21,18:50,CUSCO,PE-28B,177.0,DESPISTE,0,0.0,18.0,2020,11,5,0,0.4,0.4,1.0
20211222,2020-11-21,08:30,PUNO,PE-34B,205.0,DESPISTE,0,1.0,8.0,2020,11,5,0,0.0,0.0,0.0
20211222,2020-11-21,19:50,CAJAMARCA,PE-04A,234.0,CHOQUE,0,1.0,19.0,2020,11,5,0,0.8,0.8,5.0
20211222,2020-11-21,19:30,SAN MARTIN,PE-04A,486.0,CHOQUE,0,1.0,19.0,2020,11,5,0,3.4,3.4,8.0
20211222,2020-11-21,13:00,LA LIBERTAD,PE-1N,668.0,DESPISTE,0,0.0,13.0,2020,11,5,0,0.2,0.2,2.0
20211222,2020-11-21,22:00,PIURA,PE-1N,943.0,CHOQUE,0,1.0,22.0,2020,11,5,0,0.0,0.0,0.0
20211222,2020-11-21,19:20,ANCASH,PE-3N,,CHOQUE,0,0.0,19.0,2020,11,5,0,2.3,2.3,10.0
20211222,2020-11-22,04:00,PUNO,PE-34K,3.0,DESPISTE,0,0.0,4.0,2020,11,6,0,0.3,0.3,3.0
20211222,2020-11-22,20:00,CAJAMARCA,PE-5N,7.0,ATROPELLO,0,1.0,20.0,2020,11,6,0,2.6,2.6,6.0
20211222,2020-11-22,15:30,JUNIN,PE-3N,11.0,DESPISTE,0,1.0,15.0,2020,11,6,0,0.2,0.2,2.0
20211222,2020-11-22,05:25,JUNIN,PE-3SA,13.0,DESPISTE,0,3.0,5.0,2020,11,6,0,0.2,0.2,2.0
20211222,2020-11-22,05:45,JUNIN,PE-3S,30.0,CHOQUE,0,2.0,5.0,2020,11,6,0,0.2,0.2,2.0
20211222,2020-11-22,19:30,CAJAMARCA,PE-06A,40.0,CHOQUE,0,2.0,19.0,2020,11,6,0,2.6,2.6,6.0
20211222,2020-11-22,19:00,LIMA,PE-1N,44.0,CHOQUE,0,2.0,19.0,2020,11,6,0,0.0,0.0,0.0
20211222,2020-11-22,22:00,LIMA,PE-1N,55.0,DESPISTE,0,1.0,22.0,2020,11,6,0,0.0,0.0,0.0
20211222,2020-11-22,07:20,LIMA,PE-1S,77.0,CHOQUE,0,2.0,7.0,2020,11,6,0,0.0,0.0,0.0
20211222,2020-11-22,10:20,LIMA,PE-1N,81.0,VOLCADURA,0,0.0,10.0,2020,11,6,0,0.0,0.0,0.0
20211222,2020-11-22,06:00,LIMA,PE-1N,103.0,DESPISTE,0,0.0,6.0,2020,11,6,0,0.0,0.0,0.0
20211222,2020-11-22,14:30,LIMA,PE-22,128.0,CHOQUE,0,1.0,14.0,2020,11,6,0,0.0,0.0,0.0
20211222,2020-11-22,02:00,ICA,PE-1S,189.0,DESPISTE,0,2.0,2.0,2020,11,6,0,0.0,0.0,0.0
20211222,2020-11-22,08:00,PUNO,PE-30A,273.0,DESPISTE,0,1.0,8.0,2020,11,6,0,0.3,0.3,3.0
20211222,2020-11-22,18:00,PUNO,PE-30A,346.0,CHOQUE,0,2.0,18.0,2020,11,6,0,0.3,0.3,3.0
20211222,2020-11-22,10:30,AREQUIPA,PE-1S,853.0,CHOQUE,0,3.0,10.0,2020,11,6,0,0.0,0.0,0.0
20211222,2020-11-22,06:40,PUNO,PE-3S,1029.0,CHOQUE,0,2.0,6.0,2020,11,6,0,0.3,0.3,3.0
20211222,2020-11-23,07:30,UCAYALI,PE-18C,17.0,CHOQUE,0,0.0,7.0,2020,11,0,0,0.4,0.4,3.0
20211222,2020-11-23,06:30,CUSCO,PE-3S,22.0,DESPISTE,6,0.0,6.0,2020,11,0,1,1.0,1.0,2.0
20211222,2020-11-23,16:00,LIMA,PE-20,24.0,CHOQUE,0,0.0,16.0,2020,11,0,0,0.0,0.0,0.0
20211222,2020-11-23,11:25,JUNIN,PE-3SA,36.0,DESPISTE,0,1.0,11.0,2020,11,0,0,2.1,2.1,8.0
20211222,2020-11-23,11:00,AREQUIPA,PE-22,47.0,CHOQUE,0,1.0,11.0,2020,11,0,0,0.0,0.0,0.0
20211222,2020-11-23,10:00,LIMA,PE-1S,69.0,CHOQUE,0,4.0,10.0,2020,11,0,0,0.0,0.0,0.0
20211222,2020-11-23,16:15,CAJAMARCA,PE-3N,75.0,CHOQUE,0,1.0,16.0,2020,11,0,0,0.2,0.2,2.0
20211222,2020-11-23,15:50,AYACUCHO,PE-28B,88.0,DESPISTE,0,1.0,15.0,2020,11,0,0,0.0,0.0,0.0
20211222,2020-11-23,15:30,ANCASH,PE-3N,122.0,DESPISTE,0,1.0,15.0,2020,11,0,0,0.1,0.1,1.0
20211222,2020-11-23,03:00,AREQUIPA,PE-34A,139.0,DESPISTE,0,1.0,3.0,2020,11,0,0,0.0,0.0,0.0
20211222,2020-11-23,15:00,SAN MARTIN,PE-18C,165.0,CHOQUE,0,2.0,15.0,2020,11,0,0,2.2,2.2,7.0
20211222,2020-11-23,23:50,PUNO,PE-34A,208.0,DESPISTE,1,0.0,23.0,2020,11,0,1,0.0,0.0,0.0
20211222,2020-11-23,23:50,LIMA,PE-1N,218.0,CHOQUE,0,0.0,23.0,2020,11,0,0,0.0,0.0,0.0
20211222,2020-11-23,15:10,PUNO,PE-30A,321.0,DESPISTE,0,1.0,15.0,2020,11,0,0,0.0,0.0,0.0
20211222,2020-11-23,22:20,ICA,PE-1S,346.0,CHOQUE,0,2.0,22.0,2020,11,0,0,0.0,0.0,0.0
20211222,2020-11-23,13:30,LIMA,PE-22,833.0,DESPISTE,0,0.0,13.0,2020,11,0,0,0.0,0.0,0.0
20211222,2020-11-23,13:15,PUNO,PE-1S,948.0,DESPISTE,0,4.0,13.0,2020,11,0,0,0.0,0.0,0.0
20211222,2020-11-23,05:30,CUSCO,PE-3S,1063.0,VOLCADURA,0,0.0,5.0,2020,11,0,0,1.0,1.0,2.0
20211222,2020-11-24,17:30,CUSCO,PE-34F,8.0,DESPISTE,0,1.0,17.0,2020,11,1,0,0.0,0.0,0.0
20211222,2020-11-24,18:30,LIMA,PE-18,54.0,CHOQUE,0,1.0,18.0,2020,11,1,0,0.0,0.0,0.0
20211222,2020-11-24,N.I.,CAJAMARCA,PE-08,77.0,N.I.,0,2.0,,2020,11,1,0,0.1,0.1,1.0
20211222,2020-11-24,07:00,LIMA,PE-1S,84.0,CHOQUE,0,2.0,7.0,2020,11,1,0,0.0,0.0,0.0
20211222,2020-11-24,05:00,LIMA,PE-1N,144.0,DESPISTE,0,2.0,5.0,2020,11,1,0,0.0,0.0,0.0
20211222,2020-11-24,06:09,HUANUCO,PE-14A,192.0,DESPISTE,2,6.0,6.0,2020,11,1,1,0.0,0.0,0.0
20211222,2020-11-24,06:30,PUNO,PE-34H,258.0,DESPISTE,5,2.0,6.0,2020,11,1,1,0.0,0.0,0.0
20211222,2020-11-24,04:40,ANCASH,PE-1N,258.0,CHOQUE,0,1.0,4.0,2020,11,1,0,0.0,0.0,0.0
20211222,2020-11-24,20:00,MADRE DE DIOS,PE-30C,410.0,CHOQUE,0,3.0,20.0,2020,11,1,0,0.6,0.6,3.0
20211222,2020-11-24,14:00,ANCASH,PE-3N,584.0,DESPISTE,0,1.0,14.0,2020,11,1,0,0.0,0.0,0.0
20211222,2020-11-24,13:15,AREQUIPA,PE-1S,948.0,DESPISTE,0,4.0,13.0,2020,11,1,0,0.0,0.0,0.0
20211222,2020-11-25,08:50,PIURA,PE-1N,15.0,N.I.,0,1.0,8.0,2020,11,2,0,0.0,0.0,0.0
20211222,2020-11-25,07:40,PIURA,PE-1N,15.0,DESPISTE,0,0.0,7.0,2020,11,2,0,0.0,0.0,0.0
20211222,2020-11-25,22:00,LIMA,PE-1S,31.0,DESPISTE,0,0.0,22.0,2020,11,2,0,0.0,0.0,0.0
20211222,2020-11-25,07:46,JUNIN,PE-3N,37.0,DESPISTE,0,0.0,7.0,2020,11,2,0,0.0,0.0,0.0
20211222,2020-11-25,11:10,PIURA,PE-1N,47.0,DESPISTE,0,2.0,11.0,2020,11,2,0,0.0,0.0,0.0
20211222,2020-11-25,22:40,AYACUCHO,PE-28B,121.0,DESPISTE,0,1.0,22.0,2020,11,2,0,0.0,0.0,0.0
20211222,2020-11-25,23:20,LIMA,PE-1N,175.0,CHOQUE,0,3.0,23.0,2020,11,2,0,0.0,0.0,0.0
20211222,2020-11-25,14:10,PUNO,PE-3S,195.0,VOLCADURA,0,2.0,14.0,2020,11,2,0,0.2,0.2,2.0
20211222,2020-11-25,08:00,ICA,PE-1S,209.0,CHOQUE,0,2.0,8.0,2020,11,2,0,0.0,0.0,0.0
20211222,2020-11-25,07:30,PUNO,PE-34A,254.0,CHOQUE,0,2.0,7.0,2020,11,2,0,0.2,0.2,2.0
20211222,2020-11-25,18:50,PUNO,PE-34A,267.0,CHOQUE,0,2.0,18.0,2020,11,2,0,0.2,0.2,2.0
20211222,2020-11-25,07:20,ANCASH,PE-1N,280.0,DESPISTE,0,0.0,7.0,2020,11,2,0,5.5,5.5,3.0
20211222,2020-11-25,05:00,AYACUCHO,PE-28A,313.0,DESPISTE,0,1.0,5.0,2020,11,2,0,0.0,0.0,0.0
20211222,2020-11-25,11:15,LA LIBERTAD,PE-1N,486.0,DESPISTE,0,0.0,11.0,2020,11,2,0,0.0,0.0,0.0
20211222,2020-11-25,07:40,SAN MARTIN,PE-5N,570.0,CHOQUE,1,1.0,7.0,2020,11,2,1,0.3,0.3,1.0
20211222,2020-11-25,08:30,AREQUIPA,PE-1S,609.0,DESPISTE,0,0.0,8.0,2020,11,2,0,0.0,0.0,0.0
20211222,2020-11-25,08:00,LAMBAYEQUE,PE-1N,758.0,DESPISTE,0,0.0,8.0,2020,11,2,0,0.0,0.0,0.0
20211222,2020-11-25,03:00,PUNO,PE-3S,1385.0,DESPISTE,0,1.0,3.0,2020,11,2,0,0.2,0.2,2.0
20211222,2020-11-25,13:35,LIMA,PE-1N,,CHOQUE,0,3.0,13.0,2020,11,2,0,0.0,0.0,0.0
20211222,2020-11-26,15:45,JUNIN,PE-22,16.0,DESPISTE,0,1.0,15.0,2020,11,3,0,1.7,1.7,1.0
20211222,2020-11-26,07:50,TACNA,PE-1SD,20.0,CHOQUE,0,1.0,7.0,2020,11,3,0,0.0,0.0,0.0
20211222,2020-11-26,04:40,LIMA,PE-1S,47.0,CHOQUE,0,2.0,4.0,2020,11,3,0,0.0,0.0,0.0
20211222,2020-11-26,22:00,ANCASH,AN-107,62.0,DESPISTE,1,3.0,22.0,2020,11,3,1,0.6,0.6,5.0
20211222,2020-11-26,19:15,LIMA,PE-1S,73.0,ATROPELLO,1,0.0,19.0,2020,11,3,1,0.0,0.0,0.0
20211222,2020-11-26,04:10,JUNIN,PE-22,78.0,DESPISTE,0,0.0,4.0,2020,11,3,0,1.7,1.7,1.0
20211222,2020-11-26,18:40,CAJAMARCA,PE-06B,140.0,CHOQUE,0,0.0,18.0,2020,11,3,0,0.5,0.5,3.0
20211222,2020-11-26,15:30,LIMA,PE-1N,148.0,DESPISTE,0,0.0,15.0,2020,11,3,0,0.0,0.0,0.0
20211222,2020-11-26,14:50,ICA,PE-1S,183.0,CHOQUE,0,0.0,14.0,2020,11,3,0,0.0,0.0,0.0
20211222,2020-11-26,13:30,ICA,PE-1S,194.0,CHOQUE,0,0.0,13.0,2020,11,3,0,0.0,0.0,0.0
20211222,2020-11-26,15:00,MADRE DE DIOS,PE-30C,279.0,DESPISTE,0,0.0,15.0,2020,11,3,0,4.7,4.7,9.0
20211222,2020-11-26,04:50,AREQUIPA,PE-1S,1058.0,DESPISTE,0,1.0,4.0,2020,11,3,0,0.0,0.0,0.0
20211222,2020-11-27,05:45,AMAZONAS,PE-5N,5.0,CHOQUE,0,0.0,5.0,2020,11,4,0,0.6,0.6,4.0
20211222,2020-11-27,18:30,ANCASH,AN-110,7.0,DESPISTE,0,0.0,18.0,2020,11,4,0,11.4,11.4,11.0
20211222,2020-11-27,21:00,PUNO,PE-34H,24.0,DESPISTE,0,0.0,21.0,2020,11,4,0,8.4,8.4,14.0
20211222,2020-11-27,15:53,LIMA,PE-22,71.0,CHOQUE,0,0.0,15.0,2020,11,4,0,0.0,0.0,0.0
20211222,2020-11-27,16:25,HUANUCO,PE-18A,91.0,DESPISTE,0,0.0,16.0,2020,11,4,0,1.0,1.0,3.0
20211222,2020-11-27,23:10,JUNIN,PE-3N,98.0,DESPISTE,0,0.0,23.0,2020,11,4,0,0.0,0.0,0.0
20211222,2020-11-27,13:15,LIMA,PE-1N,148.0,DESPISTE,0,1.0,13.0,2020,11,4,0,0.0,0.0,0.0
20211222,2020-11-27,04:20,ICA,PE-1S,183.0,CHOQUE,0,0.0,4.0,2020,11,4,0,0.0,0.0,0.0
20211222,2020-11-27,14:40,CUSCO,PE-28B,204.0,CHOQUE,0,6.0,14.0,2020,11,4,0,1.1,1.1,7.0
20211222,2020-11-27,21:00,HUANUCO,PE-5N,452.0,DESPISTE,0,2.0,21.0,2020,11,4,0,1.0,1.0,3.0
20211222,2020-11-27,07:00,LA LIBERTAD,PE-1N,502.0,CHOQUE,0,0.0,7.0,2020,11,4,0,0.0,0.0,0.0
20211222,2020-11-27,07:00,AREQUIPA,PE-1S,637.0,DESPISTE,0,0.0,7.0,2020,11,4,0,0.0,0.0,0.0
20211222,2020-11-27,10:10,AREQUIPA,PE-1S,672.0,CHOQUE,0,0.0,10.0,2020,11,4,0,0.0,0.0,0.0
20211222,2020-11-27,16:30,AREQUIPA,PE-1S,925.0,CHOQUE,0,0.0,16.0,2020,11,4,0,0.0,0.0,0.0
20211222,2020-11-27,20:40,CUSCO,PE-3S,948.0,VOLCADURA,0,0.0,20.0,2020,11,4,0,1.1,1.1,7.0
20211222,2020-11-27,18:30,PUNO,PE-3S,1384.0,CHOQUE,0,0.0,18.0,2020,11,4,0,8.4,8.4,14.0
20211222,2020-11-28,04:35,LIMA,PE-22,3.0,CHOQUE,0,4.0,4.0,2020,11,5,0,0.0,0.0,0.0
20211222,2020-11-28,10:30,LIMA,LM-875,12.0,CHOQUE,1,1.0,10.0,2020,11,5,1,0.0,0.0,0.0
20211222,2020-11-28,14:15,HUANUCO,PE-18A,106.0,CHOQUE,0,0.0,14.0,2020,11,5,0,0.9,0.9,5.0
20211222,2020-11-28,17:00,MADRE DE DIOS,PE-30C,259.0,CHOQUE,0,0.0,17.0,2020,11,5,0,25.7,25.7,19.0
20211222,2020-11-28,10:00,MADRE DE DIOS,PE-30C,328.0,CHOQUE,0,2.0,10.0,2020,11,5,0,25.7,25.7,19.0
20211222,2020-11-28,16:45,ICA,PE-1S,484.0,DESPISTE,1,5.0,16.0,2020,11,5,1,0.0,0.0,0.0
20211222,2020-11-28,09:20,PIURA,PE-1N,1019.0,DESPISTE,1,0.0,9.0,2020,11,5,1,0.0,0.0,0.0
20211222,2020-11-29,16:30,JUNIN,PE-3S,8.0,DESPISTE,0,0.0,16.0,2020,11,6,0,2.0,2.0,5.0
20211222,2020-11-29,23:50,PIURA,PE-02A,14.0,ATROPELLO,1,0.0,23.0,2020,11,6,1,0.0,0.0,0.0
20211222,2020-11-29,13:25,ICA,PE-30A,60.0,DESPISTE,0,1.0,13.0,2020,11,6,0,0.0,0.0,0.0
20211222,2020-11-29,16:50,LIMA,PE-22,76.0,DESPISTE,0,1.0,16.0,2020,11,6,0,0.0,0.0,0.0
20211222,2020-11-29,16:40,ANCASH,PE-3N,160.0,DESPISTE,0,0.0,16.0,2020,11,6,0,13.1,13.1,6.0
20211222,2020-11-29,10:35,ANCASH,PE-1N,308.0,CHOQUE,0,2.0,10.0,2020,11,6,0,13.1,13.1,6.0
20211222,2020-11-29,21:15,ICA,PE-1S,423.0,DESPISTE,0,0.0,21.0,2020,11,6,0,0.0,0.0,0.0
20211222,2020-11-29,16:25,ICA,PE-1S,441.0,CHOQUE,0,0.0,16.0,2020,11,6,0,0.0,0.0,0.0
20211222,2020-11-29,07:40,AREQUIPA,PE-1S,603.0,DESPISTE,1,0.0,7.0,2020,11,6,1,0.0,0.0,0.0
20211222,2020-11-29,00:10,APURIMAC,PE-3S,715.0,DESPISTE,0,4.0,0.0,2020,11,6,0,17.6,17.6,17.0
20211222,2020-11-29,05:25,AREQUIPA,PE-1S,924.0,DESPISTE,0,1.0,5.0,2020,11,6,0,0.0,0.0,0.0
20211222,2020-11-29,15:35,MOQUEGUA,PE-1S,1334.0,CHOQUE,1,0.0,15.0,2020,11,6,1,0.0,0.0,0.0
20211222,2020-11-29,11:00,PUNO,PE-1S,1390.0,CHOQUE,1,1.0,11.0,2020,11,6,1,2.4,2.4,9.0
20211222,2020-11-30,13:10,LIMA,PE-1NA,11.0,ATROPELLO,0,1.0,13.0,2020,11,0,0,0.7,0.7,1.0
20211222,2020-11-30,15:00,MOQUEGUA,PE-36A,25.0,DESPISTE,0,1.0,15.0,2020,11,0,0,0.0,0.0,0.0
20211222,2020-11-30,23:40,UCAYALI,PE-18C,27.0,DESPISTE,0,2.0,23.0,2020,11,0,0,11.4,11.4,15.0
20211222,2020-11-30,21:50,LIMA,PE-20A,39.0,DESPISTE,1,0.0,21.0,2020,11,0,1,0.7,0.7,1.0
20211222,2020-11-30,07:00,LA LIBERTAD,PE-1N,59.0,CHOQUE,0,2.0,7.0,2020,11,0,0,0.1,0.1,1.0
20211222,2020-11-30,14:02,AYACUCHO,PE-30A,73.0,DESPISTE,0,2.0,14.0,2020,11,0,0,0.1,0.1,1.0
20211222,2020-11-30,05:30,LIMA,PE-1S,73.0,CHOQUE,0,2.0,5.0,2020,11,0,0,0.7,0.7,1.0
20211222,2020-11-30,09:40,LIMA,PE-22,82.0,DESPISTE,0,0.0,9.0,2020,11,0,0,0.7,0.7,1.0
20211222,2020-11-30,14:30,LIMA,PE-22,87.0,CHOQUE,0,0.0,14.0,2020,11,0,0,0.7,0.7,1.0
20211222,2020-11-30,16:20,LIMA,PE-3N,92.0,DESPISTE,0,0.0,16.0,2020,11,0,0,0.7,0.7,1.0
20211222,2020-11-30,13:50,AMAZONAS,PE-04A,235.0,DESPISTE,0,1.0,13.0,2020,11,0,0,0.4,0.4,4.0
20211222,2020-11-30,01:45,ANCASH,PE-1N,436.0,CHOQUE,1,15.0,1.0,2020,11,0,1,18.2,18.2,18.0
20211222,2020-11-30,15:30,HUANUCO,PE-5N,460.0,CHOQUE,0,1.0,15.0,2020,11,0,0,1.5,1.5,10.0
20211222,2020-11-30,04:30,AREQUIPA,PE-1S,582.0,DESPISTE,0,1.0,4.0,2020,11,0,0,0.0,0.0,0.0
20211222,2020-11-30,14:35,CUSCO,PE-3S,900.0,CHOQUE,0,1.0,14.0,2020,11,0,0,2.0,2.0,5.0
20211222,2020-11-30,20:00,CUSCO,PE-3S,925.0,CHOQUE,0,8.0,20.0,2020,11,0,0,2.0,2.0,5.0
20211222,2020-12-01,06:45,CAJAMARCA,PE-06B,16.0,CHOQUE,0,0.0,6.0,2020,12,1,0,8.6,8.6,7.0
20211222,2020-12-01,14:15,LIMA,PE-22,110.0,CHOQUE,0,3.0,14.0,2020,12,1,0,0.1,0.1,1.0
20211222,2020-12-01,07:30,CAJAMARCA,PE-08,111.0,CHOQUE,0,0.0,7.0,2020,12,1,0,8.6,8.6,7.0
20211222,2020-12-01,20:15,ANCASH,PE-14,124.0,CHOQUE,0,0.0,20.0,2020,12,1,0,11.5,11.5,10.0
20211222,2020-12-01,03:50,PUNO,PE-34A,224.0,DESPISTE,0,3.0,3.0,2020,12,1,0,8.0,8.0,17.0
20211222,2020-12-01,05:30,LA LIBERTAD,PE-1N,479.0,DESPISTE,0,0.0,5.0,2020,12,1,0,0.1,0.1,1.0
20211222,2020-12-01,16:10,SAN MARTIN,PE-5N,497.0,CHOQUE,0,1.0,16.0,2020,12,1,0,3.1,3.1,4.0
20211222,2020-12-01,08:30,AREQUIPA,PE-1S,609.0,DESPISTE,0,0.0,8.0,2020,12,1,0,0.0,0.0,0.0
20211222,2020-12-01,21:10,AREQUIPA,PE-1S,787.0,DESPISTE,0,0.0,21.0,2020,12,1,0,0.0,0.0,0.0
20211222,2020-12-01,23:30,PUNO,PE-3S,1199.0,ESPECIAL,0,0.0,23.0,2020,12,1,0,8.0,8.0,17.0
20211222,2020-12-02,22:15,LORETO,LO-103,2.0,CHOQUE,0,2.0,22.0,2020,12,2,0,15.1,15.1,8.0
20211222,2020-12-02,20:20,ICA,PE-30A,4.0,DESPISTE,0,0.0,20.0,2020,12,2,0,0.0,0.0,0.0
20211222,2020-12-02,10:00,AMAZONAS,PE-08B,35.0,CHOQUE,0,1.0,10.0,2020,12,2,0,1.2,1.2,5.0
20211222,2020-12-02,20:50,LAMBAYEQUE,PE-1N,45.0,ATROPELLO,1,0.0,20.0,2020,12,2,1,0.0,0.0,0.0
20211222,2020-12-02,21:35,LIMA,PE-1S,46.0,CHOQUE,0,1.0,21.0,2020,12,2,0,0.0,0.0,0.0
20211222,2020-12-02,13:40,LIMA,PE-22,53.0,DESPISTE,0,0.0,13.0,2020,12,2,0,0.0,0.0,0.0
20211222,2020-12-02,08:10,AREQUIPA,PE-34A,53.0,CHOQUE,0,2.0,8.0,2020,12,2,0,0.0,0.0,0.0
20211222,2020-12-02,17:53,LIMA,PE-22,82.0,CHOQUE,0,0.0,17.0,2020,12,2,0,0.0,0.0,0.0
20211222,2020-12-02,19:50,CUSCO,PE-28B,103.0,DESPISTE,1,2.0,19.0,2020,12,2,1,12.5,12.5,14.0
20211222,2020-12-02,14:10,AREQUIPA,PE-34A,112.0,CHOQUE,0,0.0,14.0,2020,12,2,0,0.0,0.0,0.0
20211222,2020-12-02,02:00,AREQUIPA,PE-34A,116.0,DESPISTE,0,0.0,2.0,2020,12,2,0,0.0,0.0,0.0
20211222,2020-12-02,17:40,PUNO,PE-34B,150.0,CHOQUE,0,13.0,17.0,2020,12,2,0,1.7,1.7,8.0
20211222,2020-12-02,02:20,PUNO,PE-34H,295.0,DESPISTE,0,0.0,2.0,2020,12,2,0,1.7,1.7,8.0
20211222,2020-12-02,16:30,ANCASH,PE-3N,590.0,CHOQUE,0,1.0,16.0,2020,12,2,0,7.6,7.6,6.0
20211222,2020-12-02,19:50,AREQUIPA,PE-1S,760.0,CHOQUE,0,1.0,19.0,2020,12,2,0,0.0,0.0,0.0
20211222,2020-12-02,08:00,PUNO,PE-3S,1201.0,DESPISTE,0,0.0,8.0,2020,12,2,0,1.7,1.7,8.0
20211222,2020-12-02,18:00,PUNO,PE-3S,1476.0,DESPISTE,0,1.0,18.0,2020,12,2,0,1.7,1.7,8.0
20211222,2020-12-03,19:30,LORETO,LO-103,9.0,CHOQUE,0,2.0,19.0,2020,12,3,0,17.8,17.8,16.0
20211222,2020-12-03,06:20,JUNIN,PE-3N,16.0,DESPISTE,0,1.0,6.0,2020,12,3,0,10.0,10.0,20.0
20211222,2020-12-03,13:30,PUNO,PE-34B,57.0,DESPISTE,0,2.0,13.0,2020,12,3,0,6.4,6.4,8.0
20211222,2020-12-03,10:30,LIMA,PE-22,81.0,CHOQUE,0,0.0,10.0,2020,12,3,0,0.0,0.0,0.0
20211222,2020-12-03,04:00,LIMA,PE-22,91.0,DESPISTE,0,0.0,4.0,2020,12,3,0,0.0,0.0,0.0
20211222,2020-12-03,17:10,LAMBAYEQUE,PE-1N,94.0,CHOQUE,0,1.0,17.0,2020,12,3,0,0.0,0.0,0.0
20211222,2020-12-03,22:00,PUNO,PE-34B,101.0,CHOQUE,0,1.0,22.0,2020,12,3,0,6.4,6.4,8.0
20211222,2020-12-03,13:50,AREQUIPA,PE-34A,161.0,DESPISTE,0,0.0,13.0,2020,12,3,0,0.0,0.0,0.0
20211222,2020-12-03,09:40,CUSCO,PE-28B,177.0,DESPISTE,0,0.0,9.0,2020,12,3,0,15.5,15.5,14.0
20211222,2020-12-03,21:50,AYACUCHO,PE-3S,238.0,DESPISTE,0,0.0,21.0,2020,12,3,0,0.3,0.3,2.0
20211222,2020-12-03,05:00,PUNO,PE-34A,272.0,CHOQUE,0,0.0,5.0,2020,12,3,0,6.4,6.4,8.0
20211222,2020-12-03,11:40,AYACUCHO,PE-3S,275.0,DESPISTE,1,0.0,11.0,2020,12,3,1,0.3,0.3,2.0
20211222,2020-12-03,04:50,CUSCO,PE-3S,1104.0,CHOQUE,1,0.0,4.0,2020,12,3,1,15.5,15.5,14.0
20211222,2020-12-04,11:05,LIMA,PE-1N,10.0,ESPECIAL,0,0.0,11.0,2020,12,4,0,0.9,0.9,3.0
20211222,2020-12-04,08:00,LIMA,PE-1S,26.0,CHOQUE,0,0.0,8.0,2020,12,4,0,0.9,0.9,3.0
20211222,2020-12-04,16:50,LIMA,PE-22,42.0,CHOQUE,0,0.0,16.0,2020,12,4,0,0.9,0.9,3.0
20211222,2020-12-04,13:30,TACNA,PE-1SD,111.0,DESPISTE,0,0.0,13.0,2020,12,4,0,0.0,0.0,0.0
20211222,2020-12-04,18:00,AREQUIPA,PE-34A,134.0,DESPISTE,0,3.0,18.0,2020,12,4,0,0.0,0.0,0.0
20211222,2020-12-04,12:30,AREQUIPA,PE-34A,152.0,DESPISTE,0,2.0,12.0,2020,12,4,0,0.0,0.0,0.0
20211222,2020-12-04,22:10,AYACUCHO,PE-3S,309.0,DESPISTE,0,0.0,22.0,2020,12,4,0,6.0,6.0,11.0
20211222,2020-12-04,02:00,ANCASH,PE-1N,339.0,DESPISTE,0,0.0,2.0,2020,12,4,0,9.1,9.1,13.0
20211222,2020-12-04,04:50,ANCASH,PE-1N,386.0,CHOQUE,0,1.0,4.0,2020,12,4,0,9.1,9.1,13.0
20211222,2020-12-04,16:15,HUANUCO,PE-5N,472.0,DESPISTE,0,0.0,16.0,2020,12,4,0,2.7,2.7,12.0
20211222,2020-12-04,01:00,AREQUIPA,PE-1S,980.0,CHOQUE,0,1.0,1.0,2020,12,4,0,0.0,0.0,0.0
20211222,2020-12-04,15:15,PIURA,PE-1N,1015.0,DESPISTE,0,0.0,15.0,2020,12,4,0,0.1,0.1,1.0
20211222,2020-12-04,18:10,PIURA,PE-1N,1039.0,CHOQUE,0,1.0,18.0,2020,12,4,0,0.1,0.1,1.0
20211222,2020-12-05,19:22,LORETO,LO-103,9.0,CHOQUE,0,0.0,19.0,2020,12,5,0,9.9,9.9,16.0
20211222,2020-12-05,12:45,LIMA,PE-1S,21.0,CHOQUE,0,2.0,12.0,2020,12,5,0,0.0,0.0,0.0
20211222,2020-12-05,06:00,LIMA,PE-1NE,28.0,ATROPELLO,0,2.0,6.0,2020,12,5,0,0.0,0.0,0.0
20211222,2020-12-05,01:30,LIMA,PE-1S,29.0,CHOQUE,1,1.0,1.0,2020,12,5,1,0.0,0.0,0.0
20211222,2020-12-05,19:50,LIMA,PE-20A,42.0,CHOQUE,0,4.0,19.0,2020,12,5,0,0.0,0.0,0.0
20211222,2020-12-05,00:30,LIMA,PE-1N,55.0,DESPISTE,0,0.0,0.0,2020,12,5,0,0.0,0.0,0.0
20211222,2020-12-05,14:30,JUNIN,PE-3S,55.0,DESPISTE,0,3.0,14.0,2020,12,5,0,9.6,9.6,19.0
20211222,2020-12-05,16:10,LIMA,PE-1N,63.0,CHOQUE,0,0.0,16.0,2020,12,5,0,0.0,0.0,0.0
20211222,2020-12-05,17:15,ANCASH,PE-3N,76.0,DESPISTE,0,0.0,17.0,2020,12,5,0,3.2,3.2,15.0
20211222,2020-12-05,05:15,LIMA,PE-1N,77.0,CHOQUE,0,0.0,5.0,2020,12,5,0,0.0,0.0,0.0
20211222,2020-12-05,03:00,LIMA,PE-1S,94.0,CHOQUE,0,0.0,3.0,2020,12,5,0,0.0,0.0,0.0
20211222,2020-12-05,08:50,JUNIN,PE-3N,112.0,DESPISTE,0,0.0,8.0,2020,12,5,0,9.6,9.6,19.0
20211222,2020-12-05,08:00,JUNIN,PE-3N,114.0,CHOQUE,0,0.0,8.0,2020,12,5,0,9.6,9.6,19.0
20211222,2020-12-05,20:20,CAJAMARCA,PE-08B,126.0,CHOQUE,0,1.0,20.0,2020,12,5,0,20.1,20.1,18.0
20211222,2020-12-05,04:30,LIMA,PE-1S,170.0,CHOQUE,1,2.0,4.0,2020,12,5,1,0.0,0.0,0.0
20211222,2020-12-05,01:25,LIMA,PE-1N,199.0,DESPISTE,0,0.0,1.0,2020,12,5,0,0.0,0.0,0.0
20211222,2020-12-05,00:40,ICA,PE-1S,269.0,CHOQUE,1,0.0,0.0,2020,12,5,1,0.0,0.0,0.0
20211222,2020-12-05,15:00,PUNO,PE-34S,298.0,CHOQUE,0,1.0,15.0,2020,12,5,0,33.1,24.5,20.0
20211222,2020-12-05,23:05,HUANUCO,PE-5N,594.0,CHOQUE,0,0.0,23.0,2020,12,5,0,2.5,2.5,8.0
20211222,2020-12-05,11:00,AREQUIPA,PE-1S,728.0,DESPISTE,0,0.0,11.0,2020,12,5,0,0.0,0.0,0.0
20211222,2020-12-05,13:40,AREQUIPA,PE-1S,871.0,DESPISTE,0,0.0,13.0,2020,12,5,0,0.0,0.0,0.0
20211222,2020-12-05,07:00,PUNO,PE-3S,1306.0,ATROPELLO,0,1.0,7.0,2020,12,5,0,33.1,24.5,20.0
20211222,2020-12-06,20:55,PIURA,PE-3N,5.0,CHOQUE,0,2.0,20.0,2020,12,6,0,0.1,0.1,1.0
20211222,2020-12-06,N.I.,LIMA,PE-1N,18.0,CHOQUE,0,1.0,,2020,12,6,0,0.0,0.0,0.0
20211222,2020-12-06,12:05,LA LIBERTAD,PE-10A,22.0,CHOQUE,0,3.0,12.0,2020,12,6,0,2.9,2.9,2.0
20211222,2020-12-06,16:00,CAJAMARCA,PE-06B,27.0,DESPISTE,0,0.0,16.0,2020,12,6,0,15.0,15.0,15.0
20211222,2020-12-06,23:00,ANCASH,AN-107,49.0,DESPISTE,0,0.0,23.0,2020,12,6,0,10.0,10.0,17.0
20211222,2020-12-06,07:16,LIMA,PE-22,51.0,DESPISTE,0,1.0,7.0,2020,12,6,0,0.0,0.0,0.0
20211222,2020-12-06,17:30,JUNIN,PE-5S,53.0,CHOQUE,0,1.0,17.0,2020,12,6,0,10.9,10.9,17.0
20211222,2020-12-06,N.I.,LIMA,PE-1N,81.0,CHOQUE,0,0.0,,2020,12,6,0,0.0,0.0,0.0
20211222,2020-12-06,00:05,LIMA,PE-1S,82.0,CHOQUE,0,0.0,0.0,2020,12,6,0,0.0,0.0,0.0
20211222,2020-12-06,13:40,JUNIN,PE-22B,115.0,DESPISTE,0,2.0,13.0,2020,12,6,0,10.9,10.9,17.0
20211222,2020-12-06,02:02,LIMA,PE-22,119.0,DESPISTE,0,0.0,2.0,2020,12,6,0,0.0,0.0,0.0
20211222,2020-12-06,19:30,LIMA,PE-1N,147.0,CHOQUE,0,2.0,19.0,2020,12,6,0,0.0,0.0,0.0
20211222,2020-12-06,22:30,UCAYALI,PE-18C,164.0,CHOQUE,0,0.0,22.0,2020,12,6,0,3.0,3.0,17.0
20211222,2020-12-06,05:30,LIMA,PE-1N,189.0,ATROPELLO,1,0.0,5.0,2020,12,6,1,0.0,0.0,0.0
20211222,2020-12-06,21:30,ICA,PE-1S,224.0,CHOQUE,0,1.0,21.0,2020,12,6,0,0.0,0.0,0.0
20211222,2020-12-06,00:10,PUNO,PE-3S,237.0,DESPISTE,0,2.0,0.0,2020,12,6,0,5.2,5.2,20.0
20211222,2020-12-06,17:30,CUSCO,PE-28B,253.0,DESPISTE,0,1.0,17.0,2020,12,6,0,11.4,11.4,17.0
20211222,2020-12-06,08:00,ANCASH,PE-1N,336.0,DESPISTE,0,0.0,8.0,2020,12,6,0,10.0,10.0,17.0
20211222,2020-12-06,01:00,ANCASH,PE-1N,441.0,CHOQUE,2,2.0,1.0,2020,12,6,1,10.0,10.0,17.0
20211222,2020-12-06,10:45,ICA,PE-1S,482.0,CHOQUE,1,1.0,10.0,2020,12,6,1,0.0,0.0,0.0
20211222,2020-12-06,15:30,HUANUCO,PE-5N,540.0,CHOQUE,0,0.0,15.0,2020,12,6,0,0.1,0.1,1.0
20211222,2020-12-06,19:10,MOQUEGUA,PE-1S,1147.0,CHOQUE,0,5.0,19.0,2020,12,6,0,0.0,0.0,0.0
20211222,2020-12-06,19:10,TACNA,PE-1S,1147.0,CHOQUE,0,0.0,19.0,2020,12,6,0,0.0,0.0,0.0
20211222,2020-12-06,12:20,PUNO,PE-3S,1298.0,CHOQUE,1,0.0,12.0,2020,12,6,1,5.2,5.2,20.0
20211222,2020-12-07,09:30,CAJAMARCA,PE-06B,5.0,DESPISTE,0,0.0,9.0,2020,12,0,0,14.2,14.2,6.0
20211222,2020-12-07,22:30,LIMA,PE-1N,6.0,CHOQUE,0,2.0,22.0,2020,12,0,0,4.7,4.7,7.0
20211222,2020-12-07,13:20,JUNIN,PE-3SA,24.0,DESPISTE,0,0.0,13.0,2020,12,0,0,14.2,14.2,18.0
20211222,2020-12-07,21:45,LIMA,PE-1N,41.0,CHOQUE,0,1.0,21.0,2020,12,0,0,4.7,4.7,7.0
20211222,2020-12-07,07:30,LIMA,PE-1N,54.0,CHOQUE,0,2.0,7.0,2020,12,0,0,4.7,4.7,7.0
20211222,2020-12-07,14:30,TACNA,PE-22B,57.0,DESPISTE,0,0.0,14.0,2020,12,0,0,0.0,0.0,0.0
20211222,2020-12-07,22:48,LIMA,PE-1N,70.0,CHOQUE,0,1.0,22.0,2020,12,0,0,4.7,4.7,7.0
20211222,2020-12-07,12:40,JUNIN,PE-3S,70.0,ATROPELLO,0,1.0,12.0,2020,12,0,0,14.2,14.2,18.0
20211222,2020-12-07,N.I.,LIMA,PE-1N,77.0,CHOQUE,0,1.0,,2020,12,0,0,4.7,4.7,7.0
20211222,2020-12-07,07:20,LIMA,PE-1N,107.0,DESPISTE,0,1.0,7.0,2020,12,0,0,4.7,4.7,7.0
20211222,2020-12-07,14:30,CUSCO,PE-28B,115.0,CHOQUE,0,0.0,14.0,2020,12,0,0,7.8,7.8,11.0
20211222,2020-12-07,05:05,JUNIN,PE-3S,128.0,VOLCADURA,0,0.0,5.0,2020,12,0,0,14.2,14.2,18.0
20211222,2020-12-07,08:30,JUNIN,PE-3N,152.0,DESPISTE,0,0.0,8.0,2020,12,0,0,14.2,14.2,18.0
20211222,2020-12-07,07:30,ICA,PE-1S,222.0,CHOQUE,0,1.0,7.0,2020,12,0,0,0.0,0.0,0.0
20211222,2020-12-07,17:15,ICA,PE-1S,223.0,DESPISTE,0,2.0,17.0,2020,12,0,0,0.0,0.0,0.0
20211222,2020-12-07,07:45,ICA,PE-1S,223.0,DESPISTE,0,0.0,7.0,2020,12,0,0,0.0,0.0,0.0
20211222,2020-12-07,06:00,ICA,PE-1S,223.0,DESPISTE,0,0.0,6.0,2020,12,0,0,0.0,0.0,0.0
20211222,2020-12-07,06:00,SAN MARTIN,PE-5N,654.0,ESPECIAL,0,0.0,6.0,2020,12,0,0,1.9,1.9,10.0
20211222,2020-12-07,09:15,AREQUIPA,PE-1S,902.0,CHOQUE,0,1.0,9.0,2020,12,0,0,0.0,0.0,0.0
20211222,2020-12-07,11:50,CUSCO,PE-3S,908.0,CHOQUE,0,1.0,11.0,2020,12,0,0,7.8,7.8,11.0
20211222,2020-12-07,12:30,CUSCO,PE-3S,,ATROPELLO,0,1.0,12.0,2020,12,0,0,7.8,7.8,11.0
20211222,2020-12-08,16:10,CUSCO,PE-34G,9.0,CHOQUE,0,4.0,16.0,2020,12,1,0,4.8,4.8,16.0
20211222,2020-12-08,07:45,LIMA,PE-1N,16.0,ESPECIAL,0,0.0,7.0,2020,12,1,0,0.2,0.2,2.0
20211222,2020-12-08,15:00,HUANUCO,PE-18B,41.0,VOLCADURA,0,0.0,15.0,2020,12,1,0,0.2,0.2,1.0
20211222,2020-12-08,09:50,LIMA,PE-1N,63.0,DESPISTE,0,0.0,9.0,2020,12,1,0,0.2,0.2,2.0
20211222,2020-12-08,16:10,LIMA,PE-22,63.0,CHOQUE,0,3.0,16.0,2020,12,1,0,0.2,0.2,2.0
20211222,2020-12-08,21:00,LIMA,PE-1S,68.0,DESPISTE,0,2.0,21.0,2020,12,1,0,0.2,0.2,2.0
20211222,2020-12-08,06:15,LIMA,PE-1S,92.0,DESPISTE,0,2.0,6.0,2020,12,1,0,0.2,0.2,2.0
20211222,2020-12-08,N.I.,LIMA,PE-1N,97.0,CHOQUE,0,1.0,,2020,12,1,0,0.2,0.2,2.0
20211222,2020-12-08,06:20,JUNIN,PE-22,139.0,DESPISTE,0,0.0,6.0,2020,12,1,0,7.4,7.4,9.0
20211222,2020-12-08,05:01,ANCASH,PE-1N,280.0,CHOQUE,0,2.0,5.0,2020,12,1,0,10.3,10.3,12.0
20211222,2020-12-08,17:40,ANCASH,PE-1N,353.0,DESPISTE,1,0.0,17.0,2020,12,1,1,10.3,10.3,12.0
20211222,2020-12-08,14:12,MOQUEGUA,PE-1S,1171.0,DESPISTE,0,0.0,14.0,2020,12,1,0,0.0,0.0,0.0
20211222,2020-12-09,19:40,ANCASH,AN-104,3.0,CHOQUE,0,1.0,19.0,2020,12,2,0,6.2,6.2,11.0
20211222,2020-12-09,17:30,LIMA,PE-1N,12.0,CHOQUE,1,0.0,17.0,2020,12,2,1,0.0,0.0,0.0
20211222,2020-12-09,20:45,LAMBAYEQUE,PE-1N,19.0,CHOQUE,0,4.0,20.0,2020,12,2,0,1.4,1.4,6.0
20211222,2020-12-09,06:00,LIMA,PE-1S,132.0,ATROPELLO,1,0.0,6.0,2020,12,2,1,0.0,0.0,0.0
20211222,2020-12-09,07:00,LIMA,PE-1S,139.0,ESPECIAL,0,0.0,7.0,2020,12,2,0,0.0,0.0,0.0
20211222,2020-12-09,05:30,AREQUIPA,PE-34A,149.0,CHOQUE,0,0.0,5.0,2020,12,2,0,0.0,0.0,0.0
20211222,2020-12-09,16:00,ANCASH,PE-16,152.0,CHOQUE,0,2.0,16.0,2020,12,2,0,6.2,6.2,11.0
20211222,2020-12-09,11:30,ANCASH,PE-1N,275.0,DESPISTE,0,1.0,11.0,2020,12,2,0,6.2,6.2,11.0
20211222,2020-12-09,20:00,AMAZONAS,PE-5N,345.0,CHOQUE,0,0.0,20.0,2020,12,2,0,0.0,0.0,0.0
20211222,2020-12-09,09:50,ANCASH,PE-1N,441.0,ATROPELLO,1,0.0,9.0,2020,12,2,1,6.2,6.2,11.0
20211222,2020-12-09,22:40,LA LIBERTAD,PE-1N,454.0,CHOQUE,0,1.0,22.0,2020,12,2,0,0.0,0.0,0.0
20211222,2020-12-09,16:20,HUANUCO,PE-5N,456.0,DESPISTE,0,0.0,16.0,2020,12,2,0,0.5,0.5,2.0
20211222,2020-12-09,09:40,SAN MARTIN,PE-5N,745.0,CHOQUE,0,1.0,9.0,2020,12,2,0,1.1,1.1,5.0
20211222,2020-12-09,00:30,TACNA,PE-1S,1105.0,CHOQUE,0,1.0,0.0,2020,12,2,0,0.0,0.0,0.0
20211222,2020-12-10,14:50,UCAYALI,PE-5N,17.0,DESPISTE,0,1.0,14.0,2020,12,3,0,8.2,8.2,4.0
20211222,2020-12-10,04:50,AREQUIPA,PE-1SD,19.0,DESPISTE,0,0.0,4.0,2020,12,3,0,0.0,0.0,0.0
20211222,2020-12-10,11:50,UCAYALI,PE-5N,28.0,CHOQUE,0,1.0,11.0,2020,12,3,0,8.2,8.2,4.0
20211222,2020-12-10,09:30,LIMA,PE-1N,30.0,CHOQUE,0,4.0,9.0,2020,12,3,0,0.0,0.0,0.0
20211222,2020-12-10,22:10,ANCASH,AN-111,36.0,DESPISTE,0,0.0,22.0,2020,12,3,0,11.8,11.8,9.0
20211222,2020-12-10,13:10,JUNIN,PE-3N,45.0,DESPISTE,0,0.0,13.0,2020,12,3,0,3.3,3.3,8.0
20211222,2020-12-10,09:50,ANCASH,AN-100,49.0,DESPISTE,0,1.0,9.0,2020,12,3,0,11.8,11.8,9.0
20211222,2020-12-10,13:30,LAMBAYEQUE,PE-1N,80.0,DESPISTE,0,2.0,13.0,2020,12,3,0,0.7,0.7,2.0
20211222,2020-12-10,09:00,LIMA,PE-1N,83.0,CHOQUE,0,1.0,9.0,2020,12,3,0,0.0,0.0,0.0
20211222,2020-12-10,12:30,LIMA,PE-1S,97.0,DESPISTE,0,0.0,12.0,2020,12,3,0,0.0,0.0,0.0
20211222,2020-12-10,19:00,LAMBAYEQUE,PE-06A,109.0,CHOQUE,0,0.0,19.0,2020,12,3,0,0.7,0.7,2.0
20211222,2020-12-10,03:00,LIMA,PE-1N,123.0,CHOQUE,1,2.0,3.0,2020,12,3,1,0.0,0.0,0.0
20211222,2020-12-10,07:20,LIMA,PE-1N,210.0,DESPISTE,0,0.0,7.0,2020,12,3,0,0.0,0.0,0.0
20211222,2020-12-10,05:00,ANCASH,PE-1N,409.0,CHOQUE,0,1.0,5.0,2020,12,3,0,11.8,11.8,9.0
20211222,2020-12-10,11:10,ICA,PE-1S,461.0,ATROPELLO,0,2.0,11.0,2020,12,3,0,0.0,0.0,0.0
20211222,2020-12-10,15:45,AREQUIPA,PE-1S,707.0,CHOQUE,0,1.0,15.0,2020,12,3,0,0.0,0.0,0.0
20211222,2020-12-11,23:00,AREQUIPA,AR-115,2.0,DESPISTE,0,1.0,23.0,2020,12,4,0,0.0,0.0,0.0
20211222,2020-12-11,12:00,AMAZONAS,PE-5N,7.0,CHOQUE,0,4.0,12.0,2020,12,4,0,1.9,1.9,13.0
20211222,2020-12-11,20:10,PUNO,PE-34H,39.0,CHOQUE,0,4.0,20.0,2020,12,4,0,0.4,0.4,1.0
20211222,2020-12-11,21:00,LIMA,PE-22,54.0,DESPISTE,0,1.0,21.0,2020,12,4,0,0.0,0.0,0.0
20211222,2020-12-11,08:00,LIMA,PE-1N,75.0,CHOQUE,0,0.0,8.0,2020,12,4,0,0.0,0.0,0.0
20211222,2020-12-11,18:20,LIMA,PE-22,87.0,DESPISTE,0,0.0,18.0,2020,12,4,0,0.0,0.0,0.0
20211222,2020-12-11,05:40,AREQUIPA,PE-34A,124.0,CHOQUE,1,1.0,5.0,2020,12,4,1,0.0,0.0,0.0
20211222,2020-12-11,12:30,AMAZONAS,PE-5N,237.0,CHOQUE,0,2.0,12.0,2020,12,4,0,1.9,1.9,13.0
20211222,2020-12-11,16:30,ICA,PE-1S,247.0,CHOQUE,0,2.0,16.0,2020,12,4,0,0.0,0.0,0.0
20211222,2020-12-11,13:10,AREQUIPA,PE-1S,525.0,CHOQUE,0,2.0,13.0,2020,12,4,0,0.0,0.0,0.0
20211222,2020-12-11,18:50,PIURA,PE-1N,1112.0,DESPISTE,0,1.0,18.0,2020,12,4,0,2.2,2.2,3.0
20211222,2020-12-11,17:30,TACNA,PE-1S,1127.0,DESPISTE,0,0.0,17.0,2020,12,4,0,0.0,0.0,0.0
20211222,2020-12-11,20:00,LA LIBERTAD,PE-10A,,CHOQUE,1,2.0,20.0,2020,12,4,1,0.0,0.0,0.0
20211222,2020-12-12,08:20,JUNIN,PE-3S,53.0,CHOQUE,0,0.0,8.0,2020,12,5,0,0.3,0.3,3.0
20211222,2020-12-12,08:00,JUNIN,PE-3S,53.0,CHOQUE,0,1.0,8.0,2020,12,5,0,0.3,0.3,3.0
20211222,2020-12-12,13:50,JUNIN,PE-3S,80.0,CHOQUE,0,0.0,13.0,2020,12,5,0,0.3,0.3,3.0
20211222,2020-12-12,14:00,LIMA,PE-1N,84.0,CHOQUE,0,4.0,14.0,2020,12,5,0,0.0,0.0,0.0
20211222,2020-12-12,21:45,LIMA,PE-1S,94.0,CHOQUE,0,3.0,21.0,2020,12,5,0,0.0,0.0,0.0
20211222,2020-12-12,09:30,LIMA,PE-1S,116.0,DESPISTE,0,3.0,9.0,2020,12,5,0,0.0,0.0,0.0
20211222,2020-12-12,23:15,CAJAMARCA,PE-08,160.0,CHOQUE,0,1.0,23.0,2020,12,5,0,0.5,0.5,5.0
20211222,2020-12-12,10:14,LIMA,PE-1S,164.0,ESPECIAL,0,0.0,10.0,2020,12,5,0,0.0,0.0,0.0
20211222,2020-12-12,13:00,APURIMAC,PE-30A,355.0,DESPISTE,0,13.0,13.0,2020,12,5,0,4.0,4.0,7.0
20211222,2020-12-12,21:00,MADRE DE DIOS,PE-30C,379.0,CHOQUE,0,1.0,21.0,2020,12,5,0,6.3,6.3,15.0
20211222,2020-12-12,18:05,LA LIBERTAD,PE-1N,508.0,CHOQUE,0,0.0,18.0,2020,12,5,0,5.7,5.7,4.0
20211222,2020-12-12,23:30,LA LIBERTAD,PE-1N,649.0,DESPISTE,1,0.0,23.0,2020,12,5,1,5.7,5.7,4.0
20211222,2020-12-12,08:45,TUMBES,TU-101,,DESPISTE,1,1.0,8.0,2020,12,5,1,0.1,0.1,1.0
20211222,2020-12-13,12:15,CAJAMARCA,PE-3N,12.0,VOLCADURA,0,0.0,12.0,2020,12,6,0,1.0,1.0,9.0
20211222,2020-12-13,10:50,JUNIN,PE-22,49.0,DESPISTE,0,1.0,10.0,2020,12,6,0,0.1,0.1,1.0
20211222,2020-12-13,02:30,LAMBAYEQUE,PE-06A,63.0,ATROPELLO,0,3.0,2.0,2020,12,6,0,0.3,0.3,3.0
20211222,2020-12-13,13:30,JUNIN,PE-22B,72.0,DESPISTE,0,2.0,13.0,2020,12,6,0,0.1,0.1,1.0
20211222,2020-12-13,16:00,JUNIN,PE-3S,79.0,DESPISTE,0,1.0,16.0,2020,12,6,0,0.1,0.1,1.0
20211222,2020-12-13,00:15,LIMA,PE-1S,94.0,DESPISTE,0,1.0,0.0,2020,12,6,0,0.1,0.1,1.0
20211222,2020-12-13,11:30,LIMA,PE-22,110.0,DESPISTE,0,0.0,11.0,2020,12,6,0,0.1,0.1,1.0
20211222,2020-12-13,05:00,JUNIN,PE-22,157.0,DESPISTE,0,0.0,5.0,2020,12,6,0,0.1,0.1,1.0
20211222,2020-12-13,12:30,AREQUIPA,PE-34A,164.0,ATROPELLO,0,1.0,12.0,2020,12,6,0,0.0,0.0,0.0
20211222,2020-12-13,00:30,PUNO,PE-34A,218.0,CHOQUE,0,3.0,0.0,2020,12,6,0,0.7,0.7,3.0
20211222,2020-12-13,22:10,LAMBAYEQUE,PE-1N,811.0,ATROPELLO,1,0.0,22.0,2020,12,6,1,0.3,0.3,3.0
20211222,2020-12-13,16:40,LAMBAYEQUE,PE-1N,877.0,DESPISTE,0,2.0,16.0,2020,12,6,0,0.3,0.3,3.0
20211222,2020-12-13,13:00,ANCASH,AN-625,,DESPISTE,0,2.0,13.0,2020,12,6,0,19.6,19.5,17.0
20211222,2020-12-13,10:20,CAJAMARCA,PE-5N,,ESPECIAL,0,0.0,10.0,2020,12,6,0,1.0,1.0,9.0
20211222,2020-12-14,23:15,LIMA,PE-1S,6.0,CHOQUE,0,0.0,23.0,2020,12,0,0,0.0,0.0,0.0
20211222,2020-12-14,13:15,ICA,PE-28A,27.0,DESPISTE,0,1.0,13.0,2020,12,0,0,0.0,0.0,0.0
20211222,2020-12-14,17:55,LIMA,PE-1S,29.0,DESPISTE,1,1.0,17.0,2020,12,0,1,0.0,0.0,0.0
20211222,2020-12-14,15:30,JUNIN,PE-22,31.0,DESPISTE,0,1.0,15.0,2020,12,0,0,0.3,0.3,3.0
20211222,2020-12-14,21:50,PIURA,PE-02,40.0,DESPISTE,0,2.0,21.0,2020,12,0,0,0.6,0.6,2.0
20211222,2020-12-14,21:00,CAJAMARCA,PE-08,58.0,VOLCADURA,0,1.0,21.0,2020,12,0,0,0.9,0.9,7.0
20211222,2020-12-14,07:45,JUNIN,PE-22B,67.0,DESPISTE,1,1.0,7.0,2020,12,0,1,0.3,0.3,3.0
20211222,2020-12-14,06:48,JUNIN,PE-3S,67.0,DESPISTE,0,0.0,6.0,2020,12,0,0,0.3,0.3,3.0
20211222,2020-12-14,07:30,LIMA,PE-1S,104.0,ATROPELLO,0,1.0,7.0,2020,12,0,0,0.0,0.0,0.0
20211222,2020-12-14,21:00,HUANUCO,PE-18A,115.0,CHOQUE,0,1.0,21.0,2020,12,0,0,0.5,0.5,5.0
20211222,2020-12-14,15:49,LIMA,PE-1N,142.0,DESPISTE,0,1.0,15.0,2020,12,0,0,0.0,0.0,0.0
20211222,2020-12-14,16:30,PUNO,PE-34A,192.0,CHOQUE,11,12.0,16.0,2020,12,0,1,0.9,0.9,3.0
20211222,2020-12-14,00:40,MOQUEGUA,PE-1SD,205.0,DESPISTE,0,0.0,0.0,2020,12,0,0,0.0,0.0,0.0
20211222,2020-12-14,16:30,CUSCO,PE-28B,241.0,DESPISTE,0,2.0,16.0,2020,12,0,0,1.8,1.8,7.0
20211222,2020-12-14,12:35,APURIMAC,PE-30A,307.0,DESPISTE,0,0.0,12.0,2020,12,0,0,1.2,1.2,8.0
20211222,2020-12-14,03:00,LA LIBERTAD,PE-1N,696.0,CHOQUE,1,0.0,3.0,2020,12,0,1,0.0,0.0,0.0
20211222,2020-12-14,10:15,LAMBAYEQUE,PE-1N,697.0,CHOQUE,0,2.0,10.0,2020,12,0,0,0.0,0.0,0.0
20211222,2020-12-14,06:55,AREQUIPA,PE-1S,929.0,CHOQUE,0,1.0,6.0,2020,12,0,0,0.0,0.0,0.0
20211222,2020-12-15,17:20,PUNO,PE-34B,1.0,DESPISTE,0,2.0,17.0,2020,12,1,0,0.0,0.0,0.0
20211222,2020-12-15,17:25,LORETO,LO-103,9.0,CHOQUE,0,2.0,17.0,2020,12,1,0,2.3,2.3,6.0
20211222,2020-12-15,17:39,PIURA,PE-02,23.0,DESPISTE,0,3.0,17.0,2020,12,1,0,10.2,10.2,12.0
20211222,2020-12-15,06:15,LIMA,PE-1S,26.0,CHOQUE,0,0.0,6.0,2020,12,1,0,0.0,0.0,0.0
20211222,2020-12-15,17:00,AMAZONAS,PE-08B,43.0,CHOQUE,0,0.0,17.0,2020,12,1,0,2.3,2.3,8.0
20211222,2020-12-15,20:30,LIMA,PE-22,50.0,DESPISTE,0,0.0,20.0,2020,12,1,0,0.0,0.0,0.0
20211222,2020-12-15,16:30,ANCASH,PE-16,117.0,CHOQUE,0,0.0,16.0,2020,12,1,0,9.0,9.0,10.0
20211222,2020-12-15,07:00,JUNIN,PE-22,135.0,VOLCADURA,0,0.0,7.0,2020,12,1,0,6.3,6.3,7.0
20211222,2020-12-15,22:40,LIMA,PE-1S,172.0,DESPISTE,0,2.0,22.0,2020,12,1,0,0.0,0.0,0.0
20211222,2020-12-15,05:30,ICA,PE-1S,213.0,CHOQUE,0,1.0,5.0,2020,12,1,0,0.0,0.0,0.0
20211222,2020-12-15,01:30,ANCASH,PE-1N,292.0,DESPISTE,0,1.0,1.0,2020,12,1,0,9.0,9.0,10.0
20211222,2020-12-15,04:15,ICA,PE-1S,333.0,DESPISTE,0,0.0,4.0,2020,12,1,0,0.0,0.0,0.0
20211222,2020-12-15,19:40,ANCASH,PE-1N,386.0,DESPISTE,0,1.0,19.0,2020,12,1,0,9.0,9.0,10.0
20211222,2020-12-15,07:40,PUNO,PE-3S,1274.0,CHOQUE,1,2.0,7.0,2020,12,1,1,0.0,0.0,0.0
20211222,2020-12-16,21:55,CAJAMARCA,PE-06B,6.0,CHOQUE,0,0.0,21.0,2020,12,2,0,1.9,1.9,9.0
20211222,2020-12-16,03:05,AREQUIPA,AR-105,14.0,CHOQUE,0,0.0,3.0,2020,12,2,0,0.0,0.0,0.0
20211222,2020-12-16,07:25,LIMA,PE-1N,62.0,DESPISTE,0,0.0,7.0,2020,12,2,0,0.2,0.2,1.0
20211222,2020-12-16,01:30,LAMBAYEQUE,PE-1NJ,66.0,CHOQUE,0,1.0,1.0,2020,12,2,0,0.0,0.0,0.0
20211222,2020-12-16,14:50,HUANUCO,PE-18A,69.0,CHOQUE,0,3.0,14.0,2020,12,2,0,0.0,0.0,0.0
20211222,2020-12-16,22:00,CAJAMARCA,PE-08B,89.0,DESPISTE,0,1.0,22.0,2020,12,2,0,1.9,1.9,9.0
20211222,2020-12-16,11:30,LIMA,PE-22,111.0,CHOQUE,0,0.0,11.0,2020,12,2,0,0.2,0.2,1.0
20211222,2020-12-16,02:30,MOQUEGUA,PE-1SD,218.0,DESPISTE,0,0.0,2.0,2020,12,2,0,0.0,0.0,0.0
20211222,2020-12-16,16:40,AMAZONAS,PE-5N,268.0,CHOQUE,0,2.0,16.0,2020,12,2,0,2.2,2.2,10.0
20211222,2020-12-16,14:00,ICA,PE-1S,333.0,CHOQUE,0,1.0,14.0,2020,12,2,0,0.0,0.0,0.0
20211222,2020-12-16,17:45,SAN MARTIN,PE-5N,392.0,CHOQUE,0,3.0,17.0,2020,12,2,0,5.9,5.9,11.0
20211222,2020-12-16,08:30,SAN MARTIN,PE-5N,472.0,CHOQUE,0,2.0,8.0,2020,12,2,0,5.9,5.9,11.0
20211222,2020-12-17,13:30,CAJAMARCA,PE-08,37.0,DESPISTE,0,2.0,13.0,2020,12,3,0,1.1,1.1,4.0
20211222,2020-12-17,17:00,JUNIN,PE-3S,108.0,CHOQUE,0,3.0,17.0,2020,12,3,0,2.2,2.2,9.0
20211222,2020-12-17,19:20,JUNIN,PE-22,136.0,CHOQUE,1,1.0,19.0,2020,12,3,1,2.2,2.2,9.0
20211222,2020-12-17,04:50,LIMA,PE-1N,185.0,DESPISTE,0,0.0,4.0,2020,12,3,0,0.0,0.0,0.0
20211222,2020-12-17,18:25,ICA,PE-1S,220.0,ATROPELLO,0,2.0,18.0,2020,12,3,0,0.8,0.8,2.0
20211222,2020-12-17,12:30,AMAZONAS,PE-5N,238.0,CHOQUE,0,1.0,12.0,2020,12,3,0,2.0,2.0,7.0
20211222,2020-12-17,22:00,ICA,PE-1S,297.0,CHOQUE,0,0.0,22.0,2020,12,3,0,0.8,0.8,2.0
20211222,2020-12-17,10:45,ICA,PE-1S,418.0,DESPISTE,0,4.0,10.0,2020,12,3,0,0.8,0.8,2.0
20211222,2020-12-17,14:30,SAN MARTIN,PE-5N,469.0,CHOQUE,0,1.0,14.0,2020,12,3,0,1.6,1.6,10.0
20211222,2020-12-17,10:00,HUANUCO,PE-5N,479.0,DESPISTE,0,1.0,10.0,2020,12,3,0,0.1,0.1,1.0
20211222,2020-12-18,12:40,AREQUIPA,PE-34A,3.0,CHOQUE,0,3.0,12.0,2020,12,4,0,0.0,0.0,0.0
20211222,2020-12-18,03:30,LIMA,PE-1S,9.0,CHOQUE,1,1.0,3.0,2020,12,4,1,0.9,0.9,5.0
20211222,2020-12-18,17:00,UCAYALI,PE-5N,26.0,CHOQUE,0,3.0,17.0,2020,12,4,0,6.8,6.8,11.0
20211222,2020-12-18,15:10,CAJAMARCA,PE-08B,39.0,DESPISTE,0,3.0,15.0,2020,12,4,0,12.5,12.5,9.0
20211222,2020-12-18,20:50,JUNIN,PE-3S,64.0,DESPISTE,0,3.0,20.0,2020,12,4,0,7.1,7.1,13.0
20211222,2020-12-18,14:45,JUNIN,AN-110,66.0,DESPISTE,0,1.0,14.0,2020,12,4,0,7.1,7.1,13.0
20211222,2020-12-18,15:10,LIMA,PE-22,94.0,CHOQUE,0,2.0,15.0,2020,12,4,0,0.9,0.9,5.0
20211222,2020-12-18,11:05,AREQUIPA,PE-34A,104.0,DESPISTE,0,0.0,11.0,2020,12,4,0,0.0,0.0,0.0
20211222,2020-12-18,03:30,JUNIN,PE-28A,160.0,CHOQUE,0,4.0,3.0,2020,12,4,0,7.1,7.1,13.0
20211222,2020-12-18,20:00,ICA,PE-1S,209.0,CHOQUE,0,1.0,20.0,2020,12,4,0,0.9,0.9,3.0
20211222,2020-12-18,23:50,AYACUCHO,PE-28A,240.0,DESPISTE,0,0.0,23.0,2020,12,4,0,0.1,0.1,1.0
20211222,2020-12-18,05:00,ANCASH,PE-1N,256.0,DESPISTE,0,1.0,5.0,2020,12,4,0,28.1,28.1,16.0
20211222,2020-12-18,23:20,APURIMAC,PE-30A,347.0,CHOQUE,0,4.0,23.0,2020,12,4,0,4.7,4.7,9.0
20211222,2020-12-18,21:30,APURIMAC,PE-30A,401.0,CHOQUE,0,0.0,21.0,2020,12,4,0,4.7,4.7,9.0
20211222,2020-12-18,15:50,JUNIN,PE-5N,467.0,CHOQUE,0,1.0,15.0,2020,12,4,0,7.1,7.1,13.0
20211222,2020-12-18,06:30,SAN MARTIN,PE-5N,701.0,CHOQUE,0,2.0,6.0,2020,12,4,0,8.3,8.3,15.0
20211222,2020-12-18,13:15,LA LIBERTAD,PE-1N,717.0,DESPISTE,0,1.0,13.0,2020,12,4,0,0.0,0.0,0.0
20211222,2020-12-18,17:50,CUSCO,PE-3S,901.0,CHOQUE,0,2.0,17.0,2020,12,4,0,1.6,1.6,6.0
20211222,2020-12-19,17:22,AREQUIPA,AR-105,2.0,DESPISTE,0,1.0,17.0,2020,12,5,0,0.0,0.0,0.0
20211222,2020-12-19,12:40,AREQUIPA,PE-1S,16.0,CHOQUE,0,2.0,12.0,2020,12,5,0,0.0,0.0,0.0
20211222,2020-12-19,21:50,PIURA,PE-02A,18.0,CHOQUE,0,3.0,21.0,2020,12,5,0,0.0,0.0,0.0
20211222,2020-12-19,09:00,LIMA,PE-1N,83.0,CHOQUE,0,0.0,9.0,2020,12,5,0,0.0,0.0,0.0
20211222,2020-12-19,12:30,LIMA,PE-1S,96.0,VOLCADURA,0,1.0,12.0,2020,12,5,0,0.0,0.0,0.0
20211222,2020-12-19,07:00,PUNO,PE-36A,140.0,CHOQUE,1,0.0,7.0,2020,12,5,1,1.2,1.2,3.0
20211222,2020-12-19,07:00,PUNO,PE-34B,153.0,CHOQUE,3,0.0,7.0,2020,12,5,1,1.2,1.2,3.0
20211222,2020-12-19,14:15,UCAYALI,PE-18C,156.0,DESPISTE,0,1.0,14.0,2020,12,5,0,0.6,0.6,5.0
20211222,2020-12-19,20:00,UCAYALI,PE-18C,165.0,CHOQUE,0,3.0,20.0,2020,12,5,0,0.6,0.6,5.0
20211222,2020-12-19,23:18,PUNO,PE-34A,221.0,CHOQUE,0,3.0,23.0,2020,12,5,0,1.2,1.2,3.0
20211222,2020-12-19,23:35,ICA,PE-1S,308.0,CHOQUE,0,2.0,23.0,2020,12,5,0,0.0,0.0,0.0
20211222,2020-12-19,08:50,AYACUCHO,PE-3S,486.0,CHOQUE,0,0.0,8.0,2020,12,5,0,2.8,2.8,1.0
20211222,2020-12-19,21:00,SAN MARTIN,PE-5N,493.0,CHOQUE,0,1.0,21.0,2020,12,5,0,6.2,6.2,6.0
20211222,2020-12-19,21:00,SAN MARTIN,PE-5N,578.0,DESPISTE,0,0.0,21.0,2020,12,5,0,6.2,6.2,6.0
20211222,2020-12-19,15:00,AREQUIPA,PE-1S,606.0,VOLCADURA,0,1.0,15.0,2020,12,5,0,0.0,0.0,0.0
20211222,2020-12-19,06:20,AREQUIPA,PE-1S,680.0,CHOQUE,0,0.0,6.0,2020,12,5,0,0.0,0.0,0.0
20211222,2020-12-19,18:15,AREQUIPA,PE-1S,788.0,CHOQUE,0,4.0,18.0,2020,12,5,0,0.0,0.0,0.0
20211222,2020-12-19,18:15,AREQUIPA,PE-1S,874.0,CHOQUE,0,0.0,18.0,2020,12,5,0,0.0,0.0,0.0
20211222,2020-12-19,22:45,AREQUIPA,PE-1S,920.0,CHOQUE,0,0.0,22.0,2020,12,5,0,0.0,0.0,0.0
20211222,2020-12-20,23:00,AREQUIPA,PE-3S,10.0,DESPISTE,0,2.0,23.0,2020,12,6,0,0.0,0.0,0.0
20211222,2020-12-20,14:45,PUNO,PE-38A,35.0,DESPISTE,0,3.0,14.0,2020,12,6,0,4.7,4.7,13.0
20211222,2020-12-20,10:50,LIMA,PE-1N,75.0,ATROPELLO,0,2.0,10.0,2020,12,6,0,0.0,0.0,0.0
20211222,2020-12-20,13:00,LIMA,PE-1S,84.0,CHOQUE,0,0.0,13.0,2020,12,6,0,0.0,0.0,0.0
20211222,2020-12-20,18:10,LIMA,PE-1S,115.0,CHOQUE,0,0.0,18.0,2020,12,6,0,0.0,0.0,0.0
20211222,2020-12-20,01:30,LIMA,PE-22,127.0,DESPISTE,0,0.0,1.0,2020,12,6,0,0.0,0.0,0.0
20211222,2020-12-20,09:00,AYACUCHO,PE-22,136.0,CHOQUE,0,0.0,9.0,2020,12,6,0,1.4,1.4,6.0
20211222,2020-12-20,23:40,LIMA,PE-1S,142.0,DESPISTE,0,2.0,23.0,2020,12,6,0,0.0,0.0,0.0
20211222,2020-12-20,05:54,LIMA,PE-1S,163.0,DESPISTE,0,0.0,5.0,2020,12,6,0,0.0,0.0,0.0
20211222,2020-12-20,06:20,LIMA,PE-1S,164.0,DESPISTE,0,0.0,6.0,2020,12,6,0,0.0,0.0,0.0
20211222,2020-12-20,20:00,UCAYALI,PE-18C,168.0,CHOQUE,1,0.0,20.0,2020,12,6,1,0.2,0.2,2.0
20211222,2020-12-20,00:30,ICA,PE-1S,261.0,CHOQUE,0,2.0,0.0,2020,12,6,0,0.0,0.0,0.0
20211222,2020-12-20,07:20,PUNO,PE-34B,299.0,CHOQUE,0,0.0,7.0,2020,12,6,0,4.7,4.7,13.0
20211222,2020-12-20,09:00,ICA,PE-1S,307.0,CHOQUE,0,0.0,9.0,2020,12,6,0,0.0,0.0,0.0
20211222,2020-12-20,21:00,APURIMAC,PE-30A,330.0,CHOQUE,0,8.0,21.0,2020,12,6,0,1.2,1.2,11.0
20211222,2020-12-20,14:00,AYACUCHO,PE-3S,356.0,CHOQUE,0,1.0,14.0,2020,12,6,0,1.4,1.4,6.0
20211222,2020-12-20,08:55,MADRE DE DIOS,PE-30C,418.0,DESPISTE,1,0.0,8.0,2020,12,6,1,5.4,5.4,7.0
20211222,2020-12-20,05:40,LA LIBERTAD,PE-1N,461.0,DESPISTE,0,0.0,5.0,2020,12,6,0,0.0,0.0,0.0
20211222,2020-12-20,06:00,AREQUIPA,PE-1S,516.0,CHOQUE,0,1.0,6.0,2020,12,6,0,0.0,0.0,0.0
20211222,2020-12-20,06:45,JUNIN,PE-5N,524.0,DESPISTE,0,0.0,6.0,2020,12,6,0,5.5,5.5,11.0
20211222,2020-12-20,19:15,TACNA,PE-1S,1283.0,CHOQUE,0,2.0,19.0,2020,12,6,0,0.0,0.0,0.0
20211222,2020-12-21,11:15,JUNIN,PE-3N,1.0,CHOQUE,1,0.0,11.0,2020,12,0,1,2.1,2.1,6.0
20211222,2020-12-21,21:15,JUNIN,PE-22,12.0,CHOQUE,0,1.0,21.0,2020,12,0,0,2.1,2.1,6.0
20211222,2020-12-21,07:12,TACNA,PE-1SD,21.0,CHOQUE,0,1.0,7.0,2020,12,0,0,0.0,0.0,0.0
20211222,2020-12-21,18:30,CUSCO,PE-28B,113.0,CHOQUE,0,0.0,18.0,2020,12,0,0,12.8,12.8,19.0
20211222,2020-12-21,17:10,ANCASH,PE-16,172.0,CHOQUE,2,1.0,17.0,2020,12,0,1,1.1,1.1,7.0
20211222,2020-12-21,23:40,PUNO,PE-34B,251.0,CHOQUE,0,0.0,23.0,2020,12,0,0,5.1,5.1,15.0
20211222,2020-12-21,20:20,PUNO,PE-34A,262.0,CHOQUE,0,2.0,20.0,2020,12,0,0,5.1,5.1,15.0
20211222,2020-12-21,01:00,ICA,PE-1S,320.0,CHOQUE,1,0.0,1.0,2020,12,0,1,0.0,0.0,0.0
20211222,2020-12-21,07:30,ANCASH,PE-1N,344.0,DESPISTE,0,0.0,7.0,2020,12,0,0,1.1,1.1,7.0
20211222,2020-12-21,11:45,MADRE DE DIOS,PE-30C,413.0,DESPISTE,0,1.0,11.0,2020,12,0,0,17.7,17.7,16.0
20211222,2020-12-21,19:55,SAN MARTIN,PE-5N,506.0,DESPISTE,1,0.0,19.0,2020,12,0,1,1.3,1.3,5.0
20211222,2020-12-21,16:15,LAMBAYEQUE,PE-1N,774.0,DESPISTE,0,0.0,16.0,2020,12,0,0,0.0,0.0,0.0
20211222,2020-12-21,14:02,AREQUIPA,PE-1S,853.0,CHOQUE,0,2.0,14.0,2020,12,0,0,0.0,0.0,0.0
20211222,2020-12-21,19:30,CUSCO,PE-3S,1064.0,CHOQUE,0,1.0,19.0,2020,12,0,0,12.8,12.8,19.0
20211222,2020-12-21,14:30,PUNO,PE-3S,1241.0,DESPISTE,0,0.0,14.0,2020,12,0,0,5.1,5.1,15.0
20211222,2020-12-21,12:00,PUNO,PE-3S,1275.0,DESPISTE,1,0.0,12.0,2020,12,0,1,5.1,5.1,15.0
20211222,2020-12-21,12:50,PUNO,PE-3S,1298.0,DESPISTE,0,2.0,12.0,2020,12,0,0,5.1,5.1,15.0
20211222,2020-12-21,09:50,PUNO,PE-3S,1326.0,DESPISTE,0,5.0,9.0,2020,12,0,0,5.1,5.1,15.0
20211222,2020-12-21,06:00,PUNO,PE-3S,1353.0,DESPISTE,0,0.0,6.0,2020,12,0,0,5.1,5.1,15.0
20211222,2020-12-22,18:20,CAJAMARCA,PE-5N,5.0,CHOQUE,0,1.0,18.0,2020,12,1,0,3.1,3.1,14.0
20211222,2020-12-22,22:10,PUNO,PE-34H,13.0,CHOQUE,0,1.0,22.0,2020,12,1,0,6.6,6.6,16.0
20211222,2020-12-22,17:00,ANCASH,AN-110,22.0,CHOQUE,0,3.0,17.0,2020,12,1,0,4.8,4.8,10.0
20211222,2020-12-22,17:00,JUNIN,PE-22,33.0,DESPISTE,0,1.0,17.0,2020,12,1,0,11.1,11.1,15.0
20211222,2020-12-22,14:20,LIMA,PE-1S,50.0,DESPISTE,0,0.0,14.0,2020,12,1,0,0.0,0.0,0.0
20211222,2020-12-22,14:10,LIMA,PE-22,88.0,DESPISTE,0,3.0,14.0,2020,12,1,0,0.0,0.0,0.0
20211222,2020-12-22,11:58,CAJAMARCA,PE-08,89.0,DESPISTE,0,1.0,11.0,2020,12,1,0,3.1,3.1,14.0
20211222,2020-12-22,17:30,LIMA,PE-1S,110.0,CHOQUE,0,2.0,17.0,2020,12,1,0,0.0,0.0,0.0
20211222,2020-12-22,15:10,AREQUIPA,PE-34A,123.0,DESPISTE,0,0.0,15.0,2020,12,1,0,3.0,3.0,3.0
20211222,2020-12-22,03:10,AREQUIPA,PE-34A,123.0,CHOQUE,0,0.0,3.0,2020,12,1,0,3.0,3.0,3.0
20211222,2020-12-22,20:15,PUNO,PE-34A,196.0,CHOQUE,0,1.0,20.0,2020,12,1,0,6.6,6.6,16.0
20211222,2020-12-22,00:30,PUNO,PE-34A,211.0,DESPISTE,0,0.0,0.0,2020,12,1,0,6.6,6.6,16.0
20211222,2020-12-22,13:15,JUNIN,PE-3N,214.0,CHOQUE,0,2.0,13.0,2020,12,1,0,11.1,11.1,15.0
20211222,2020-12-22,13:30,LAMBAYEQUE,PE-1N,708.0,CHOQUE,0,2.0,13.0,2020,12,1,0,0.0,0.0,0.0
20211222,2020-12-22,02:00,LAMBAYEQUE,PE-1N,800.0,CHOQUE,0,2.0,2.0,2020,12,1,0,0.0,0.0,0.0
20211222,2020-12-22,12:50,LAMBAYEQUE,PE-1N,828.0,CHOQUE,0,0.0,12.0,2020,12,1,0,0.0,0.0,0.0
20211222,2020-12-22,16:00,APURIMAC,PE-3S,832.0,CHOQUE,0,0.0,16.0,2020,12,1,0,19.6,19.6,23.0
20211222,2020-12-23,17:30,LAMBAYEQUE,PE-08,3.0,CHOQUE,0,2.0,17.0,2020,12,2,0,1.7,1.7,5.0
20211222,2020-12-23,16:15,AREQUIPA,PE-34A,3.0,CHOQUE,0,0.0,16.0,2020,12,2,0,1.0,1.0,5.0
20211222,2020-12-23,14:30,AREQUIPA,PE-34A,35.0,CHOQUE,0,0.0,14.0,2020,12,2,0,1.0,1.0,5.0
20211222,2020-12-23,21:05,JUNIN,PE-22,42.0,CHOQUE,1,0.0,21.0,2020,12,2,1,7.4,7.4,10.0
20211222,2020-12-23,09:50,PUNO,PE-34H,45.0,DESPISTE,0,0.0,9.0,2020,12,2,0,5.3,5.3,16.0
20211222,2020-12-23,05:40,LIMA,PE-1S,98.0,DESPISTE,0,0.0,5.0,2020,12,2,0,0.0,0.0,0.0
20211222,2020-12-23,22:30,CUSCO,PE-28B,122.0,CHOQUE,0,4.0,22.0,2020,12,2,0,0.5,0.5,4.0
20211222,2020-12-23,11:10,PIURA,PE-1NJ,190.0,CHOQUE,0,1.0,11.0,2020,12,2,0,0.2,0.2,1.0
20211222,2020-12-23,07:00,AYACUCHO,PE-3S,418.0,CHOQUE,0,9.0,7.0,2020,12,2,0,5.3,5.3,12.0
20211222,2020-12-23,23:45,SAN MARTIN,PE-5N,506.0,DESPISTE,0,1.0,23.0,2020,12,2,0,0.4,0.4,3.0
20211222,2020-12-23,02:30,SAN MARTIN,PE-5N,633.0,CHOQUE,1,0.0,2.0,2020,12,2,1,0.4,0.4,3.0
20211222,2020-12-23,17:30,APURIMAC,PE-30A,856.0,CHOQUE,0,3.0,17.0,2020,12,2,0,9.7,9.7,19.0
20211222,2020-12-23,00:50,LAMBAYEQUE,PE-1N,877.0,DESPISTE,0,0.0,0.0,2020,12,2,0,1.7,1.7,5.0
20211222,2020-12-23,14:30,CUSCO,PE-3S,1030.0,ATROPELLO,0,1.0,14.0,2020,12,2,0,0.5,0.5,4.0
20211222,2020-12-23,12:45,CUSCO,PE-3S,1080.0,CHOQUE,0,2.0,12.0,2020,12,2,0,0.5,0.5,4.0
20211222,2020-12-23,21:00,LAMBAYEQUE,N.I.,,CHOQUE,0,2.0,21.0,2020,12,2,0,1.7,1.7,5.0
20211222,2020-12-24,19:40,JUNIN,PE-22,10.0,DESPISTE,0,0.0,19.0,2020,12,3,0,3.8,3.8,15.0
20211222,2020-12-24,06:00,JUNIN,PE-22,49.0,CHOQUE,0,2.0,6.0,2020,12,3,0,3.8,3.8,15.0
20211222,2020-12-24,06:00,PUNO,PE-36B,66.0,DESPISTE,0,0.0,6.0,2020,12,3,0,5.8,5.8,15.0
20211222,2020-12-24,16:30,LIMA,PE-22,111.0,CHOQUE,0,1.0,16.0,2020,12,3,0,0.0,0.0,0.0
20211222,2020-12-24,03:11,LIMA,PE-1S,140.0,DESPISTE,0,1.0,3.0,2020,12,3,0,0.0,0.0,0.0
20211222,2020-12-24,22:20,LIMA,PE-1N,142.0,CHOQUE,1,0.0,22.0,2020,12,3,1,0.0,0.0,0.0
20211222,2020-12-24,03:30,PUNO,PE-3S,1208.0,CHOQUE,0,1.0,3.0,2020,12,3,0,5.8,5.8,15.0
20211222,2020-12-25,17:15,CUSCO,PE-34F,37.0,CHOQUE,0,3.0,17.0,2020,12,4,0,11.1,11.1,14.0
20211222,2020-12-25,07:10,PIURA,PE-1NL,39.0,DESPISTE,0,1.0,7.0,2020,12,4,0,0.0,0.0,0.0
20211222,2020-12-25,15:00,CUSCO,CU-130,50.0,DESPISTE,0,26.0,15.0,2020,12,4,0,11.1,11.1,14.0
20211222,2020-12-25,19:20,PUNO,PE-34H,67.0,ATROPELLO,0,1.0,19.0,2020,12,4,0,6.4,6.4,21.0
20211222,2020-12-25,18:35,LIMA,PE-1N,102.0,CHOQUE,0,0.0,18.0,2020,12,4,0,1.1,1.1,5.0
20211222,2020-12-25,02:45,LIMA,PE-1N,120.0,CHOQUE,0,2.0,2.0,2020,12,4,0,1.1,1.1,5.0
20211222,2020-12-25,22:00,AREQUIPA,PE-34A,148.0,CHOQUE,1,0.0,22.0,2020,12,4,1,0.9,0.9,6.0
20211222,2020-12-25,10:10,PUNO,PE-36A,301.0,CHOQUE,0,2.0,10.0,2020,12,4,0,6.4,6.4,21.0
20211222,2020-12-25,18:30,SAN MARTIN,PE-5N,711.0,DESPISTE,0,1.0,18.0,2020,12,4,0,0.8,0.8,5.0
20211222,2020-12-25,06:10,LAMBAYEQUE,PE-1N,844.0,CHOQUE,0,0.0,6.0,2020,12,4,0,0.0,0.0,0.0
20211222,2020-12-25,17:20,AREQUIPA,PE-1S,866.0,CHOQUE,0,0.0,17.0,2020,12,4,0,0.9,0.9,6.0
20211222,2020-12-25,14:40,PUNO,PE-3S,1467.0,DESPISTE,0,2.0,14.0,2020,12,4,0,6.4,6.4,21.0
20211222,2020-12-26,13:15,JUNIN,PE-22,12.0,DESPISTE,0,2.0,13.0,2020,12,5,0,18.1,18.1,22.0
20211222,2020-12-26,23:30,LAMBAYEQUE,PE-06A,44.0,CHOQUE,0,0.0,23.0,2020,12,5,0,0.0,0.0,0.0
20211222,2020-12-26,18:10,LIMA,PE-1S,58.0,DESPISTE,0,1.0,18.0,2020,12,5,0,0.0,0.0,0.0
20211222,2020-12-26,18:50,ANCASH,PE-16,88.0,CHOQUE,0,0.0,18.0,2020,12,5,0,4.3,4.3,13.0
20211222,2020-12-26,07:40,AREQUIPA,PE-34A,131.0,DESPISTE,0,0.0,7.0,2020,12,5,0,3.8,3.8,10.0
20211222,2020-12-26,09:30,AYACUCHO,PE-28A,242.0,DESPISTE,0,2.0,9.0,2020,12,5,0,9.4,9.4,17.0
20211222,2020-12-26,07:30,AYACUCHO,PE-28A,315.0,DESPISTE,0,0.0,7.0,2020,12,5,0,9.4,9.4,17.0
20211222,2020-12-26,21:00,MADRE DE DIOS,PE-30C,327.0,CHOQUE,0,2.0,21.0,2020,12,5,0,39.4,39.4,23.0
20211222,2020-12-26,14:00,ICA,PE-1S,330.0,CHOQUE,0,3.0,14.0,2020,12,5,0,0.0,0.0,0.0
20211222,2020-12-26,16:00,LA LIBERTAD,PE-1N,485.0,DESPISTE,0,0.0,16.0,2020,12,5,0,0.0,0.0,0.0
20211222,2020-12-26,06:25,TACNA,PE-1S,1247.0,DESPISTE,0,1.0,6.0,2020,12,5,0,1.3,1.3,2.0
20211222,2020-12-26,10:00,TACNA,PE-1S,1250.0,CHOQUE,0,12.0,10.0,2020,12,5,0,1.3,1.3,2.0
20211222,2020-12-26,11:30,PUNO,PE-3S,1402.0,CHOQUE,0,0.0,11.0,2020,12,5,0,35.0,31.1,22.0
20211222,2020-12-27,14:40,PASCO,PA-545,0.0,DESPISTE,3,0.0,14.0,2020,12,6,1,8.1,3.6,21.0
20211222,2020-12-27,12:30,PIURA,PE-1N,3.0,CHOQUE,0,1.0,12.0,2020,12,6,0,0.0,0.0,0.0
20211222,2020-12-27,05:45,AREQUIPA,PE-34A,3.0,CHOQUE,0,2.0,5.0,2020,12,6,0,2.6,2.6,10.0
20211222,2020-12-27,11:00,JUNIN,PE-3S,12.0,DESPISTE,0,0.0,11.0,2020,12,6,0,9.0,9.0,24.0
20211222,2020-12-27,14:30,ANCASH,AN-110,20.0,CHOQUE,0,0.0,14.0,2020,12,6,0,17.2,17.2,24.0
20211222,2020-12-27,21:00,SAN MARTIN,PE-5NB,30.0,DESPISTE,0,1.0,21.0,2020,12,6,0,4.9,4.9,20.0
20211222,2020-12-27,02:00,LIMA,PE-22,41.0,DESPISTE,0,0.0,2.0,2020,12,6,0,8.1,8.1,7.0
20211222,2020-12-27,15:10,LIMA,PE-22,51.0,DESPISTE,0,2.0,15.0,2020,12,6,0,8.1,8.1,7.0
20211222,2020-12-27,17:10,JUNIN,PE-22B,56.0,CHOQUE,0,1.0,17.0,2020,12,6,0,9.0,9.0,24.0
20211222,2020-12-27,15:00,LIMA,PE-22,60.0,CHOQUE,0,5.0,15.0,2020,12,6,0,8.1,8.1,7.0
20211222,2020-12-27,07:30,LAMBAYEQUE,PE-1NJ,62.0,ATROPELLO,1,0.0,7.0,2020,12,6,1,0.0,0.0,0.0
20211222,2020-12-27,04:30,ANCASH,PE-3N,70.0,DESPISTE,0,0.0,4.0,2020,12,6,0,17.2,17.2,24.0
20211222,2020-12-27,20:00,LIMA,PE-1N,71.0,DESPISTE,0,2.0,20.0,2020,12,6,0,8.1,8.1,7.0
20211222,2020-12-27,10:00,LIMA,PE-22,85.0,CHOQUE,0,0.0,10.0,2020,12,6,0,8.1,8.1,7.0
20211222,2020-12-27,00:30,TACNA,PE-36A,127.0,DESPISTE,0,0.0,0.0,2020,12,6,0,6.4,6.4,9.0
20211222,2020-12-27,18:40,LIMA,PE-22,130.0,CHOQUE,0,1.0,18.0,2020,12,6,0,8.1,8.1,7.0
20211222,2020-12-27,09:15,HUANUCO,PE-22,130.0,CHOQUE,0,1.0,9.0,2020,12,6,0,20.6,20.6,23.0
20211222,2020-12-27,14:50,JUNIN,PE-22,156.0,CHOQUE,7,2.0,14.0,2020,12,6,1,9.0,9.0,24.0
20211222,2020-12-27,19:00,LIMA,PE-1N,215.0,DESPISTE,0,0.0,19.0,2020,12,6,0,8.1,8.1,7.0
20211222,2020-12-27,20:40,AMAZONAS,PE-5N,222.0,CHOQUE,0,1.0,20.0,2020,12,6,0,0.0,0.0,0.0
20211222,2020-12-27,16:30,MADRE DE DIOS,PE-30C,318.0,CHOQUE,0,2.0,16.0,2020,12,6,0,32.0,32.0,23.0
20211222,2020-12-27,08:30,SAN MARTIN,PE-5N,379.0,CHOQUE,0,1.0,8.0,2020,12,6,0,4.9,4.9,20.0
20211222,2020-12-27,08:30,LIMA,PE-22,1330.0,CHOQUE,0,2.0,8.0,2020,12,6,0,8.1,8.1,7.0
20211222,2020-12-27,07:00,PUNO,PE-3S,1473.0,DESPISTE,0,0.0,7.0,2020,12,6,0,12.2,12.2,24.0
20211222,2020-12-28,16:00,AYACUCHO,AY-585,22.0,DESPISTE,1,13.0,16.0,2020,12,0,1,3.0,3.0,13.0
20211222,2020-12-28,13:45,JUNIN,PE-3SD,30.0,DESPISTE,0,3.0,13.0,2020,12,0,0,5.1,5.1,15.0
20211222,2020-12-28,10:00,AREQUIPA,PE-30,39.0,DESPISTE,0,0.0,10.0,2020,12,0,0,8.6,8.6,16.0
20211222,2020-12-28,05:00,PIURA,PE-5N,41.0,DESPISTE,1,3.0,5.0,2020,12,0,1,0.0,0.0,0.0
20211222,2020-12-28,18:10,LIMA,PE-22,51.0,CHOQUE,0,1.0,18.0,2020,12,0,0,0.2,0.2,2.0
20211222,2020-12-28,08:40,JUNIN,PE-3NA,62.0,DESPISTE,0,2.0,8.0,2020,12,0,0,5.1,5.1,15.0
20211222,2020-12-28,08:05,PUNO,PE-34H,68.0,DESPISTE,2,15.0,8.0,2020,12,0,1,17.5,17.5,24.0
20211222,2020-12-28,04:05,JUNIN,PE-22,76.0,DESPISTE,0,0.0,4.0,2020,12,0,0,5.1,5.1,15.0
20211222,2020-12-28,11:00,LIMA,PE-1N,77.0,CHOQUE,0,1.0,11.0,2020,12,0,0,0.2,0.2,2.0
20211222,2020-12-28,04:00,PUNO,PE-34H,108.0,ESPECIAL,0,0.0,4.0,2020,12,0,0,17.5,17.5,24.0
20211222,2020-12-28,19:00,LIMA,PE-1S,126.0,CHOQUE,0,1.0,19.0,2020,12,0,0,0.2,0.2,2.0
20211222,2020-12-28,04:00,AREQUIPA,PE-34A,158.0,CHOQUE,0,0.0,4.0,2020,12,0,0,8.6,8.6,16.0
20211222,2020-12-28,12:00,AREQUIPA,PE-34A,172.0,CHOQUE,0,2.0,12.0,2020,12,0,0,8.6,8.6,16.0
20211222,2020-12-28,13:10,TUMBES,PE-1N,222.0,CHOQUE,0,3.0,13.0,2020,12,0,0,0.0,0.0,0.0
20211222,2020-12-28,06:45,PUNO,PE-34A,269.0,CHOQUE,0,9.0,6.0,2020,12,0,0,17.5,17.5,24.0
20211222,2020-12-28,08:45,ICA,PE-1S,432.0,CHOQUE,0,3.0,8.0,2020,12,0,0,2.9,2.9,4.0
20211222,2020-12-28,08:00,TACNA,PE-1S,1167.0,CHOQUE,0,5.0,8.0,2020,12,0,0,0.9,0.9,7.0
20211222,2020-12-29,09:20,UCAYALI,PE-5N,15.0,CHOQUE,0,2.0,9.0,2020,12,1,0,13.0,13.0,16.0
20211222,2020-12-29,04:10,ANCASH,AN-107,17.0,DESPISTE,0,18.0,4.0,2020,12,1,0,1.0,1.0,6.0
20211222,2020-12-29,17:55,TACNA,PE-1SD,33.0,CHOQUE,0,1.0,17.0,2020,12,1,0,1.5,1.5,3.0
20211222,2020-12-29,18:00,LAMBAYEQUE,PE-5N,44.0,CHOQUE,0,2.0,18.0,2020,12,1,0,0.0,0.0,0.0
20211222,2020-12-29,18:00,PIURA,PE-1N,65.0,CHOQUE,0,0.0,18.0,2020,12,1,0,0.0,0.0,0.0
20211222,2020-12-29,20:15,JUNIN,PE-5S,77.0,CHOQUE,0,2.0,20.0,2020,12,1,0,10.4,10.4,17.0
20211222,2020-12-29,14:00,PUNO,PE-34H,83.0,DESPISTE,0,0.0,14.0,2020,12,1,0,10.8,10.8,23.0
20211222,2020-12-29,05:50,LAMBAYEQUE,PE-1NJ,118.0,DESPISTE,0,1.0,5.0,2020,12,1,0,0.0,0.0,0.0
20211222,2020-12-29,12:34,LIMA,PE-1N,148.0,DESPISTE,0,2.0,12.0,2020,12,1,0,0.0,0.0,0.0
20211222,2020-12-29,04:00,AREQUIPA,PE-34A,172.0,VOLCADURA,0,0.0,4.0,2020,12,1,0,4.1,4.1,15.0
20211222,2020-12-29,15:30,APURIMAC,PE-30A,182.0,DESPISTE,1,3.0,15.0,2020,12,1,1,8.1,8.1,16.0
20211222,2020-12-29,14:50,PUNO,PE-34A,241.0,DESPISTE,0,0.0,14.0,2020,12,1,0,10.8,10.8,23.0
20211222,2020-12-29,05:00,PUNO,PE-34A,268.0,DESPISTE,0,1.0,5.0,2020,12,1,0,10.8,10.8,23.0
20211222,2020-12-29,13:15,APURIMAC,PE-30A,269.0,DESPISTE,0,0.0,13.0,2020,12,1,0,8.1,8.1,16.0
20211222,2020-12-29,03:00,MADRE DE DIOS,PE-30C,412.0,DESPISTE,0,0.0,3.0,2020,12,1,0,11.5,11.5,9.0
20211222,2020-12-29,19:30,SAN MARTIN,PE-5N,515.0,DESPISTE,0,2.0,19.0,2020,12,1,0,1.3,1.3,6.0
20211222,2020-12-29,06:40,AREQUIPA,PE-1S,868.0,DESPISTE,0,4.0,6.0,2020,12,1,0,4.1,4.1,15.0
20211222,2020-12-29,22:55,AREQUIPA,PE-1S,953.0,CHOQUE,0,2.0,22.0,2020,12,1,0,4.1,4.1,15.0
20211222,2020-12-29,18:30,CUSCO,PE-3S,1112.0,ATROPELLO,0,1.0,18.0,2020,12,1,0,9.3,9.3,16.0
20211222,2020-12-30,07:00,CUSCO,PE-34G,2.0,DESPISTE,0,0.0,7.0,2020,12,2,0,15.5,15.5,20.0
20211222,2020-12-30,21:50,ICA,PE-30A,18.0,DESPISTE,0,1.0,21.0,2020,12,2,0,0.0,0.0,0.0
20211222,2020-12-30,00:15,JUNIN,PE-22,38.0,CHOQUE,1,0.0,0.0,2020,12,2,1,5.1,5.1,11.0
20211222,2020-12-30,11:40,ANCASH,PE-3N,47.0,DESPISTE,0,0.0,11.0,2020,12,2,0,0.3,0.3,3.0
20211222,2020-12-30,18:50,JUNIN,PE-22,51.0,DESPISTE,1,5.0,18.0,2020,12,2,1,5.1,5.1,11.0
20211222,2020-12-30,11:00,JUNIN,PE-22B,68.0,ESPECIAL,0,1.0,11.0,2020,12,2,0,5.1,5.1,11.0
20211222,2020-12-30,08:15,CUSCO,PE-28B,93.0,CHOQUE,0,1.0,8.0,2020,12,2,0,15.5,15.5,20.0
20211222,2020-12-30,11:00,JUNIN,PE-3S,100.0,CHOQUE,0,2.0,11.0,2020,12,2,0,5.1,5.1,11.0
20211222,2020-12-30,01:00,LIMA,PE-1S,110.0,ATROPELLO,2,1.0,1.0,2020,12,2,1,0.0,0.0,0.0
20211222,2020-12-30,16:20,LAMBAYEQUE,PE-1N,759.0,DESPISTE,0,1.0,16.0,2020,12,2,0,0.7,0.7,7.0
20211222,2020-12-30,17:15,APURIMAC,PE-3S,814.0,CHOQUE,0,8.0,17.0,2020,12,2,0,1.7,1.7,6.0
20211222,2020-12-30,10:35,LAMBAYEQUE,PE-1N,824.0,CHOQUE,0,0.0,10.0,2020,12,2,0,0.7,0.7,7.0
20211222,2020-12-30,17:50,AREQUIPA,PE-1S,964.0,CHOQUE,0,0.0,17.0,2020,12,2,0,0.9,0.9,3.0
20211222,2020-12-30,20:45,AREQUIPA,PE-1S,973.0,CHOQUE,0,5.0,20.0,2020,12,2,0,0.9,0.9,3.0
20211222,2020-12-30,05:00,TACNA,PE-1S,1114.0,DESPISTE,0,3.0,5.0,2020,12,2,0,0.5,0.5,1.0
20211222,2020-12-30,16:20,TACNA,PE-1S,1148.0,CHOQUE,0,0.0,16.0,2020,12,2,0,0.5,0.5,1.0
20211222,2020-12-31,01:15,AREQUIPA,AR-105,9.0,CHOQUE,0,0.0,1.0,2020,12,3,0,0.7,0.7,5.0
20211222,2020-12-31,22:50,LIMA,PE-1N,48.0,CHOQUE,0,0.0,22.0,2020,12,3,0,0.0,0.0,0.0
20211222,2020-12-31,02:00,CAJAMARCA,PE-08,59.0,DESPISTE,0,5.0,2.0,2020,12,3,0,0.0,0.0,0.0
20211222,2020-12-31,20:35,CAJAMARCA,PE-08B,93.0,CHOQUE,0,0.0,20.0,2020,12,3,0,0.0,0.0,0.0
20211222,2020-12-31,23:40,LAMBAYEQUE,PE-1NJ,114.0,ATROPELLO,0,2.0,23.0,2020,12,3,0,0.0,0.0,0.0
20211222,2020-12-31,06:30,AYACUCHO,PE-28A,301.0,CHOQUE,0,3.0,6.0,2020,12,3,0,11.4,11.4,18.0
20211222,2020-12-31,20:30,SAN MARTIN,PE-5N,462.0,DESPISTE,0,1.0,20.0,2020,12,3,0,13.6,13.6,16.0
20211222,2020-12-31,09:50,HUANUCO,PE-5N,518.0,CHOQUE,1,0.0,9.0,2020,12,3,1,1.5,1.5,10.0
20211222,2020-12-31,13:30,AREQUIPA,PE-1S,959.0,CHOQUE,0,4.0,13.0,2020,12,3,0,0.7,0.7,5.0
20211222,2020-12-31,14:25,PIURA,PE-1N,1142.0,DESPISTE,0,1.0,14.0,2020,12,3,0,0.0,0.0,0.0
20211222,2021-01-01,12:40,CUSCO,PE-30C,8.0,DESPISTE,0,1.0,12.0,2021,1,4,0,11.7,11.2,10.0
20211222,2021-01-01,07:00,CAJAMARCA,PE-3N,9.0,DESPISTE,0,1.0,7.0,2021,1,4,0,2.8,2.8,7.0
20211222,2021-01-01,18:50,TACNA,PE-1SD,9.0,DESPISTE,0,1.0,18.0,2021,1,4,0,0.0,0.0,0.0
20211222,2021-01-01,07:30,LIMA,PE-1S,20.0,DESPISTE,0,0.0,7.0,2021,1,4,0,0.1,0.1,1.0
20211222,2021-01-01,21:30,HUANUCO,PE-18A,127.0,CHOQUE,0,1.0,21.0,2021,1,4,0,5.1,5.1,11.0
20211222,2021-01-01,20:30,AMAZONAS,PE-08B,391.0,ESPECIAL,0,0.0,20.0,2021,1,4,0,3.2,3.2,15.0
20211222,2021-01-01,03:30,AREQUIPA,PE-1S,659.0,DESPISTE,1,3.0,3.0,2021,1,4,1,0.6,0.6,5.0
20211222,2021-01-01,05:00,CUSCO,PE-3S,1107.0,CHOQUE,0,0.0,5.0,2021,1,4,0,11.7,11.2,10.0
20211222,2021-01-01,17:30,PUNO,PE-3S,1272.0,DESPISTE,0,2.0,17.0,2021,1,4,0,5.6,5.6,20.0
20211222,2021-01-02,13:00,AMAZONAS,PE-108,13.0,DESPISTE,0,0.0,13.0,2021,1,5,0,4.0,4.0,19.0
20211222,2021-01-02,19:30,LIMA,PE-1NE,44.0,CHOQUE,0,1.0,19.0,2021,1,5,0,0.0,0.0,0.0
20211222,2021-01-02,N.I.,CAJAMARCA,PE-08,83.0,DESPISTE,0,2.0,,2021,1,5,0,4.2,4.2,10.0
20211222,2021-01-02,18:50,LIMA,PE-1N,116.0,DESPISTE,0,0.0,18.0,2021,1,5,0,0.0,0.0,0.0
20211222,2021-01-02,10:30,JUNIN,PE-22,147.0,CHOQUE,1,3.0,10.0,2021,1,5,1,8.4,8.4,14.0
20211222,2021-01-02,17:45,JUNIN,PE-22,161.0,CHOQUE,0,1.0,17.0,2021,1,5,0,8.4,8.4,14.0
20211222,2021-01-02,08:30,PUNO,PE-34A,217.0,CHOQUE,0,2.0,8.0,2021,1,5,0,6.3,6.3,14.0
20211222,2021-01-02,10:30,HUANUCO,PE-3N,243.0,DESPISTE,0,0.0,10.0,2021,1,5,0,1.3,1.3,7.0
20211222,2021-01-02,07:50,ICA,PE-1S,470.0,DESPISTE,0,5.0,7.0,2021,1,5,0,0.3,0.3,2.0
20211222,2021-01-02,08:50,APURIMAC,PE-3S,598.0,DESPISTE,0,0.0,8.0,2021,1,5,0,7.0,7.0,16.0
20211222,2021-01-02,17:30,LAMBAYEQUE,PE-1N,862.0,CHOQUE,0,4.0,17.0,2021,1,5,0,0.0,0.0,0.0
20211222,2021-01-03,10:50,LIMA,PE-1S,21.0,DESPISTE,0,1.0,10.0,2021,1,6,0,1.2,1.2,4.0
20211222,2021-01-03,08:10,LIMA,PE-20A,31.0,DESPISTE,0,1.0,8.0,2021,1,6,0,1.2,1.2,4.0
20211222,2021-01-03,15:00,JUNIN,PE-3S,42.0,CHOQUE,0,3.0,15.0,2021,1,6,0,22.2,22.2,16.0
20211222,2021-01-03,19:45,LAMBAYEQUE,PE-1NJ,58.0,CHOQUE,0,0.0,19.0,2021,1,6,0,0.0,0.0,0.0
20211222,2021-01-03,20:00,CUSCO,PE-28B,96.0,DESPISTE,0,4.0,20.0,2021,1,6,0,18.9,18.9,21.0
20211222,2021-01-03,13:00,LIMA,PE-1N,126.0,DESPISTE,0,1.0,13.0,2021,1,6,0,1.2,1.2,4.0
20211222,2021-01-03,21:00,JUNIN,PE-5S,138.0,ATROPELLO,1,0.0,21.0,2021,1,6,1,22.2,22.2,16.0
20211222,2021-01-03,16:35,CAJAMARCA,PE-08B,147.0,DESPISTE,0,1.0,16.0,2021,1,6,0,7.3,7.3,13.0
20211222,2021-01-03,07:30,AREQUIPA,PE-34A,160.0,DESPISTE,0,0.0,7.0,2021,1,6,0,7.3,7.3,13.0
20211222,2021-01-03,08:25,ICA,PE-1S,199.0,DESPISTE,0,0.0,8.0,2021,1,6,0,4.6,4.6,10.0
20211222,2021-01-03,07:00,AYACUCHO,PE-28A,308.0,DESPISTE,0,0.0,7.0,2021,1,6,0,7.4,7.4,13.0
20211222,2021-01-03,19:30,AMAZONAS,PE-08B,337.0,DESPISTE,0,1.0,19.0,2021,1,6,0,11.2,11.2,15.0
20211222,2021-01-03,03:45,MADRE DE DIOS,PE-30C,379.0,DESPISTE,0,0.0,3.0,2021,1,6,0,2.6,2.6,4.0
20211222,2021-01-03,09:30,LA LIBERTAD,PE-1N,599.0,CHOQUE,1,1.0,9.0,2021,1,6,1,0.0,0.0,0.0
20211222,2021-01-03,00:10,APURIMAC,PE-3S,767.0,DESPISTE,0,0.0,0.0,2021,1,6,0,15.8,15.8,21.0
20211222,2021-01-03,06:25,AREQUIPA,PE-1S,859.0,DESPISTE,0,3.0,6.0,2021,1,6,0,7.3,7.3,13.0
20211222,2021-01-03,14:30,CAJAMARCA,PE-109,,CHOQUE,0,3.0,14.0,2021,1,6,0,7.3,7.3,13.0
20211222,2021-01-04,07:30,ANCASH,PE-14,0.0,CHOQUE,0,5.0,7.0,2021,1,0,0,11.0,11.0,23.0
20211222,2021-01-04,04:00,AREQUIPA,PE-34,2.0,CHOQUE,1,2.0,4.0,2021,1,0,1,13.1,13.1,11.0
20211222,2021-01-04,06:30,CAJAMARCA,PE-5N,2.0,CHOQUE,0,2.0,6.0,2021,1,0,0,1.5,1.5,8.0
20211222,2021-01-04,07:00,PIURA,PE-1N,7.0,CHOQUE,0,1.0,7.0,2021,1,0,0,0.0,0.0,0.0
20211222,2021-01-04,14:00,CUSCO,PE-28G,9.0,ESPECIAL,1,0.0,14.0,2021,1,0,1,13.6,13.6,17.0
20211222,2021-01-04,07:30,AREQUIPA,PE-34A,11.0,CHOQUE,0,0.0,7.0,2021,1,0,0,13.1,13.1,11.0
20211222,2021-01-04,16:10,HUANCAVELICA,PE-3S,16.0,VOLCADURA,0,0.0,16.0,2021,1,0,0,21.9,21.9,16.0
20211222,2021-01-04,14:30,JUNIN,PE-22B,21.0,DESPISTE,0,0.0,14.0,2021,1,0,0,11.2,11.2,17.0
20211222,2021-01-04,14:30,UCAYALI,PE-18C,30.0,CHOQUE,0,0.0,14.0,2021,1,0,0,12.6,12.6,15.0
20211222,2021-01-04,18:00,AREQUIPA,PE-34A,61.0,CHOQUE,0,0.0,18.0,2021,1,0,0,13.1,13.1,11.0
20211222,2021-01-04,16:10,CAJAMARCA,PE-3N,63.0,CHOQUE,0,1.0,16.0,2021,1,0,0,1.5,1.5,8.0
20211222,2021-01-04,18:45,LAMBAYEQUE,PE-1NJ,71.0,CHOQUE,0,4.0,18.0,2021,1,0,0,0.0,0.0,0.0
20211222,2021-01-04,06:00,JUNIN,PE-5S,116.0,CHOQUE,0,0.0,6.0,2021,1,0,0,11.2,11.2,17.0
20211222,2021-01-04,07:20,LIMA,PE-22,120.0,CHOQUE,0,0.0,7.0,2021,1,0,0,0.6,0.6,2.0
20211222,2021-01-04,07:30,PASCO,PE-5N,123.0,DESPISTE,4,12.0,7.0,2021,1,0,1,8.7,6.4,18.0
20211222,2021-01-04,23:45,ICA,PE-1S,283.0,CHOQUE,0,1.0,23.0,2021,1,0,0,0.1,0.1,1.0
20211222,2021-01-04,03:00,ICA,PE-1S,312.0,CHOQUE,0,2.0,3.0,2021,1,0,0,0.1,0.1,1.0
20211222,2021-01-04,18:20,PUNO,PE-30C,320.0,DESPISTE,0,1.0,18.0,2021,1,0,0,3.3,3.3,10.0
20211222,2021-01-04,07:30,UCAYALI,PE-5N,395.0,DESPISTE,4,18.0,7.0,2021,1,0,1,12.6,12.6,15.0
20211222,2021-01-04,13:20,ANCASH,PE-1N,419.0,DESPISTE,0,2.0,13.0,2021,1,0,0,11.0,11.0,23.0
20211222,2021-01-04,10:50,SAN MARTIN,PE-5N,464.0,DESPISTE,0,1.0,10.0,2021,1,0,0,3.2,3.2,12.0
20211222,2021-01-04,19:55,CUSCO,PE-3S,1110.0,ATROPELLO,0,3.0,19.0,2021,1,0,0,13.6,13.6,17.0
20211222,2021-01-04,14:30,TACNA,PE-1S,1155.0,DESPISTE,0,3.0,14.0,2021,1,0,0,0.0,0.0,0.0
20211222,2021-01-05,16:00,JUNIN,PE-22B,1.0,DESPISTE,0,4.0,16.0,2021,1,1,0,5.2,5.2,14.0
20211222,2021-01-05,14:10,LIMA,PE-18,8.0,ATROPELLO,0,2.0,14.0,2021,1,1,0,0.2,0.2,1.0
20211222,2021-01-05,06:20,MOQUEGUA,PE-36,12.0,DESPISTE,0,0.0,6.0,2021,1,1,0,1.6,1.6,7.0
20211222,2021-01-05,14:10,LORETO,PE-5N,14.0,CHOQUE,0,0.0,14.0,2021,1,1,0,8.8,8.8,13.0
20211222,2021-01-05,10:30,LIMA,PE-1NA,16.0,CHOQUE,0,0.0,10.0,2021,1,1,0,0.2,0.2,1.0
20211222,2021-01-05,11:10,CAJAMARCA,PE-3N,41.0,DESPISTE,0,1.0,11.0,2021,1,1,0,2.0,2.0,8.0
20211222,2021-01-05,22:30,LIMA,PE-1S,83.0,CHOQUE,0,0.0,22.0,2021,1,1,0,0.2,0.2,1.0
20211222,2021-01-05,18:30,PIURA,PE-1N,138.0,CHOQUE,0,0.0,18.0,2021,1,1,0,0.1,0.1,1.0
20211222,2021-01-05,23:00,LIMA,PE-1N,189.0,ATROPELLO,1,0.0,23.0,2021,1,1,1,0.2,0.2,1.0
20211222,2021-01-05,08:20,APURIMAC,PE-30A,348.0,CHOQUE,0,0.0,8.0,2021,1,1,0,1.6,1.6,9.0
20211222,2021-01-05,02:35,LAMBAYEQUE,PE-1N,876.0,DESPISTE,0,0.0,2.0,2021,1,1,0,0.0,0.0,0.0
20211222,2021-01-05,06:30,CUSCO,PE-3S,1073.0,DESPISTE,0,0.0,6.0,2021,1,1,0,5.8,5.8,18.0
20211222,2021-01-06,22:45,CUSCO,PE-28F,15.0,CHOQUE,0,2.0,22.0,2021,1,2,0,24.1,20.4,20.0
20211222,2021-01-06,07:15,JUNIN,PE-3N,43.0,CHOQUE,0,0.0,7.0,2021,1,2,0,8.1,8.1,16.0
20211222,2021-01-06,05:20,PUNO,PE-34H,43.0,ATROPELLO,1,0.0,5.0,2021,1,2,1,16.7,16.7,18.0
20211222,2021-01-06,23:55,LIMA,PE-1N,44.0,DESPISTE,0,2.0,23.0,2021,1,2,0,0.0,0.0,0.0
20211222,2021-01-06,12:10,JUNIN,PE-3N,62.0,DESPISTE,0,5.0,12.0,2021,1,2,0,8.1,8.1,16.0
20211222,2021-01-06,11:30,ANCASH,PE-3N,115.0,DESPISTE,0,0.0,11.0,2021,1,2,0,5.3,5.3,13.0
20211222,2021-01-06,05:20,LIMA,PE-22,120.0,CHOQUE,0,0.0,5.0,2021,1,2,0,0.0,0.0,0.0
20211222,2021-01-06,15:10,LIMA,PE-1N,122.0,DESPISTE,0,0.0,15.0,2021,1,2,0,0.0,0.0,0.0
20211222,2021-01-06,09:45,JUNIN,PE-24,147.0,CHOQUE,0,4.0,9.0,2021,1,2,0,8.1,8.1,16.0
20211222,2021-01-06,08:49,LIMA,PE-1S,152.0,CHOQUE,0,1.0,8.0,2021,1,2,0,0.0,0.0,0.0
20211222,2021-01-06,05:45,HUANUCO,PE-3N,211.0,DESPISTE,0,1.0,5.0,2021,1,2,0,6.2,6.2,15.0
20211222,2021-01-06,19:10,PUNO,PE-34A,223.0,DESPISTE,0,1.0,19.0,2021,1,2,0,16.7,16.7,18.0
20211222,2021-01-06,09:45,ANCASH,PE-1N,410.0,CHOQUE,0,1.0,9.0,2021,1,2,0,5.3,5.3,13.0
20211222,2021-01-06,21:00,AREQUIPA,PE-1S,967.0,ATROPELLO,0,1.0,21.0,2021,1,2,0,3.7,3.7,12.0
20211222,2021-01-07,14:45,LIMA,PE-20,24.0,VOLCADURA,0,1.0,14.0,2021,1,3,0,0.0,0.0,0.0
20211222,2021-01-07,21:00,TACNA,PE-1SD,24.0,CHOQUE,0,1.0,21.0,2021,1,3,0,0.0,0.0,0.0
20211222,2021-01-07,09:20,LIMA,PE-1S,76.0,DESPISTE,0,4.0,9.0,2021,1,3,0,0.0,0.0,0.0
20211222,2021-01-07,13:00,JUNIN,PE-5S,110.0,CHOQUE,0,1.0,13.0,2021,1,3,0,13.0,13.0,19.0
20211222,2021-01-07,15:00,ICA,PE-1S,336.0,CHOQUE,0,0.0,15.0,2021,1,3,0,0.6,0.6,2.0
20211222,2021-01-07,10:35,ANCASH,PE-1N,392.0,CHOQUE,0,1.0,10.0,2021,1,3,0,6.1,6.1,19.0
20211222,2021-01-07,18:40,LA LIBERTAD,PE-1N,558.0,CHOQUE,0,4.0,18.0,2021,1,3,0,0.0,0.0,0.0
20211222,2021-01-07,15:30,SAN MARTIN,PE-5N,661.0,CHOQUE,0,0.0,15.0,2021,1,3,0,1.4,1.4,5.0
20211222,2021-01-07,16:15,SAN MARTIN,PE-5N,663.0,DESPISTE,0,2.0,16.0,2021,1,3,0,1.4,1.4,5.0
20211222,2021-01-07,09:40,AREQUIPA,PE-1S,932.0,CHOQUE,0,3.0,9.0,2021,1,3,0,1.7,1.7,9.0
20211222,2021-01-07,11:30,AREQUIPA,PE-1S,1042.0,DESPISTE,0,0.0,11.0,2021,1,3,0,1.7,1.7,9.0
20211222,2021-01-08,10:00,MOQUEGUA,PE-108,23.0,DESPISTE,0,0.0,10.0,2021,1,4,0,0.0,0.0,0.0
20211222,2021-01-08,03:20,AREQUIPA,PE-105,54.0,VOLCADURA,0,0.0,3.0,2021,1,4,0,0.1,0.1,1.0
20211222,2021-01-08,11:00,AREQUIPA,PE-105,55.0,DESPISTE,0,0.0,11.0,2021,1,4,0,0.1,0.1,1.0
20211222,2021-01-08,20:00,JUNIN,PE-3S,56.0,CHOQUE,0,3.0,20.0,2021,1,4,0,10.1,10.1,12.0
20211222,2021-01-08,15:00,LIMA,PE-1S,87.0,CHOQUE,0,2.0,15.0,2021,1,4,0,0.0,0.0,0.0
20211222,2021-01-08,16:30,LIMA,PE-1N,113.0,DESPISTE,0,1.0,16.0,2021,1,4,0,0.0,0.0,0.0
20211222,2021-01-08,11:40,JUNIN,PE-22,137.0,DESPISTE,0,0.0,11.0,2021,1,4,0,10.1,10.1,12.0
20211222,2021-01-08,21:30,LIMA,PE-1S,146.0,CHOQUE,0,1.0,21.0,2021,1,4,0,0.0,0.0,0.0
20211222,2021-01-08,N.I.,CAJAMARCA,PE-08,159.0,CHOQUE,0,3.0,,2021,1,4,0,9.8,9.8,8.0
20211222,2021-01-08,05:30,HUANCAVELICA,PE-3S,213.0,DESPISTE,0,0.0,5.0,2021,1,4,0,10.9,10.8,14.0
20211222,2021-01-08,23:55,ANCASH,PE-1N,449.0,CHOQUE,0,0.0,23.0,2021,1,4,0,6.6,6.6,8.0
20211222,2021-01-08,12:40,HUANUCO,PE-5N,453.0,CHOQUE,0,0.0,12.0,2021,1,4,0,0.6,0.6,5.0
20211222,2021-01-08,15:30,AREQUIPA,PE-1S,633.0,DESPISTE,0,1.0,15.0,2021,1,4,0,0.1,0.1,1.0
20211222,2021-01-08,11:30,LAMBAYEQUE,PE-1N,862.0,CHOQUE,0,5.0,11.0,2021,1,4,0,0.0,0.0,0.0
20211222,2021-01-08,16:50,AREQUIPA,PE-1S,913.0,CHOQUE,0,0.0,16.0,2021,1,4,0,0.1,0.1,1.0
20211222,2021-01-08,06:40,MOQUEGUA,PE-1S,1150.0,CHOQUE,0,0.0,6.0,2021,1,4,0,0.0,0.0,0.0
20211222,2021-01-08,05:30,MOQUEGUA,PE-1S,1183.0,CHOQUE,0,1.0,5.0,2021,1,4,0,0.0,0.0,0.0
20211222,2021-01-09,13:30,CAJAMARCA,PE-08B,11.0,DESPISTE,0,0.0,13.0,2021,1,5,0,2.7,2.7,6.0
20211222,2021-01-09,07:00,LIMA,PE-1S,52.0,CHOQUE,0,0.0,7.0,2021,1,5,0,0.0,0.0,0.0
20211222,2021-01-09,08:30,CUSCO,PE-3SG,71.0,CHOQUE,1,1.0,8.0,2021,1,5,1,9.6,9.6,19.0
20211222,2021-01-09,07:30,LIMA,PE-22,125.0,DESPISTE,0,0.0,7.0,2021,1,5,0,0.0,0.0,0.0
20211222,2021-01-09,09:16,HUANUCO,PE-18A,132.0,CHOQUE,0,0.0,9.0,2021,1,5,0,0.6,0.6,5.0
20211222,2021-01-09,16:30,JUNIN,PE-3N,135.0,CHOQUE,0,6.0,16.0,2021,1,5,0,14.5,14.5,18.0
20211222,2021-01-09,16:10,LIMA,PE-1S,164.0,DESPISTE,0,0.0,16.0,2021,1,5,0,0.0,0.0,0.0
20211222,2021-01-09,12:25,JUNIN,PE-24,241.0,CHOQUE,0,0.0,12.0,2021,1,5,0,14.5,14.5,18.0
20211222,2021-01-09,16:25,AMAZONAS,PE-108,315.0,DESPISTE,0,4.0,16.0,2021,1,5,0,1.8,1.8,11.0
20211222,2021-01-09,08:30,ANCASH,PE-1N,345.0,DESPISTE,0,1.0,8.0,2021,1,5,0,13.9,13.9,13.0
20211222,2021-01-09,17:45,SAN MARTIN,PE-5N,474.0,DESPISTE,0,0.0,17.0,2021,1,5,0,0.8,0.8,3.0
20211222,2021-01-09,07:00,AREQUIPA,PE-1S,508.0,CHOQUE,2,2.0,7.0,2021,1,5,1,0.4,0.4,2.0
20211222,2021-01-10,17:20,UCAYALI,PE-5N,15.0,CHOQUE,0,1.0,17.0,2021,1,6,0,1.3,1.3,5.0
20211222,2021-01-10,20:30,HUANUCO,PE-18A,21.0,CHOQUE,0,0.0,20.0,2021,1,6,0,0.5,0.5,3.0
20211222,2021-01-10,17:00,LIMA,PE-1S,21.0,CHOQUE,0,0.0,17.0,2021,1,6,0,0.0,0.0,0.0
20211222,2021-01-10,11:55,JUNIN,PE-3N,32.0,DESPISTE,0,2.0,11.0,2021,1,6,0,9.0,9.0,10.0
20211222,2021-01-10,11:55,JUNIN,PE-3S,32.0,DESPISTE,0,4.0,11.0,2021,1,6,0,9.0,9.0,10.0
20211222,2021-01-10,18:15,LIMA,PE-22,36.0,CHOQUE,0,3.0,18.0,2021,1,6,0,0.0,0.0,0.0
20211222,2021-01-10,21:00,LIMA,PE-1N,78.0,CHOQUE,1,0.0,21.0,2021,1,6,1,0.0,0.0,0.0
20211222,2021-01-10,14:00,LIMA,PE-1S,96.0,CHOQUE,0,1.0,14.0,2021,1,6,0,0.0,0.0,0.0
20211222,2021-01-10,05:30,LIMA,PE-22,112.0,DESPISTE,0,0.0,5.0,2021,1,6,0,0.0,0.0,0.0
20211222,2021-01-10,16:30,AYACUCHO,PE-34A,121.0,CHOQUE,0,2.0,16.0,2021,1,6,0,0.8,0.8,1.0
20211222,2021-01-10,06:00,LIMA,PE-1N,169.0,ATROPELLO,1,0.0,6.0,2021,1,6,1,0.0,0.0,0.0
20211222,2021-01-10,12:30,UCAYALI,PE-5N,184.0,CHOQUE,0,0.0,12.0,2021,1,6,0,1.3,1.3,5.0
20211222,2021-01-10,23:15,AMAZONAS,PE-5N,200.0,DESPISTE,0,2.0,23.0,2021,1,6,0,0.4,0.4,4.0
20211222,2021-01-10,20:00,ICA,PE-1S,221.0,CHOQUE,0,0.0,20.0,2021,1,6,0,0.0,0.0,0.0
20211222,2021-01-10,10:30,PUNO,PE-34A,243.0,DESPISTE,0,1.0,10.0,2021,1,6,0,2.3,2.3,12.0
20211222,2021-01-10,22:50,PIURA,PE-1N,247.0,DESPISTE,0,1.0,22.0,2021,1,6,0,0.0,0.0,0.0
20211222,2021-01-10,06:30,SAN MARTIN,PE-5N,482.0,CHOQUE,1,0.0,6.0,2021,1,6,1,1.3,1.3,8.0
20211222,2021-01-10,08:30,SAN MARTIN,PE-5N,482.0,CHOQUE,0,1.0,8.0,2021,1,6,0,1.3,1.3,8.0
20211222,2021-01-10,09:30,APURIMAC,PE-3S,766.0,DESPISTE,0,2.0,9.0,2021,1,6,0,1.8,1.8,9.0
20211222,2021-01-10,07:30,AREQUIPA,PE-1S,775.0,ESPECIAL,0,0.0,7.0,2021,1,6,0,0.0,0.0,0.0
20211222,2021-01-10,21:45,AREQUIPA,PE-1S,812.0,DESPISTE,0,1.0,21.0,2021,1,6,0,0.0,0.0,0.0
20211222,2021-01-10,12:20,PIURA,PE-1N,895.0,CHOQUE,0,0.0,12.0,2021,1,6,0,0.0,0.0,0.0
20211222,2021-01-10,21:45,CUSCO,PE-3S,999.0,CHOQUE,0,5.0,21.0,2021,1,6,0,4.4,4.4,11.0
20211222,2021-01-10,23:30,CUSCO,PE-3S,1025.0,DESPISTE,0,1.0,23.0,2021,1,6,0,4.4,4.4,11.0
20211222,2021-01-10,23:00,CUSCO,PE-3S,1092.0,CHOQUE,0,1.0,23.0,2021,1,6,0,4.4,4.4,11.0
20211222,2021-01-11,20:30,MOQUEGUA,PE-36A,5.0,CHOQUE,0,4.0,20.0,2021,1,0,0,0.0,0.0,0.0
20211222,2021-01-11,07:30,LA LIBERTAD,PE-10A,7.0,CHOQUE,1,3.0,7.0,2021,1,0,1,0.1,0.1,1.0
20211222,2021-01-11,07:40,AREQUIPA,PE-1SD,8.0,DESPISTE,0,1.0,7.0,2021,1,0,0,0.0,0.0,0.0
20211222,2021-01-11,08:55,LAMBAYEQUE,PE-1NJ,40.0,CHOQUE,0,0.0,8.0,2021,1,0,0,0.0,0.0,0.0
20211222,2021-01-11,14:50,LIMA,PE-1S,64.0,DESPISTE,0,5.0,14.0,2021,1,0,0,0.0,0.0,0.0
20211222,2021-01-11,02:30,ANCASH,PE-16,85.0,DESPISTE,0,0.0,2.0,2021,1,0,0,7.6,7.6,14.0
20211222,2021-01-11,15:00,CUSCO,PE-34J,107.0,ATROPELLO,1,0.0,15.0,2021,1,0,1,3.5,3.5,13.0
20211222,2021-01-11,N.I.,LIMA,PE-1S,137.0,DESPISTE,1,5.0,,2021,1,0,1,0.0,0.0,0.0
20211222,2021-01-11,12:40,ICA,PE-1S,223.0,CHOQUE,0,0.0,12.0,2021,1,0,0,0.0,0.0,0.0
20211222,2021-01-11,23:00,MADRE DE DIOS,PE-30C,257.0,CHOQUE,1,11.0,23.0,2021,1,0,1,1.0,1.0,7.0
20211222,2021-01-11,15:15,ANCASH,PE-1N,374.0,CHOQUE,0,3.0,15.0,2021,1,0,0,7.6,7.6,14.0
20211222,2021-01-11,18:20,ANCASH,PE-3N,674.0,CHOQUE,0,1.0,18.0,2021,1,0,0,7.6,7.6,14.0
20211222,2021-01-11,12:50,LA LIBERTAD,PE-1N,720.0,CHOQUE,0,0.0,12.0,2021,1,0,0,0.1,0.1,1.0
20211222,2021-01-11,01:30,LAMBAYEQUE,PE-1N,807.0,ATROPELLO,1,0.0,1.0,2021,1,0,1,0.0,0.0,0.0
20211222,2021-01-12,22:50,SAN MARTIN,PE-5NB,9.0,CHOQUE,0,3.0,22.0,2021,1,1,0,2.9,2.9,7.0
20211222,2021-01-12,14:50,AREQUIPA,PE-34,29.0,DESPISTE,0,0.0,14.0,2021,1,1,0,0.0,0.0,0.0
20211222,2021-01-12,22:30,LIMA,PE-1S,59.0,CHOQUE,1,1.0,22.0,2021,1,1,1,0.0,0.0,0.0
20211222,2021-01-12,18:50,ANCASH,PE-16,78.0,DESPISTE,0,2.0,18.0,2021,1,1,0,24.0,24.0,17.0
20211222,2021-01-12,14:00,LIMA,PE-22,100.0,CHOQUE,0,4.0,14.0,2021,1,1,0,0.0,0.0,0.0
20211222,2021-01-12,11:00,AREQUIPA,PE-34A,121.0,CHOQUE,0,0.0,11.0,2021,1,1,0,0.0,0.0,0.0
20211222,2021-01-12,19:50,TACNA,PE-38,140.0,DESPISTE,0,1.0,19.0,2021,1,1,0,0.0,0.0,0.0
20211222,2021-01-12,19:20,LIMA,PE-1N,141.0,DESPISTE,1,1.0,19.0,2021,1,1,1,0.0,0.0,0.0
20211222,2021-01-12,16:30,HUANCAVELICA,PE-3S,172.0,DESPISTE,0,5.0,16.0,2021,1,1,0,3.9,3.9,11.0
20211222,2021-01-12,07:25,PUNO,PE-34A,203.0,DESPISTE,0,0.0,7.0,2021,1,1,0,1.5,1.5,9.0
20211222,2021-01-12,12:30,SAN MARTIN,PE-5N,514.0,DESPISTE,0,3.0,12.0,2021,1,1,0,2.9,2.9,7.0
20211222,2021-01-12,15:30,APURIMAC,PE-3S,580.0,DESPISTE,0,1.0,15.0,2021,1,1,0,4.4,4.4,16.0
20211222,2021-01-12,17:02,MADRE DE DIOS,PE-30C,620.0,DESPISTE,0,2.0,17.0,2021,1,1,0,3.6,3.6,6.0
20211222,2021-01-12,17:45,PIURA,PE-1N,947.0,DESPISTE,0,3.0,17.0,2021,1,1,0,0.0,0.0,0.0
20211222,2021-01-12,13:00,PUNO,PE-3S,1469.0,CHOQUE,0,2.0,13.0,2021,1,1,0,1.5,1.5,9.0
20211222,2021-01-13,14:00,LAMBAYEQUE,PE-06A,22.0,ESPECIAL,0,1.0,14.0,2021,1,2,0,0.0,0.0,0.0
20211222,2021-01-13,17:00,JUNIN,PE-3S,25.0,CHOQUE,0,0.0,17.0,2021,1,2,0,11.7,11.7,17.0
20211222,2021-01-13,11:30,CUSCO,CU-134,27.0,DESPISTE,0,0.0,11.0,2021,1,2,0,16.6,16.6,19.0
20211222,2021-01-13,07:15,LIMA,PE-16,30.0,CHOQUE,0,0.0,7.0,2021,1,2,0,0.0,0.0,0.0
20211222,2021-01-13,20:55,PASCO,PE-3N,89.0,CHOQUE,1,6.0,20.0,2021,1,2,1,3.6,3.6,8.0
20211222,2021-01-13,05:50,JUNIN,PE-3SB,105.0,ATROPELLO,1,0.0,5.0,2021,1,2,1,11.7,11.7,17.0
20211222,2021-01-13,10:30,ICA,PE-1S,186.0,ATROPELLO,0,2.0,10.0,2021,1,2,0,0.1,0.1,1.0
20211222,2021-01-13,22:09,HUANUCO,PE-18B,189.0,DESPISTE,1,2.0,22.0,2021,1,2,1,0.0,0.0,0.0
20211222,2021-01-13,10:30,ANCASH,PE-3N,592.0,CHOQUE,0,0.0,10.0,2021,1,2,0,19.7,19.7,14.0
20211222,2021-01-13,00:50,AREQUIPA,PE-1S,1009.0,DESPISTE,0,0.0,0.0,2021,1,2,0,0.0,0.0,0.0
20211222,2021-01-13,19:00,CUSCO,PE-3S,,CHOQUE,0,1.0,19.0,2021,1,2,0,16.6,16.6,19.0
20211222,2021-01-14,16:30,UCAYALI,PE-18C,19.0,ATROPELLO,0,1.0,16.0,2021,1,3,0,1.3,1.3,5.0
20211222,2021-01-14,01:00,LIMA,PE-1SJ,33.0,ATROPELLO,1,0.0,1.0,2021,1,3,1,0.0,0.0,0.0
20211222,2021-01-14,09:50,UCAYALI,PE-18C,55.0,CHOQUE,0,1.0,9.0,2021,1,3,0,1.3,1.3,5.0
20211222,2021-01-14,18:40,ANCASH,PE-16,75.0,DESPISTE,0,0.0,18.0,2021,1,3,0,11.5,11.5,13.0
20211222,2021-01-14,06:40,ANCASH,PE-16,102.0,DESPISTE,0,0.0,6.0,2021,1,3,0,11.5,11.5,13.0
20211222,2021-01-14,21:50,PIURA,PE-1N,134.0,CHOQUE,1,4.0,21.0,2021,1,3,1,0.2,0.2,2.0
20211222,2021-01-14,06:50,LIMA,PE-1N,189.0,CHOQUE,0,1.0,6.0,2021,1,3,0,0.0,0.0,0.0
20211222,2021-01-14,07:19,AMAZONAS,PE-08B,315.0,CHOQUE,0,1.0,7.0,2021,1,3,0,1.1,1.1,4.0
20211222,2021-01-14,00:35,LA LIBERTAD,PE-1N,581.0,CHOQUE,0,1.0,0.0,2021,1,3,0,0.7,0.7,3.0
20211222,2021-01-14,12:30,SAN MARTIN,PE-5N,596.0,DESPISTE,0,0.0,12.0,2021,1,3,0,2.4,2.4,6.0
20211222,2021-01-14,09:30,AREQUIPA,PE-1S,633.0,VOLCADURA,0,1.0,9.0,2021,1,3,0,1.3,1.3,6.0
20211222,2021-01-14,20:30,SAN MARTIN,PE-5N,742.0,CHOQUE,1,1.0,20.0,2021,1,3,1,2.4,2.4,6.0
20211222,2021-01-14,18:30,APURIMAC,PE-3S,779.0,CHOQUE,1,1.0,18.0,2021,1,3,1,4.9,4.9,17.0
20211222,2021-01-14,00:40,AREQUIPA,PE-1S,889.0,DESPISTE,1,0.0,0.0,2021,1,3,1,1.3,1.3,6.0
20211222,2021-01-14,09:10,AREQUIPA,PE-1S,921.0,CHOQUE,0,1.0,9.0,2021,1,3,0,1.3,1.3,6.0
20211222,2021-01-15,11:30,CUSCO,PE-34F,4.0,DESPISTE,0,1.0,11.0,2021,1,4,0,10.4,10.4,13.0
20211222,2021-01-15,08:15,UCAYALI,PE-18C,17.0,CHOQUE,0,2.0,8.0,2021,1,4,0,6.2,6.2,14.0
20211222,2021-01-15,10:35,AREQUIPA,AR-115,28.0,DESPISTE,0,0.0,10.0,2021,1,4,0,3.0,3.0,5.0
20211222,2021-01-15,06:00,JUNIN,PE-3S,43.0,DESPISTE,0,0.0,6.0,2021,1,4,0,12.1,12.1,17.0
20211222,2021-01-15,16:30,ANCASH,PE-16,86.0,CHOQUE,0,1.0,16.0,2021,1,4,0,7.1,7.1,18.0
20211222,2021-01-15,20:15,LIMA,PE-1N,98.0,DESPISTE,0,0.0,20.0,2021,1,4,0,1.1,1.1,8.0
20211222,2021-01-15,08:20,AYACUCHO,PE-30A,119.0,CHOQUE,0,0.0,8.0,2021,1,4,0,5.5,5.5,11.0
20211222,2021-01-15,18:00,LIMA,PE-1N,139.0,CHOQUE,0,0.0,18.0,2021,1,4,0,1.1,1.1,8.0
20211222,2021-01-15,07:05,CUSCO,PE-28B,183.0,DESPISTE,0,4.0,7.0,2021,1,4,0,10.4,10.4,13.0
20211222,2021-01-15,12:00,LIMA,PE-1N,185.0,DESPISTE,0,1.0,12.0,2021,1,4,0,1.1,1.1,8.0
20211222,2021-01-15,11:50,LAMBAYEQUE,PE-1N,862.0,CHOQUE,0,2.0,11.0,2021,1,4,0,2.0,2.0,4.0
20211222,2021-01-15,18:00,TACNA,PE-1S,1229.0,ESPECIAL,0,0.0,18.0,2021,1,4,0,0.6,0.6,3.0
20211222,2021-01-16,17:15,MOQUEGUA,PE-36,38.0,CHOQUE,0,2.0,17.0,2021,1,5,0,0.0,0.0,0.0
20211222,2021-01-16,21:00,LORETO,LO-103,55.0,ATROPELLO,0,1.0,21.0,2021,1,5,0,8.7,8.7,8.0
20211222,2021-01-16,12:00,JUNIN,PE-3N,56.0,CHOQUE,0,5.0,12.0,2021,1,5,0,13.2,13.2,13.0
20211222,2021-01-16,07:15,CAJAMARCA,PE-08,64.0,CHOQUE,0,0.0,7.0,2021,1,5,0,17.7,17.7,23.0
20211222,2021-01-16,12:30,CAJAMARCA,PE-08,64.0,CHOQUE,0,0.0,12.0,2021,1,5,0,17.7,17.7,23.0
20211222,2021-01-16,14:35,JUNIN,PE-3N,71.0,CHOQUE,0,2.0,14.0,2021,1,5,0,13.2,13.2,13.0
20211222,2021-01-16,01:00,JUNIN,PE-3S,76.0,DESPISTE,0,1.0,1.0,2021,1,5,0,13.2,13.2,13.0
20211222,2021-01-16,21:00,PIURA,PE-1N,100.0,DESPISTE,0,2.0,21.0,2021,1,5,0,1.9,1.9,5.0
20211222,2021-01-16,01:00,LIMA,PE-22,107.0,DESPISTE,0,0.0,1.0,2021,1,5,0,0.9,0.9,1.0
20211222,2021-01-16,16:15,LIMA,PE-22,107.0,CHOQUE,0,1.0,16.0,2021,1,5,0,0.9,0.9,1.0
20211222,2021-01-16,02:30,PASCO,PE-3N,142.0,DESPISTE,0,2.0,2.0,2021,1,5,0,4.8,4.1,14.0
20211222,2021-01-16,09:20,MOQUEGUA,PE-1SD,186.0,DESPISTE,0,0.0,9.0,2021,1,5,0,0.0,0.0,0.0
20211222,2021-01-16,11:45,ICA,PE-1SE,195.0,DESPISTE,0,0.0,11.0,2021,1,5,0,0.2,0.2,1.0
20211222,2021-01-16,07:45,ANCASH,PE-1N,325.0,CHOQUE,0,3.0,7.0,2021,1,5,0,6.8,6.8,16.0
20211222,2021-01-16,21:45,LA LIBERTAD,PE-1N,613.0,DESPISTE,0,2.0,21.0,2021,1,5,0,5.8,5.8,17.0
20211222,2021-01-16,17:00,CUSCO,PE-3S,901.0,DESPISTE,0,2.0,17.0,2021,1,5,0,22.2,22.2,17.0
20211222,2021-01-16,05:00,AREQUIPA,PE-1S,988.0,CHOQUE,0,0.0,5.0,2021,1,5,0,0.7,0.7,5.0
20211222,2021-01-16,21:30,MOQUEGUA,PE-1S,1096.0,CHOQUE,0,0.0,21.0,2021,1,5,0,0.0,0.0,0.0
20211222,2021-01-16,17:30,PUNO,PE-3S,1347.0,CHOQUE,0,2.0,17.0,2021,1,5,0,34.3,31.4,20.0
20211222,2021-01-16,16:00,CAJAMARCA,PE-3N,1387.0,CHOQUE,1,1.0,16.0,2021,1,5,1,17.7,17.7,23.0
20211222,2021-01-16,12:20,PUNO,PE-3S,1463.0,CHOQUE,0,1.0,12.0,2021,1,5,0,34.3,31.4,20.0
20211222,2021-01-17,06:00,LIMA,PE-1NE,11.0,DESPISTE,1,0.0,6.0,2021,1,6,1,0.0,0.0,0.0
20211222,2021-01-17,19:30,LORETO,LO-103,17.0,CHOQUE,0,0.0,19.0,2021,1,6,0,0.1,0.1,1.0
20211222,2021-01-17,16:20,UCAYALI,PE-18C,43.0,CHOQUE,0,0.0,16.0,2021,1,6,0,0.4,0.4,3.0
20211222,2021-01-17,20:30,AREQUIPA,PE-34A,74.0,DESPISTE,0,0.0,20.0,2021,1,6,0,0.1,0.1,1.0
20211222,2021-01-17,10:30,CAJAMARCA,PE-08,113.0,CHOQUE,0,1.0,10.0,2021,1,6,0,3.1,3.1,14.0
20211222,2021-01-17,22:50,AMAZONAS,PE-08B,275.0,DESPISTE,0,0.0,22.0,2021,1,6,0,0.3,0.3,2.0
20211222,2021-01-17,19:45,MADRE DE DIOS,PE-30C,321.0,CHOQUE,0,1.0,19.0,2021,1,6,0,1.0,1.0,5.0
20211222,2021-01-17,14:15,PUNO,PE-34B,323.0,DESPISTE,0,7.0,14.0,2021,1,6,0,6.3,6.3,11.0
20211222,2021-01-18,07:25,MOQUEGUA,PE-36A,20.0,DESPISTE,0,0.0,7.0,2021,1,0,0,0.0,0.0,0.0
20211222,2021-01-18,22:00,PIURA,PE-1N,21.0,DESPISTE,0,1.0,22.0,2021,1,0,0,3.8,3.8,7.0
20211222,2021-01-18,11:50,LIMA,PE-1N,44.0,DESPISTE,0,0.0,11.0,2021,1,0,0,0.0,0.0,0.0
20211222,2021-01-18,17:30,ANCASH,AN-107,59.0,DESPISTE,0,0.0,17.0,2021,1,0,0,1.5,1.5,12.0
20211222,2021-01-18,04:40,LIMA,PE-22,115.0,DESPISTE,0,1.0,4.0,2021,1,0,0,0.0,0.0,0.0
20211222,2021-01-18,21:15,LIMA,PE-1S,172.0,CHOQUE,0,0.0,21.0,2021,1,0,0,0.0,0.0,0.0
20211222,2021-01-18,17:30,TUMBES,PE-1N,226.0,CHOQUE,0,2.0,17.0,2021,1,0,0,6.0,6.0,13.0
20211222,2021-01-18,07:35,PIURA,PE-1N,264.0,CHOQUE,0,0.0,7.0,2021,1,0,0,3.8,3.8,7.0
20211222,2021-01-18,20:45,MADRE DE DIOS,PE-30C,285.0,CHOQUE,0,2.0,20.0,2021,1,0,0,20.4,20.4,14.0
20211222,2021-01-18,22:20,APURIMAC,PE-30A,298.0,DESPISTE,0,3.0,22.0,2021,1,0,0,4.7,4.7,12.0
20211222,2021-01-18,17:15,MADRE DE DIOS,PE-30C,308.0,DESPISTE,0,0.0,17.0,2021,1,0,0,20.4,20.4,14.0
20211222,2021-01-18,16:20,APURIMAC,PE-30A,393.0,DESPISTE,0,0.0,16.0,2021,1,0,0,4.7,4.7,12.0
20211222,2021-01-18,10:45,MADRE DE DIOS,PE-30C,404.0,CHOQUE,0,1.0,10.0,2021,1,0,0,20.4,20.4,14.0
20211222,2021-01-18,04:45,CUSCO,PE-3S,1060.0,DESPISTE,0,0.0,4.0,2021,1,0,0,6.8,6.8,14.0
20211222,2021-01-18,14:50,PUNO,PE-3S,1306.0,CHOQUE,1,3.0,14.0,2021,1,0,1,15.0,14.6,24.0
20211222,2021-01-19,17:00,CAJAMARCA,PE-3N,10.0,CHOQUE,0,1.0,17.0,2021,1,1,0,2.3,2.3,10.0
20211222,2021-01-19,05:50,JUNIN,PE-5S,13.0,DESPISTE,0,5.0,5.0,2021,1,1,0,18.1,18.1,21.0
20211222,2021-01-19,07:00,JUNIN,PE-5S,13.0,DESPISTE,0,1.0,7.0,2021,1,1,0,18.1,18.1,21.0
20211222,2021-01-19,19:30,AREQUIPA,AR-109,16.0,DESPISTE,0,7.0,19.0,2021,1,1,0,0.0,0.0,0.0
20211222,2021-01-19,16:45,PUNO,PE-34H,30.0,CHOQUE,0,0.0,16.0,2021,1,1,0,6.7,6.7,14.0
20211222,2021-01-19,22:30,CAJAMARCA,PE-08,35.0,CHOQUE,0,0.0,22.0,2021,1,1,0,2.3,2.3,10.0
20211222,2021-01-19,17:30,LA LIBERTAD,PE-3N,156.0,CHOQUE,0,2.0,17.0,2021,1,1,0,0.0,0.0,0.0
20211222,2021-01-19,16:30,HUANCAVELICA,PE-3S,317.0,CHOQUE,0,3.0,16.0,2021,1,1,0,15.6,15.5,23.0
20211222,2021-01-19,09:00,ICA,PE-1S,422.0,DESPISTE,0,2.0,9.0,2021,1,1,0,0.2,0.2,2.0
20211222,2021-01-19,23:30,AREQUIPA,PE-1S,618.0,ATROPELLO,1,0.0,23.0,2021,1,1,1,0.0,0.0,0.0
20211222,2021-01-19,18:15,APURIMAC,PE-3S,817.0,CHOQUE,0,0.0,18.0,2021,1,1,0,2.5,2.5,9.0
20211222,2021-01-19,19:30,LAMBAYEQUE,PE-1N,835.0,CHOQUE,0,3.0,19.0,2021,1,1,0,0.0,0.0,0.0
20211222,2021-01-19,22:00,CUSCO,PE-3S,941.0,CHOQUE,0,0.0,22.0,2021,1,1,0,6.6,6.6,16.0
20211222,2021-01-19,17:30,AREQUIPA,PE-1S,951.0,DESPISTE,0,0.0,17.0,2021,1,1,0,0.0,0.0,0.0
20211222,2021-01-19,20:40,AREQUIPA,PE-1S,985.0,CHOQUE,0,3.0,20.0,2021,1,1,0,0.0,0.0,0.0
20211222,2021-01-20,18:15,CUSCO,PE-28G,20.0,DESPISTE,0,12.0,18.0,2021,1,2,0,4.9,4.9,11.0
20211222,2021-01-20,08:25,LIMA,PE-1N,42.0,CHOQUE,0,0.0,8.0,2021,1,2,0,0.1,0.1,1.0
20211222,2021-01-20,17:30,LA LIBERTAD,PE-10A,55.0,CHOQUE,0,8.0,17.0,2021,1,2,0,1.0,1.0,4.0
20211222,2021-01-20,15:30,LA LIBERTAD,PE-10A,60.0,DESPISTE,0,1.0,15.0,2021,1,2,0,1.0,1.0,4.0
20211222,2021-01-20,23:00,AREQUIPA,PE-34A,68.0,CHOQUE,0,5.0,23.0,2021,1,2,0,0.0,0.0,0.0
20211222,2021-01-20,N.I.,LIMA,PE-1NJ,73.0,CHOQUE,0,1.0,,2021,1,2,0,0.1,0.1,1.0
20211222,2021-01-20,19:40,LAMBAYEQUE,PE-1NJ,90.0,ATROPELLO,0,1.0,19.0,2021,1,2,0,0.0,0.0,0.0
20211222,2021-01-20,04:45,LIMA,PE-22,91.0,DESPISTE,0,0.0,4.0,2021,1,2,0,0.1,0.1,1.0
20211222,2021-01-20,18:30,JUNIN,PE-5S,94.0,CHOQUE,0,0.0,18.0,2021,1,2,0,13.0,13.0,14.0
20211222,2021-01-20,08:00,HUANCAVELICA,PE-28E,95.0,DESPISTE,0,0.0,8.0,2021,1,2,0,5.9,5.9,14.0
20211222,2021-01-20,12:30,LIMA,PE-22,130.0,CHOQUE,0,1.0,12.0,2021,1,2,0,0.1,0.1,1.0
20211222,2021-01-20,12:45,AREQUIPA,PE-34A,134.0,DESPISTE,0,3.0,12.0,2021,1,2,0,0.0,0.0,0.0
20211222,2021-01-20,12:45,AREQUIPA,PE-34A,136.0,DESPISTE,0,0.0,12.0,2021,1,2,0,0.0,0.0,0.0
20211222,2021-01-20,09:30,LIMA,PE-1N,138.0,DESPISTE,0,0.0,9.0,2021,1,2,0,0.1,0.1,1.0
20211222,2021-01-20,N.I.,LIMA,PE-1S,146.0,CHOQUE,0,1.0,,2021,1,2,0,0.1,0.1,1.0
20211222,2021-01-20,23:45,ICA,PE-1S,212.0,CHOQUE,0,1.0,23.0,2021,1,2,0,0.0,0.0,0.0
20211222,2021-01-20,21:50,PUNO,PE-36A,236.0,DESPISTE,0,0.0,21.0,2021,1,2,0,13.0,13.0,17.0
20211222,2021-01-20,21:50,TACNA,PE-36A,236.0,DESPISTE,0,0.0,21.0,2021,1,2,0,0.0,0.0,0.0
20211222,2021-01-20,05:40,ANCASH,PE-1N,264.0,CHOQUE,0,2.0,5.0,2021,1,2,0,10.5,10.5,15.0
20211222,2021-01-20,04:50,ICA,PE-1S,272.0,ATROPELLO,0,1.0,4.0,2021,1,2,0,0.0,0.0,0.0
20211222,2021-01-20,18:00,ICA,PE-1S,468.0,CHOQUE,0,4.0,18.0,2021,1,2,0,0.0,0.0,0.0
20211222,2021-01-20,18:15,APURIMAC,PE-3S,813.0,CHOQUE,0,2.0,18.0,2021,1,2,0,3.7,3.7,16.0
20211222,2021-01-20,13:30,CUSCO,PE-3S,914.0,DESPISTE,0,1.0,13.0,2021,1,2,0,4.9,4.9,11.0
20211222,2021-01-20,19:30,TACNA,PE-1S,1291.0,CHOQUE,0,0.0,19.0,2021,1,2,0,0.0,0.0,0.0
20211222,2021-01-20,11:00,PUNO,PE-3S,1479.0,DESPISTE,0,0.0,11.0,2021,1,2,0,13.0,13.0,17.0
20211222,2021-01-21,09:50,ICA,PE-30A,24.0,DESPISTE,0,1.0,9.0,2021,1,3,0,0.0,0.0,0.0
20211222,2021-01-21,15:30,CAJAMARCA,PE-06B,35.0,DESPISTE,0,1.0,15.0,2021,1,3,0,3.2,3.2,11.0
20211222,2021-01-21,07:00,LAMBAYEQUE,PE-1NJ,113.0,DESPISTE,0,1.0,7.0,2021,1,3,0,0.0,0.0,0.0
20211222,2021-01-21,11:55,JUNIN,PE-22,141.0,DESPISTE,0,0.0,11.0,2021,1,3,0,8.3,8.3,16.0
20211222,2021-01-21,20:30,AYACUCHO,PE-28A,250.0,CHOQUE,0,5.0,20.0,2021,1,3,0,2.0,2.0,6.0
20211222,2021-01-21,08:35,APURIMAC,PE-30A,297.0,DESPISTE,0,2.0,8.0,2021,1,3,0,5.3,5.3,15.0
20211222,2021-01-21,16:00,AMAZONAS,PE-08B,324.0,CHOQUE,0,0.0,16.0,2021,1,3,0,2.3,2.3,5.0
20211222,2021-01-21,16:40,ICA,PE-1S,332.0,DESPISTE,1,3.0,16.0,2021,1,3,1,0.0,0.0,0.0
20211222,2021-01-21,07:30,AREQUIPA,PE-1S,602.0,DESPISTE,0,0.0,7.0,2021,1,3,0,0.1,0.1,1.0
20211222,2021-01-21,07:30,AREQUIPA,PE-1S,602.0,VOLCADURA,0,0.0,7.0,2021,1,3,0,0.1,0.1,1.0
20211222,2021-01-21,13:00,APURIMAC,PE-3S,832.0,DESPISTE,0,0.0,13.0,2021,1,3,0,5.3,5.3,15.0
20211222,2021-01-22,21:00,AREQUIPA,PE-34A,12.0,CHOQUE,1,0.0,21.0,2021,1,4,1,0.2,0.2,2.0
20211222,2021-01-22,08:30,AREQUIPA,AR-109,48.0,DESPISTE,0,1.0,8.0,2021,1,4,0,0.2,0.2,2.0
20211222,2021-01-22,16:05,AREQUIPA,PE-1SJ,49.0,CHOQUE,0,0.0,16.0,2021,1,4,0,0.2,0.2,2.0
20211222,2021-01-22,10:25,LAMBAYEQUE,PE-06A,54.0,DESPISTE,0,0.0,10.0,2021,1,4,0,0.0,0.0,0.0
20211222,2021-01-22,14:45,LIMA,PE-22,56.0,CHOQUE,0,0.0,14.0,2021,1,4,0,0.0,0.0,0.0
20211222,2021-01-22,14:40,LIMA,PE-1N,87.0,CHOQUE,0,2.0,14.0,2021,1,4,0,0.0,0.0,0.0
20211222,2021-01-22,09:00,LIMA,PE-1S,96.0,CHOQUE,0,3.0,9.0,2021,1,4,0,0.0,0.0,0.0
20211222,2021-01-22,16:50,LIMA,PE-22,110.0,DESPISTE,0,0.0,16.0,2021,1,4,0,0.0,0.0,0.0
20211222,2021-01-22,08:10,PUNO,PE-3SG,550.0,CHOQUE,0,2.0,8.0,2021,1,4,0,15.7,15.7,22.0
20211222,2021-01-22,10:30,SAN MARTIN,PE-5N,597.0,CHOQUE,0,1.0,10.0,2021,1,4,0,2.2,2.2,11.0
20211222,2021-01-23,17:15,AREQUIPA,PE-34J,2.0,DESPISTE,0,1.0,17.0,2021,1,5,0,0.0,0.0,0.0
20211222,2021-01-23,20:40,LORETO,LO-103,2.0,DESPISTE,0,0.0,20.0,2021,1,5,0,19.3,19.3,22.0
20211222,2021-01-23,21:50,LIMA,PE-1NA,3.0,CHOQUE,0,2.0,21.0,2021,1,5,0,0.0,0.0,0.0
20211222,2021-01-23,20:30,CAJAMARCA,PE-5N,4.0,CHOQUE,1,0.0,20.0,2021,1,5,1,1.5,1.5,7.0
20211222,2021-01-23,13:45,JUNIN,PE-3N,5.0,CHOQUE,0,3.0,13.0,2021,1,5,0,9.8,9.8,16.0
20211222,2021-01-23,12:10,LORETO,LO-103,6.0,CHOQUE,0,5.0,12.0,2021,1,5,0,19.3,19.3,22.0
20211222,2021-01-23,15:50,AREQUIPA,PE-1SD,8.0,DESPISTE,0,1.0,15.0,2021,1,5,0,0.0,0.0,0.0
20211222,2021-01-23,10:50,LIMA,PE-1N,55.0,DESPISTE,0,0.0,10.0,2021,1,5,0,0.0,0.0,0.0
20211222,2021-01-23,12:30,LAMBAYEQUE,PE-1NJ,95.0,CHOQUE,0,1.0,12.0,2021,1,5,0,0.0,0.0,0.0
20211222,2021-01-23,16:20,LIMA,PE-22,99.0,DESPISTE,0,0.0,16.0,2021,1,5,0,0.0,0.0,0.0
20211222,2021-01-23,05:30,PUNO,PE-34H,104.0,DESPISTE,0,0.0,5.0,2021,1,5,0,8.0,8.0,18.0
20211222,2021-01-23,22:00,LIMA,PE-1S,112.0,ESPECIAL,0,0.0,22.0,2021,1,5,0,0.0,0.0,0.0
20211222,2021-01-23,23:35,CAJAMARCA,PE-08,114.0,CHOQUE,0,2.0,23.0,2021,1,5,0,1.5,1.5,7.0
20211222,2021-01-23,12:40,CUSCO,PE-3S,163.0,CHOQUE,0,4.0,12.0,2021,1,5,0,2.1,2.1,11.0
20211222,2021-01-23,20:55,HUANUCO,PE-18A,208.0,CHOQUE,0,2.0,20.0,2021,1,5,0,1.0,1.0,10.0
20211222,2021-01-23,22:30,MOQUEGUA,PE-1SD,210.0,VOLCADURA,0,0.0,22.0,2021,1,5,0,0.0,0.0,0.0
20211222,2021-01-23,17:10,ANCASH,PE-1N,274.0,DESPISTE,0,3.0,17.0,2021,1,5,0,2.8,2.8,10.0
20211222,2021-01-23,02:30,ICA,PE-1S,328.0,CHOQUE,1,0.0,2.0,2021,1,5,1,0.0,0.0,0.0
20211222,2021-01-23,18:00,ANCASH,PE-1N,392.0,DESPISTE,0,1.0,18.0,2021,1,5,0,2.8,2.8,10.0
20211222,2021-01-23,12:00,SAN MARTIN,PE-5N,565.0,DESPISTE,0,0.0,12.0,2021,1,5,0,10.8,10.8,11.0
20211222,2021-01-23,20:30,MOQUEGUA,PE-1S,1095.0,DESPISTE,0,3.0,20.0,2021,1,5,0,0.0,0.0,0.0
20211222,2021-01-24,20:20,LIMA,PE-20,8.0,ATROPELLO,1,0.0,20.0,2021,1,6,1,0.0,0.0,0.0
20211222,2021-01-24,06:30,LIMA,PE-16,12.0,ESPECIAL,0,0.0,6.0,2021,1,6,0,0.0,0.0,0.0
20211222,2021-01-24,19:20,PUNO,PE-34H,12.0,DESPISTE,0,0.0,19.0,2021,1,6,0,9.3,9.2,17.0
20211222,2021-01-24,13:30,MOQUEGUA,PE-36,41.0,CHOQUE,0,1.0,13.0,2021,1,6,0,0.0,0.0,0.0
20211222,2021-01-24,23:30,HUANUCO,PE-18A,93.0,DESPISTE,0,1.0,23.0,2021,1,6,0,2.8,2.8,11.0
20211222,2021-01-24,21:00,PASCO,PE-3N,96.0,CHOQUE,0,1.0,21.0,2021,1,6,0,5.2,5.2,13.0
20211222,2021-01-24,19:21,UCAYALI,PE-5N,148.0,CHOQUE,1,0.0,19.0,2021,1,6,1,38.3,38.3,19.0
20211222,2021-01-24,21:15,AREQUIPA,PE-34A,151.0,CHOQUE,0,4.0,21.0,2021,1,6,0,0.8,0.8,1.0
20211222,2021-01-24,04:35,LIMA,PE-1N,169.0,DESPISTE,0,0.0,4.0,2021,1,6,0,0.0,0.0,0.0
20211222,2021-01-24,19:15,JUNIN,PE-24,279.0,DESPISTE,0,1.0,19.0,2021,1,6,0,4.9,4.9,12.0
20211222,2021-01-24,07:40,ANCASH,PE-1N,292.0,DESPISTE,0,1.0,7.0,2021,1,6,0,17.9,17.9,13.0
20211222,2021-01-24,06:21,MADRE DE DIOS,PE-30C,322.0,CHOQUE,0,0.0,6.0,2021,1,6,0,30.3,30.3,18.0
20211222,2021-01-24,18:30,UCAYALI,PE-5N,391.0,CHOQUE,1,0.0,18.0,2021,1,6,1,38.3,38.3,19.0
20211222,2021-01-25,09:30,AREQUIPA,PE-34,0.0,CHOQUE,0,0.0,9.0,2021,1,0,0,0.6,0.6,3.0
20211222,2021-01-25,15:10,UCAYALI,PE-18C,15.0,CHOQUE,0,2.0,15.0,2021,1,0,0,4.9,4.9,15.0
20211222,2021-01-25,17:30,CAJAMARCA,PE-3N,20.0,DESPISTE,0,0.0,17.0,2021,1,0,0,2.1,2.1,10.0
20211222,2021-01-25,06:00,JUNIN,PE-3SA,27.0,DESPISTE,0,0.0,6.0,2021,1,0,0,4.2,4.2,11.0
20211222,2021-01-25,21:25,LA LIBERTAD,PE-10A,30.0,CHOQUE,0,3.0,21.0,2021,1,0,0,0.5,0.5,4.0
20211222,2021-01-25,15:00,LIMA,PE-22,47.0,DESPISTE,0,0.0,15.0,2021,1,0,0,0.0,0.0,0.0
20211222,2021-01-25,13:00,LIMA,PE-1N,83.0,CHOQUE,0,0.0,13.0,2021,1,0,0,0.0,0.0,0.0
20211222,2021-01-25,18:30,CUSCO,PE-28F,106.0,CHOQUE,0,0.0,18.0,2021,1,0,0,0.7,0.7,5.0
20211222,2021-01-25,18:50,CAJAMARCA,PE-08,121.0,DESPISTE,0,1.0,18.0,2021,1,0,0,2.1,2.1,10.0
20211222,2021-01-25,15:56,CAJAMARCA,PE-08,161.0,CHOQUE,0,5.0,15.0,2021,1,0,0,2.1,2.1,10.0
20211222,2021-01-25,00:50,ANCASH,PE-1N,326.0,DESPISTE,0,15.0,0.0,2021,1,0,0,7.0,7.0,14.0
20211222,2021-01-25,04:30,AMAZONAS,PE-5N,372.0,DESPISTE,0,0.0,4.0,2021,1,0,0,3.8,3.8,8.0
20211222,2021-01-25,21:00,MADRE DE DIOS,PE-5S,403.0,CHOQUE,0,1.0,21.0,2021,1,0,0,2.9,2.9,11.0
20211222,2021-01-25,07:30,APURIMAC,PE-3S,586.0,CHOQUE,0,2.0,7.0,2021,1,0,0,3.9,3.9,10.0
20211222,2021-01-25,19:00,LAMBAYEQUE,PE-1N,824.0,DESPISTE,0,0.0,19.0,2021,1,0,0,0.0,0.0,0.0
20211222,2021-01-25,19:30,LAMBAYEQUE,PE-1N,846.0,CHOQUE,0,0.0,19.0,2021,1,0,0,0.0,0.0,0.0
20211222,2021-01-25,09:20,AREQUIPA,PE-1S,973.0,CHOQUE,0,0.0,9.0,2021,1,0,0,0.6,0.6,3.0
20211222,2021-01-25,07:00,CUSCO,PE-3S,1002.0,CHOQUE,0,1.0,7.0,2021,1,0,0,0.7,0.7,5.0
20211222,2021-01-25,08:00,AREQUIPA,PE-1S,1022.0,DESPISTE,0,0.0,8.0,2021,1,0,0,0.6,0.6,3.0
20211222,2021-01-26,18:10,UCAYALI,PE-18C,17.0,CHOQUE,0,0.0,18.0,2021,1,1,0,0.8,0.8,3.0
20211222,2021-01-26,09:40,LIMA,PE-22,69.0,DESPISTE,0,2.0,9.0,2021,1,1,0,0.0,0.0,0.0
20211222,2021-01-26,N.I.,LIMA,PE-1N,82.0,CHOQUE,0,0.0,,2021,1,1,0,0.0,0.0,0.0
20211222,2021-01-26,05:20,LIMA,PE-1S,127.0,DESPISTE,0,1.0,5.0,2021,1,1,0,0.0,0.0,0.0
20211222,2021-01-26,07:30,ICA,PE-1S,230.0,ATROPELLO,0,1.0,7.0,2021,1,1,0,0.0,0.0,0.0
20211222,2021-01-26,19:55,ANCASH,PE-1N,408.0,DESPISTE,0,1.0,19.0,2021,1,1,0,10.2,10.2,20.0
20211222,2021-01-26,17:30,LA LIBERTAD,PE-1N,514.0,CHOQUE,0,1.0,17.0,2021,1,1,0,0.9,0.9,5.0
20211222,2021-01-26,18:40,LAMBAYEQUE,PE-1N,751.0,DESPISTE,0,0.0,18.0,2021,1,1,0,0.0,0.0,0.0
20211222,2021-01-26,16:50,CUSCO,CU-105,,VOLCADURA,0,3.0,16.0,2021,1,1,0,8.9,8.9,16.0
20211222,2021-01-27,15:10,LA LIBERTAD,PE-10A,2.0,DESPISTE,0,1.0,15.0,2021,1,2,0,0.0,0.0,0.0
20211222,2021-01-27,17:30,UCAYALI,PE-18C,27.0,DESPISTE,0,2.0,17.0,2021,1,2,0,1.0,1.0,2.0
20211222,2021-01-27,07:00,CUSCO,PE-28F,38.0,CHOQUE,0,2.0,7.0,2021,1,2,0,2.8,2.8,13.0
20211222,2021-01-27,18:30,ANCASH,PE-12A,49.0,DESPISTE,0,1.0,18.0,2021,1,2,0,2.3,2.3,8.0
20211222,2021-01-27,21:30,LAMBAYEQUE,PE-1NJ,95.0,CHOQUE,0,2.0,21.0,2021,1,2,0,0.1,0.1,1.0
20211222,2021-01-27,16:20,UCAYALI,PE-5N,137.0,ESPECIAL,0,2.0,16.0,2021,1,2,0,1.0,1.0,2.0
20211222,2021-01-27,09:50,AREQUIPA,PE-1S,597.0,DESPISTE,0,0.0,9.0,2021,1,2,0,0.0,0.0,0.0
20211222,2021-01-27,15:35,AREQUIPA,PE-1S,664.0,DESPISTE,0,1.0,15.0,2021,1,2,0,0.0,0.0,0.0
20211222,2021-01-27,17:20,PUNO,PE-3S,1368.0,CHOQUE,0,0.0,17.0,2021,1,2,0,0.1,0.1,1.0
20211222,2021-01-28,18:20,JUNIN,PE-22B,26.0,CHOQUE,0,0.0,18.0,2021,1,3,0,3.5,3.5,9.0
20211222,2021-01-28,21:20,LIMA,PE-22,56.0,CHOQUE,0,0.0,21.0,2021,1,3,0,0.0,0.0,0.0
20211222,2021-01-28,02:30,AYACUCHO,PE-30A,79.0,CHOQUE,0,2.0,2.0,2021,1,3,0,0.1,0.1,1.0
20211222,2021-01-28,10:20,CUSCO,PE-28B,117.0,CHOQUE,0,0.0,10.0,2021,1,3,0,2.5,2.5,10.0
20211222,2021-01-28,14:30,AYACUCHO,PE-34A,128.0,CHOQUE,0,0.0,14.0,2021,1,3,0,0.1,0.1,1.0
20211222,2021-01-28,10:30,LIMA,PE-1N,140.0,DESPISTE,0,1.0,10.0,2021,1,3,0,0.0,0.0,0.0
20211222,2021-01-28,06:00,JUNIN,PE-22,141.0,DESPISTE,0,0.0,6.0,2021,1,3,0,3.5,3.5,9.0
20211222,2021-01-28,14:57,LIMA,PE-1S,148.0,DESPISTE,0,2.0,14.0,2021,1,3,0,0.0,0.0,0.0
20211222,2021-01-28,16:40,JUNIN,PE-22,167.0,DESPISTE,0,0.0,16.0,2021,1,3,0,3.5,3.5,9.0
20211222,2021-01-28,06:10,LIMA,PE-1N,187.0,CHOQUE,0,1.0,6.0,2021,1,3,0,0.0,0.0,0.0
20211222,2021-01-28,21:30,ICA,PE-1S,289.0,DESPISTE,0,1.0,21.0,2021,1,3,0,0.0,0.0,0.0
20211222,2021-01-28,16:14,PIURA,PE-1N,952.0,CHOQUE,1,4.0,16.0,2021,1,3,1,1.8,1.8,4.0
20211222,2021-01-29,16:00,UCAYALI,PE-18C,17.0,CHOQUE,0,1.0,16.0,2021,1,4,0,0.3,0.3,3.0
20211222,2021-01-29,07:10,LIMA,PE-1NE,32.0,DESPISTE,0,2.0,7.0,2021,1,4,0,0.0,0.0,0.0
20211222,2021-01-29,04:50,CAJAMARCA,PE-08B,95.0,DESPISTE,0,0.0,4.0,2021,1,4,0,21.0,21.0,15.0
20211222,2021-01-29,11:10,LIMA,PE-1N,133.0,DESPISTE,0,2.0,11.0,2021,1,4,0,0.0,0.0,0.0
20211222,2021-01-29,09:30,PASCO,PE-3N,136.0,DESPISTE,0,7.0,9.0,2021,1,4,0,11.9,10.3,13.0
20211222,2021-01-29,09:30,PASCO,PE-3N,136.0,DESPISTE,0,8.0,9.0,2021,1,4,0,11.9,10.3,13.0
20211222,2021-01-29,12:40,PUNO,PE-34A,255.0,CHOQUE,4,0.0,12.0,2021,1,4,1,0.0,0.0,0.0
20211222,2021-01-29,21:30,MADRE DE DIOS,PE-30C,264.0,ATROPELLO,0,3.0,21.0,2021,1,4,0,6.3,6.3,12.0
20211222,2021-01-29,11:30,ANCASH,PE-1N,349.0,DESPISTE,0,1.0,11.0,2021,1,4,0,2.2,2.2,11.0
20211222,2021-01-29,16:40,ANCASH,PE-1N,349.0,DESPISTE,0,1.0,16.0,2021,1,4,0,2.2,2.2,11.0
20211222,2021-01-29,07:01,LAMBAYEQUE,PE-1N,769.0,ATROPELLO,0,1.0,7.0,2021,1,4,0,0.0,0.0,0.0
20211222,2021-01-29,21:35,AREQUIPA,PE-1S,773.0,CHOQUE,0,0.0,21.0,2021,1,4,0,0.0,0.0,0.0
20211222,2021-01-29,16:00,LAMBAYEQUE,PE-1N,870.0,DESPISTE,0,2.0,16.0,2021,1,4,0,0.0,0.0,0.0
20211222,2021-01-29,23:00,PUNO,PE-3S,1284.0,DESPISTE,1,2.0,23.0,2021,1,4,1,0.0,0.0,0.0
20211222,2021-01-30,11:05,HUANCAVELICA,PE-3SD,7.0,CHOQUE,0,2.0,11.0,2021,1,5,0,6.0,6.0,12.0
20211222,2021-01-30,16:42,PUNO,PE-34B,13.0,DESPISTE,0,0.0,16.0,2021,1,5,0,0.5,0.5,3.0
20211222,2021-01-30,13:40,LIMA,PE-16,14.0,DESPISTE,0,0.0,13.0,2021,1,5,0,0.0,0.0,0.0
20211222,2021-01-30,17:00,ANCASH,PE-3N,16.0,CHOQUE,0,0.0,17.0,2021,1,5,0,2.8,2.8,6.0
20211222,2021-01-30,09:45,ANCASH,PE-3N,22.0,DESPISTE,0,1.0,9.0,2021,1,5,0,2.8,2.8,6.0
20211222,2021-01-30,07:35,MOQUEGUA,PE-1SD,26.0,CHOQUE,0,0.0,7.0,2021,1,5,0,0.0,0.0,0.0
20211222,2021-01-30,22:10,PIURA,PE-1N,28.0,DESPISTE,1,0.0,22.0,2021,1,5,1,0.0,0.0,0.0
20211222,2021-01-30,11:40,JUNIN,PE-3S,32.0,CHOQUE,0,4.0,11.0,2021,1,5,0,12.9,12.9,11.0
20211222,2021-01-30,11:40,JUNIN,PE-3S,36.0,DESPISTE,0,1.0,11.0,2021,1,5,0,12.9,12.9,11.0
20211222,2021-01-30,22:20,LIMA,PE-1S,37.0,DESPISTE,0,0.0,22.0,2021,1,5,0,0.0,0.0,0.0
20211222,2021-01-30,07:30,AMAZONAS,PE-08C,38.0,DESPISTE,0,1.0,7.0,2021,1,5,0,1.3,1.3,9.0
20211222,2021-01-30,14:15,LIMA,PE-1N,48.0,DESPISTE,0,14.0,14.0,2021,1,5,0,0.0,0.0,0.0
20211222,2021-01-30,06:00,JUNIN,PE-22B,56.0,CHOQUE,0,2.0,6.0,2021,1,5,0,12.9,12.9,11.0
20211222,2021-01-30,02:00,LIMA,PE-22,99.0,ESPECIAL,0,15.0,2.0,2021,1,5,0,0.0,0.0,0.0
20211222,2021-01-30,12:00,CUSCO,PE-28B,116.0,CHOQUE,1,0.0,12.0,2021,1,5,1,3.9,3.9,7.0
20211222,2021-01-30,02:20,LIMA,PE-1N,136.0,CHOQUE,0,4.0,2.0,2021,1,5,0,0.0,0.0,0.0
20211222,2021-01-30,05:10,LIMA,PE-1N,143.0,ATROPELLO,0,0.0,5.0,2021,1,5,0,0.0,0.0,0.0
20211222,2021-01-30,06:40,LIMA,PE-1S,155.0,DESPISTE,0,1.0,6.0,2021,1,5,0,0.0,0.0,0.0
20211222,2021-01-30,23:10,MADRE DE DIOS,PE-30C,324.0,DESPISTE,0,3.0,23.0,2021,1,5,0,3.3,3.3,11.0
20211222,2021-01-30,15:30,ANCASH,PE-1N,414.0,CHOQUE,0,1.0,15.0,2021,1,5,0,2.8,2.8,6.0
20211222,2021-01-30,05:30,SAN MARTIN,PE-5N,586.0,CHOQUE,2,0.0,5.0,2021,1,5,1,0.2,0.2,2.0
20211222,2021-01-30,11:40,AREQUIPA,PE-1S,623.0,DESPISTE,0,0.0,11.0,2021,1,5,0,0.0,0.0,0.0
20211222,2021-01-30,11:00,ANCASH,PE-3N,636.0,CHOQUE,0,1.0,11.0,2021,1,5,0,2.8,2.8,6.0
20211222,2021-01-30,12:40,LAMBAYEQUE,PE-1N,835.0,DESPISTE,0,0.0,12.0,2021,1,5,0,0.0,0.0,0.0
20211222,2021-01-30,16:45,CUSCO,PE-3S,1000.0,CHOQUE,0,0.0,16.0,2021,1,5,0,3.9,3.9,7.0
20211222,2021-01-31,07:00,TACNA,PE-1SD,15.0,ATROPELLO,0,1.0,7.0,2021,1,6,0,0.0,0.0,0.0
20211222,2021-01-31,14:30,ICA,PE-26,23.0,DESPISTE,0,19.0,14.0,2021,1,6,0,0.6,0.6,1.0
20211222,2021-01-31,18:10,CAJAMARCA,PE-3N,60.0,CHOQUE,0,1.0,18.0,2021,1,6,0,0.0,0.0,0.0
20211222,2021-01-31,06:50,CAJAMARCA,PE-08,81.0,CHOQUE,0,0.0,6.0,2021,1,6,0,0.0,0.0,0.0
20211222,2021-01-31,11:00,JUNIN,PE-3S,99.0,ATROPELLO,0,1.0,11.0,2021,1,6,0,8.5,8.5,10.0
20211222,2021-01-31,21:20,LIMA,PE-1S,108.0,DESPISTE,0,0.0,21.0,2021,1,6,0,0.1,0.1,1.0
20211222,2021-01-31,04:00,ICA,PE-1S,210.0,CHOQUE,0,0.0,4.0,2021,1,6,0,0.6,0.6,1.0
20211222,2021-01-31,14:10,APURIMAC,PE-30A,283.0,CHOQUE,0,3.0,14.0,2021,1,6,0,0.8,0.8,3.0
20211222,2021-01-31,04:30,SAN MARTIN,PE-5N,479.0,CHOQUE,0,1.0,4.0,2021,1,6,0,0.7,0.7,4.0
20211222,2021-01-31,08:30,SAN MARTIN,PE-5N,736.0,DESPISTE,0,1.0,8.0,2021,1,6,0,0.7,0.7,4.0
20211222,2021-02-01,19:45,AREQUIPA,PE-34A,5.0,DESPISTE,0,0.0,19.0,2021,2,0,0,0.0,0.0,0.0
20211222,2021-02-01,22:40,ANCASH,PE-16,76.0,CHOQUE,0,0.0,22.0,2021,2,0,0,0.7,0.7,3.0
20211222,2021-02-01,22:15,LIMA,PE-1S,80.0,ESPECIAL,0,0.0,22.0,2021,2,0,0,0.0,0.0,0.0
20211222,2021-02-01,01:06,LIMA,PE-1S,84.0,DESPISTE,0,1.0,1.0,2021,2,0,0,0.0,0.0,0.0
20211222,2021-02-01,17:15,SAN MARTIN,PE-5N,85.0,CHOQUE,0,1.0,17.0,2021,2,0,0,0.5,0.5,2.0
20211222,2021-02-01,07:30,AYACUCHO,PE-3N,130.0,DESPISTE,0,0.0,7.0,2021,2,0,0,2.5,2.5,4.0
20211222,2021-02-01,17:45,PIURA,PE-1NJ,191.0,ESPECIAL,0,0.0,17.0,2021,2,0,0,0.0,0.0,0.0
20211222,2021-02-01,16:00,MADRE DE DIOS,PE-30C,282.0,CHOQUE,0,1.0,16.0,2021,2,0,0,2.2,2.2,8.0
20211222,2021-02-01,14:00,MADRE DE DIOS,PE-30C,459.0,DESPISTE,0,0.0,14.0,2021,2,0,0,2.2,2.2,8.0
20211222,2021-02-01,16:10,LAMBAYEQUE,PE-1N,807.0,CHOQUE,0,1.0,16.0,2021,2,0,0,0.0,0.0,0.0
20211222,2021-02-01,07:30,AREQUIPA,PE-1S,929.0,CHOQUE,0,8.0,7.0,2021,2,0,0,0.0,0.0,0.0
20211222,2021-02-01,21:00,PIURA,PE-1N,987.0,CHOQUE,2,5.0,21.0,2021,2,0,1,0.0,0.0,0.0
20211222,2021-02-01,08:30,PIURA,PE-1N,1035.0,CHOQUE,0,3.0,8.0,2021,2,0,0,0.0,0.0,0.0
20211222,2021-02-02,08:20,AREQUIPA,PE-3N,3.0,CHOQUE,0,4.0,8.0,2021,2,1,0,0.5,0.5,1.0
20211222,2021-02-02,09:10,JUNIN,PE-22B,3.0,DESPISTE,0,0.0,9.0,2021,2,1,0,4.6,4.6,9.0
20211222,2021-02-02,20:30,PUNO,PE-34H,6.0,CHOQUE,0,1.0,20.0,2021,2,1,0,4.9,4.9,13.0
20211222,2021-02-02,12:35,HUANCAVELICA,PE-26B,7.0,DESPISTE,0,1.0,12.0,2021,2,1,0,2.4,2.4,11.0
20211222,2021-02-02,19:30,UCAYALI,PE-18C,48.0,ATROPELLO,1,0.0,19.0,2021,2,1,1,0.5,0.5,4.0
20211222,2021-02-02,02:00,MADRE DE DIOS,PE-30C,317.0,DESPISTE,0,0.0,2.0,2021,2,1,0,15.7,15.7,17.0
20211222,2021-02-02,09:50,AREQUIPA,PE-1S,516.0,CHOQUE,0,1.0,9.0,2021,2,1,0,0.5,0.5,1.0
20211222,2021-02-02,18:30,MOQUEGUA,PE-1S,1145.0,CHOQUE,0,1.0,18.0,2021,2,1,0,0.0,0.0,0.0
20211222,2021-02-03,20:00,CAJAMARCA,PE-5N,0.0,ATROPELLO,0,2.0,20.0,2021,2,2,0,2.5,2.5,3.0
20211222,2021-02-03,23:30,ANCASH,PE-3N,10.0,ESPECIAL,0,0.0,23.0,2021,2,2,0,1.7,1.7,7.0
20211222,2021-02-03,18:20,JUNIN,PE-5S,36.0,CHOQUE,0,0.0,18.0,2021,2,2,0,5.3,5.3,12.0
20211222,2021-02-03,12:00,TACNA,PE-1SD,44.0,DESPISTE,0,2.0,12.0,2021,2,2,0,0.0,0.0,0.0
20211222,2021-02-03,07:40,LIMA,PE-1S,48.0,DESPISTE,0,2.0,7.0,2021,2,2,0,0.0,0.0,0.0
20211222,2021-02-03,17:55,AREQUIPA,PE-34A,61.0,DESPISTE,0,0.0,17.0,2021,2,2,0,0.2,0.2,1.0
20211222,2021-02-03,17:00,HUANCAVELICA,PE-26,135.0,DESPISTE,0,7.0,17.0,2021,2,2,0,6.5,6.5,17.0
20211222,2021-02-03,05:55,LAMBAYEQUE,PE-1N,145.0,DESPISTE,0,0.0,5.0,2021,2,2,0,0.0,0.0,0.0
20211222,2021-02-03,10:30,CUSCO,PE-28B,158.0,CHOQUE,0,0.0,10.0,2021,2,2,0,5.3,5.3,17.0
20211222,2021-02-03,17:40,AREQUIPA,PE-34A,179.0,DESPISTE,0,0.0,17.0,2021,2,2,0,0.2,0.2,1.0
20211222,2021-02-03,23:30,CAJAMARCA,PE-5N,184.0,DESPISTE,0,1.0,23.0,2021,2,2,0,2.5,2.5,3.0
20211222,2021-02-03,11:40,APURIMAC,PE-3S,814.0,CHOQUE,0,1.0,11.0,2021,2,2,0,2.7,2.7,6.0
20211222,2021-02-04,16:30,JUNIN,PE-3N,23.0,CHOQUE,0,2.0,16.0,2021,2,3,0,16.3,16.3,21.0
20211222,2021-02-04,04:30,LIMA,PE-1S,25.0,DESPISTE,0,1.0,4.0,2021,2,3,0,0.0,0.0,0.0
20211222,2021-02-04,05:30,LIMA,PE-1S,34.0,DESPISTE,0,0.0,5.0,2021,2,3,0,0.0,0.0,0.0
20211222,2021-02-04,10:00,CUSCO,PE-28B,105.0,DESPISTE,0,0.0,10.0,2021,2,3,0,1.7,1.7,9.0
20211222,2021-02-04,18:50,CUSCO,PE-28B,183.0,CHOQUE,0,5.0,18.0,2021,2,3,0,1.7,1.7,9.0
20211222,2021-02-04,05:40,AYACUCHO,PE-28A,225.0,DESPISTE,0,0.0,5.0,2021,2,3,0,1.8,1.8,2.0
20211222,2021-02-04,15:10,SAN MARTIN,PE-5N,597.0,DESPISTE,0,0.0,15.0,2021,2,3,0,3.8,3.8,17.0
20211222,2021-02-04,15:42,LA LIBERTAD,PE-1N,617.0,VOLCADURA,0,0.0,15.0,2021,2,3,0,0.0,0.0,0.0
20211222,2021-02-04,12:30,SAN MARTIN,PE-5N,758.0,DESPISTE,0,1.0,12.0,2021,2,3,0,3.8,3.8,17.0
20211222,2021-02-05,17:45,AREQUIPA,PE-34C,7.0,DESPISTE,0,1.0,17.0,2021,2,4,0,1.9,1.9,6.0
20211222,2021-02-05,18:50,AREQUIPA,PE-34C,10.0,CHOQUE,0,0.0,18.0,2021,2,4,0,1.9,1.9,6.0
20211222,2021-02-05,15:00,AREQUIPA,PE-34E,13.0,DESPISTE,0,0.0,15.0,2021,2,4,0,1.9,1.9,6.0
20211222,2021-02-05,07:50,JUNIN,PE-3S,22.0,CHOQUE,0,1.0,7.0,2021,2,4,0,1.3,1.3,8.0
20211222,2021-02-05,23:37,JUNIN,PE-3S,22.0,DESPISTE,0,1.0,23.0,2021,2,4,0,1.3,1.3,8.0
20211222,2021-02-05,16:00,ANCASH,PE-16,100.0,VOLCADURA,0,0.0,16.0,2021,2,4,0,25.7,25.7,19.0
20211222,2021-02-05,16:00,ANCASH,PE-14,100.0,VOLCADURA,0,0.0,16.0,2021,2,4,0,25.7,25.7,19.0
20211222,2021-02-05,14:58,LIMA,PE-22,112.0,DESPISTE,0,0.0,14.0,2021,2,4,0,0.0,0.0,0.0
20211222,2021-02-05,12:00,ICA,PE-1S,278.0,CHOQUE,0,1.0,12.0,2021,2,4,0,0.1,0.1,1.0
20211222,2021-02-05,03:45,APURIMAC,PE-30A,308.0,DESPISTE,0,1.0,3.0,2021,2,4,0,10.2,10.2,18.0
20211222,2021-02-05,12:50,AREQUIPA,PE-1S,732.0,CHOQUE,0,1.0,12.0,2021,2,4,0,1.9,1.9,6.0
20211222,2021-02-05,12:35,AREQUIPA,PE-1S,999.0,CHOQUE,0,2.0,12.0,2021,2,4,0,1.9,1.9,6.0
20211222,2021-02-06,01:15,LA LIBERTAD,N.I.,0.0,DESPISTE,0,1.0,1.0,2021,2,5,0,0.5,0.5,2.0
20211222,2021-02-06,20:00,LORETO,LO-103,6.0,DESPISTE,0,1.0,20.0,2021,2,5,0,0.1,0.1,1.0
20211222,2021-02-06,17:30,LIMA,PE-1S,18.0,DESPISTE,0,0.0,17.0,2021,2,5,0,0.2,0.2,2.0
20211222,2021-02-06,01:30,LIMA,PE-22,22.0,DESPISTE,0,1.0,1.0,2021,2,5,0,0.2,0.2,2.0
20211222,2021-02-06,10:50,LIMA,PE-1S,28.0,DESPISTE,0,0.0,10.0,2021,2,5,0,0.2,0.2,2.0
20211222,2021-02-06,18:00,CAJAMARCA,PE-08B,85.0,CHOQUE,0,0.0,18.0,2021,2,5,0,0.2,0.2,2.0
20211222,2021-02-06,04:08,LIMA,PE-1S,150.0,CHOQUE,1,1.0,4.0,2021,2,5,1,0.2,0.2,2.0
20211222,2021-02-06,20:30,JUNIN,PE-22,160.0,DESPISTE,0,2.0,20.0,2021,2,5,0,12.0,12.0,19.0
20211222,2021-02-06,23:30,PIURA,PE-1N,1025.0,DESPISTE,0,0.0,23.0,2021,2,5,0,0.0,0.0,0.0
20211222,2021-02-06,20:45,LAMBAYEQUE,PE-1NJ,1338.0,CHOQUE,0,1.0,20.0,2021,2,5,0,0.0,0.0,0.0
20211222,2021-02-06,20:45,PUNO,PE-3S,1338.0,CHOQUE,0,1.0,20.0,2021,2,5,0,4.5,4.5,14.0
20211222,2021-02-07,09:30,ICA,PE-1SG,11.0,DESPISTE,0,0.0,9.0,2021,2,6,0,0.5,0.5,3.0
20211222,2021-02-07,13:00,LIMA,PE-18,41.0,DESPISTE,0,1.0,13.0,2021,2,6,0,0.0,0.0,0.0
20211222,2021-02-07,06:30,LIMA,PE-22,53.0,DESPISTE,0,0.0,6.0,2021,2,6,0,0.0,0.0,0.0
20211222,2021-02-07,01:00,LAMBAYEQUE,PE-1NJ,68.0,DESPISTE,0,1.0,1.0,2021,2,6,0,0.0,0.0,0.0
20211222,2021-02-07,13:30,LIMA,PE-22,100.0,CHOQUE,0,1.0,13.0,2021,2,6,0,0.0,0.0,0.0
20211222,2021-02-07,04:30,ICA,PE-1S,184.0,CHOQUE,0,1.0,4.0,2021,2,6,0,0.5,0.5,3.0
20211222,2021-02-07,11:00,ICA,PE-1S,294.0,CHOQUE,1,1.0,11.0,2021,2,6,1,0.5,0.5,3.0
20211222,2021-02-07,00:40,AREQUIPA,PE-1S,609.0,DESPISTE,0,2.0,0.0,2021,2,6,0,3.9,3.9,6.0
20211222,2021-02-07,23:00,AREQUIPA,PE-1S,744.0,DESPISTE,0,0.0,23.0,2021,2,6,0,3.9,3.9,6.0
20211222,2021-02-08,20:00,CAJAMARCA,PE-3N,37.0,ATROPELLO,0,0.0,20.0,2021,2,0,0,7.1,7.1,9.0
20211222,2021-02-08,12:00,LIMA,PE-1S,65.0,CHOQUE,0,0.0,12.0,2021,2,0,0,0.0,0.0,0.0
20211222,2021-02-08,13:40,LIMA,PE-1S,65.0,CHOQUE,0,4.0,13.0,2021,2,0,0,0.0,0.0,0.0
20211222,2021-02-08,20:40,LIMA,PE-1N,100.0,DESPISTE,0,6.0,20.0,2021,2,0,0,0.0,0.0,0.0
20211222,2021-02-08,N.I.,HUANCAVELICA,PE-28A,159.0,N.I.,0,0.0,,2021,2,0,0,8.2,8.2,14.0
20211222,2021-02-08,17:45,JUNIN,PE-22,159.0,DESPISTE,0,1.0,17.0,2021,2,0,0,2.8,2.8,8.0
20211222,2021-02-08,08:50,AMAZONAS,PE-5N,217.0,CHOQUE,0,3.0,8.0,2021,2,0,0,2.9,2.9,8.0
20211222,2021-02-08,20:00,MADRE DE DIOS,PE-30C,406.0,CHOQUE,1,0.0,20.0,2021,2,0,1,21.8,21.8,15.0
20211222,2021-02-08,06:15,ANCASH,PE-1N,447.0,CHOQUE,0,1.0,6.0,2021,2,0,0,0.4,0.4,4.0
20211222,2021-02-08,07:00,SAN MARTIN,PE-5N,598.0,N.I.,0,1.0,7.0,2021,2,0,0,2.3,2.3,3.0
20211222,2021-02-08,17:30,ANCASH,PE-3N,656.0,CHOQUE,1,0.0,17.0,2021,2,0,1,0.4,0.4,4.0
20211222,2021-02-08,09:10,AREQUIPA,PE-1S,744.0,DESPISTE,0,0.0,9.0,2021,2,0,0,5.9,5.9,8.0
20211222,2021-02-08,15:30,LAMBAYEQUE,PE-1N,838.0,CHOQUE,0,1.0,15.0,2021,2,0,0,0.0,0.0,0.0
20211222,2021-02-08,18:50,CUSCO,PE-3S,1019.0,DESPISTE,0,8.0,18.0,2021,2,0,0,11.8,11.8,18.0
20211222,2021-02-09,15:00,LORETO,LO-103,14.0,ESPECIAL,0,1.0,15.0,2021,2,1,0,8.9,8.9,10.0
20211222,2021-02-09,18:30,PIURA,PE-02,21.0,DESPISTE,0,0.0,18.0,2021,2,1,0,0.0,0.0,0.0
20211222,2021-02-09,18:20,JUNIN,PE-22,147.0,DESPISTE,0,0.0,18.0,2021,2,1,0,8.2,8.2,11.0
20211222,2021-02-09,18:30,ANCASH,PE-3N,220.0,CHOQUE,0,3.0,18.0,2021,2,1,0,0.8,0.8,5.0
20211222,2021-02-09,14:00,APURIMAC,PE-30A,312.0,DESPISTE,0,0.0,14.0,2021,2,1,0,5.6,5.6,16.0
20211222,2021-02-09,01:40,LIMA,PE-1S,492.0,CHOQUE,0,0.0,1.0,2021,2,1,0,0.0,0.0,0.0
20211222,2021-02-09,19:00,CAJAMARCA,PE-3N,1477.0,CHOQUE,0,1.0,19.0,2021,2,1,0,2.2,2.2,7.0
20211222,2021-02-10,15:00,LORETO,LO-103,4.0,CHOQUE,0,3.0,15.0,2021,2,2,0,4.1,4.1,9.0
20211222,2021-02-10,15:35,LIMA,PE-1S,24.0,CHOQUE,0,0.0,15.0,2021,2,2,0,0.0,0.0,0.0
20211222,2021-02-10,02:00,ICA,PE-28A,47.0,DESPISTE,0,3.0,2.0,2021,2,2,0,0.0,0.0,0.0
20211222,2021-02-10,09:30,PIURA,PE-02,49.0,DESPISTE,1,3.0,9.0,2021,2,2,1,0.0,0.0,0.0
20211222,2021-02-10,16:40,CAJAMARCA,PE-3N,89.0,DESPISTE,0,0.0,16.0,2021,2,2,0,2.1,2.1,10.0
20211222,2021-02-10,09:30,JUNIN,PE-22,162.0,CHOQUE,0,0.0,9.0,2021,2,2,0,11.4,11.4,7.0
20211222,2021-02-10,04:30,JUNIN,PE-22,165.0,DESPISTE,0,0.0,4.0,2021,2,2,0,11.4,11.4,7.0
20211222,2021-02-10,17:10,ICA,PE-1S,332.0,CHOQUE,0,1.0,17.0,2021,2,2,0,0.0,0.0,0.0
20211222,2021-02-10,16:53,AYACUCHO,PE-28A,341.0,DESPISTE,0,2.0,16.0,2021,2,2,0,4.8,4.8,9.0
20211222,2021-02-10,21:00,PUNO,PE-30C,,CHOQUE,0,1.0,21.0,2021,2,2,0,4.5,4.5,8.0
20211222,2021-02-11,21:00,CAJAMARCA,PE-5N,4.0,ESPECIAL,0,0.0,21.0,2021,2,3,0,1.4,1.4,9.0
20211222,2021-02-11,12:00,CAJAMARCA,PE-3N,27.0,CHOQUE,0,3.0,12.0,2021,2,3,0,1.4,1.4,9.0
20211222,2021-02-11,01:30,LIMA,PE-22,30.0,N.I.,0,0.0,1.0,2021,2,3,0,0.0,0.0,0.0
20211222,2021-02-11,15:48,TACNA,PE-1SD,38.0,CHOQUE,0,2.0,15.0,2021,2,3,0,0.0,0.0,0.0
20211222,2021-02-11,04:30,LIMA,PE-22,49.0,DESPISTE,0,0.0,4.0,2021,2,3,0,0.0,0.0,0.0
20211222,2021-02-11,05:10,ANCASH,PE-14,110.0,DESPISTE,0,0.0,5.0,2021,2,3,0,0.1,0.1,1.0
20211222,2021-02-11,14:50,CAJAMARCA,PE-3N,124.0,DESPISTE,0,0.0,14.0,2021,2,3,0,1.4,1.4,9.0
20211222,2021-02-11,07:20,ANCASH,PE-1N,236.0,DESPISTE,0,1.0,7.0,2021,2,3,0,0.1,0.1,1.0
20211222,2021-02-11,N.I.,PUNO,PE-30C,324.0,N.I.,0,0.0,,2021,2,3,0,1.5,1.5,4.0
20211222,2021-02-11,13:00,SAN MARTIN,PE-5N,810.0,DESPISTE,0,0.0,13.0,2021,2,3,0,14.4,14.4,22.0
20211222,2021-02-12,02:20,CUSCO,CU-118,0.0,DESPISTE,1,11.0,2.0,2021,2,4,1,4.2,4.2,12.0
20211222,2021-02-12,23:30,PIURA,PE-1N,40.0,CHOQUE,0,0.0,23.0,2021,2,4,0,1.2,1.2,8.0
20211222,2021-02-12,07:30,LIMA,PE-22,48.0,DESPISTE,0,0.0,7.0,2021,2,4,0,0.0,0.0,0.0
20211222,2021-02-12,20:00,LIMA,PE-1N,64.0,DESPISTE,0,4.0,20.0,2021,2,4,0,0.0,0.0,0.0
20211222,2021-02-12,23:00,TUMBES,PE-1N,150.0,DESPISTE,0,3.0,23.0,2021,2,4,0,0.1,0.1,1.0
20211222,2021-02-12,15:00,CUSCO,PE-28,164.0,DESPISTE,0,1.0,15.0,2021,2,4,0,4.2,4.2,12.0
20211222,2021-02-12,00:30,ANCASH,PE-1N,286.0,DESPISTE,0,1.0,0.0,2021,2,4,0,0.6,0.6,5.0
20211222,2021-02-12,21:00,CUSCO,PE-28B,330.0,CHOQUE,1,0.0,21.0,2021,2,4,1,4.2,4.2,12.0
20211222,2021-02-12,04:35,LA LIBERTAD,PE-1N,465.0,DESPISTE,1,0.0,4.0,2021,2,4,1,0.0,0.0,0.0
20211222,2021-02-12,07:20,LAMBAYEQUE,PE-1N,848.0,CHOQUE,0,23.0,7.0,2021,2,4,0,0.0,0.0,0.0
20211222,2021-02-13,18:30,CAJAMARCA,PE-08B,34.0,CHOQUE,0,1.0,18.0,2021,2,5,0,4.0,4.0,11.0
20211222,2021-02-13,17:30,AREQUIPA,PE-1SD,42.0,DESPISTE,0,1.0,17.0,2021,2,5,0,0.2,0.2,2.0
20211222,2021-02-13,15:36,PUNO,PE-34B,99.0,DESPISTE,0,0.0,15.0,2021,2,5,0,2.5,2.5,11.0
20211222,2021-02-13,19:30,PIURA,PE-1N,137.0,CHOQUE,0,2.0,19.0,2021,2,5,0,0.3,0.3,2.0
20211222,2021-02-13,05:30,JUNIN,PE-22,162.0,DESPISTE,0,0.0,5.0,2021,2,5,0,3.5,3.5,5.0
20211222,2021-02-13,21:38,PUNO,PE-34A,237.0,CHOQUE,0,0.0,21.0,2021,2,5,0,2.5,2.5,11.0
20211222,2021-02-13,10:00,CUSCO,PE-28B,254.0,VOLCADURA,0,0.0,10.0,2021,2,5,0,12.2,12.2,24.0
20211222,2021-02-13,20:15,LA LIBERTAD,PE-1N,586.0,ATROPELLO,0,0.0,20.0,2021,2,5,0,0.0,0.0,0.0
20211222,2021-02-14,21:20,LAMBAYEQUE,PE-1N,1.0,CHOQUE,0,1.0,21.0,2021,2,6,0,0.0,0.0,0.0
20211222,2021-02-14,06:00,JUNIN,PE-3SA,21.0,DESPISTE,0,1.0,6.0,2021,2,6,0,0.0,0.0,0.0
20211222,2021-02-14,18:00,LIMA,PE-20A,36.0,CHOQUE,0,1.0,18.0,2021,2,6,0,0.0,0.0,0.0
20211222,2021-02-14,08:00,PUNO,PE-36B,77.0,DESPISTE,0,1.0,8.0,2021,2,6,0,1.7,1.7,7.0
20211222,2021-02-14,23:20,LIMA,PE-1S,126.0,DESPISTE,0,1.0,23.0,2021,2,6,0,0.0,0.0,0.0
20211222,2021-02-14,08:55,LIMA,PE-1S,161.0,DESPISTE,0,1.0,8.0,2021,2,6,0,0.0,0.0,0.0
20211222,2021-02-14,23:15,HUANUCO,PE-3N,226.0,CHOQUE,0,1.0,23.0,2021,2,6,0,0.7,0.7,7.0
20211222,2021-02-14,19:00,CUSCO,PE-28B,266.0,CHOQUE,0,1.0,19.0,2021,2,6,0,4.9,4.9,15.0
20211222,2021-02-14,01:00,CUSCO,PE-28B,361.0,CHOQUE,0,1.0,1.0,2021,2,6,0,4.9,4.9,15.0
20211222,2021-02-14,06:00,ICA,PE-1S,401.0,DESPISTE,0,0.0,6.0,2021,2,6,0,0.0,0.0,0.0
20211222,2021-02-14,20:30,HUANUCO,PE-5N,483.0,DESPISTE,0,1.0,20.0,2021,2,6,0,0.7,0.7,7.0
20211222,2021-02-14,12:00,LA LIBERTAD,PE-1N,645.0,DESPISTE,0,1.0,12.0,2021,2,6,0,0.0,0.0,0.0
20211222,2021-02-14,21:20,LAMBAYEQUE,PE-1N,766.0,CHOQUE,0,1.0,21.0,2021,2,6,0,0.0,0.0,0.0
20211222,2021-02-14,11:10,LAMBAYEQUE,PE-1N,830.0,DESPISTE,0,1.0,11.0,2021,2,6,0,0.0,0.0,0.0
20211222,2021-02-15,08:20,PUNO,PE-36B,12.0,DESPISTE,0,0.0,8.0,2021,2,0,0,2.1,2.1,7.0
20211222,2021-02-15,17:30,AMAZONAS,PE-08C,29.0,DESPISTE,0,1.0,17.0,2021,2,0,0,4.7,4.7,10.0
20211222,2021-02-15,16:00,JUNIN,PE-3SA,53.0,CHOQUE,0,1.0,16.0,2021,2,0,0,1.0,1.0,3.0
20211222,2021-02-15,08:30,CAJAMARCA,PE-08,76.0,VOLCADURA,2,2.0,8.0,2021,2,0,1,4.8,4.8,10.0
20211222,2021-02-15,15:00,CAJAMARCA,PE-06A,76.0,VOLCADURA,0,1.0,15.0,2021,2,0,0,4.8,4.8,10.0
20211222,2021-02-15,20:30,CAJAMARCA,PE-08,83.0,DESPISTE,0,0.0,20.0,2021,2,0,0,4.8,4.8,10.0
20211222,2021-02-15,20:30,CAJAMARCA,PE-06A,83.0,DESPISTE,0,1.0,20.0,2021,2,0,0,4.8,4.8,10.0
20211222,2021-02-15,13:10,PASCO,PE-5N,196.0,ESPECIAL,0,1.0,13.0,2021,2,0,0,2.1,1.4,4.0
20211222,2021-02-15,19:00,MADRE DE DIOS,PE-30C,266.0,CHOQUE,0,1.0,19.0,2021,2,0,0,35.3,35.3,22.0
20211222,2021-02-15,13:00,MADRE DE DIOS,PE-30C,389.0,CHOQUE,0,1.0,13.0,2021,2,0,0,35.3,35.3,22.0
20211222,2021-02-15,12:40,ANCASH,PE-1N,410.0,CHOQUE,0,0.0,12.0,2021,2,0,0,1.8,1.8,7.0
20211222,2021-02-15,13:30,ANCASH,PE-1N,410.0,CHOQUE,0,1.0,13.0,2021,2,0,0,1.8,1.8,7.0
20211222,2021-02-15,22:00,SAN MARTIN,PE-5N,438.0,DESPISTE,0,1.0,22.0,2021,2,0,0,12.0,12.0,14.0
20211222,2021-02-15,08:40,LAMBAYEQUE,PE-1N,827.0,CHOQUE,0,0.0,8.0,2021,2,0,0,0.0,0.0,0.0
20211222,2021-02-15,08:40,LAMBAYEQUE,PE-1N,827.0,CHOQUE,0,1.0,8.0,2021,2,0,0,0.0,0.0,0.0
20211222,2021-02-16,17:10,LAMBAYEQUE,PE-04B,6.0,DESPISTE,0,1.0,17.0,2021,2,1,0,0.0,0.0,0.0
20211222,2021-02-16,05:40,PUNO,PE-34H,33.0,CHOQUE,0,1.0,5.0,2021,2,1,0,1.0,1.0,2.0
20211222,2021-02-16,22:30,CUSCO,PE-34J,36.0,DESPISTE,0,1.0,22.0,2021,2,1,0,0.0,0.0,0.0
20211222,2021-02-16,16:00,JUNIN,PE-3S,61.0,DESPISTE,0,1.0,16.0,2021,2,1,0,0.0,0.0,0.0
20211222,2021-02-16,11:00,AYACUCHO,PE-30A,144.0,CHOQUE,0,1.0,11.0,2021,2,1,0,0.0,0.0,0.0
20211222,2021-02-16,17:00,AYACUCHO,PE-3S,400.0,ATROPELLO,0,1.0,17.0,2021,2,1,0,0.0,0.0,0.0
20211222,2021-02-16,08:20,MADRE DE DIOS,PE-30C,412.0,CHOQUE,0,1.0,8.0,2021,2,1,0,27.6,27.6,22.0
20211222,2021-02-16,08:30,APURIMAC,PE-3S,771.0,DESPISTE,0,0.0,8.0,2021,2,1,0,0.3,0.3,3.0
20211222,2021-02-16,16:00,AREQUIPA,PE-1S,946.0,CHOQUE,0,1.0,16.0,2021,2,1,0,1.1,1.1,6.0
20211222,2021-02-17,09:30,LORETO,LO-103,0.0,CHOQUE,1,2.0,9.0,2021,2,2,1,8.8,8.8,6.0
20211222,2021-02-17,06:10,AREQUIPA,PE-34J,36.0,DESPISTE,0,1.0,6.0,2021,2,2,0,1.7,1.7,5.0
20211222,2021-02-17,10:48,LIMA,PE-1S,69.0,CHOQUE,0,1.0,10.0,2021,2,2,0,0.0,0.0,0.0
20211222,2021-02-17,13:10,CAJAMARCA,PE-08B,82.0,DESPISTE,0,1.0,13.0,2021,2,2,0,1.1,1.1,6.0
20211222,2021-02-17,N.I.,LIMA,PE-1N,92.0,CHOQUE,0,1.0,,2021,2,2,0,0.0,0.0,0.0
20211222,2021-02-17,15:30,LIMA,PE-22,105.0,CHOQUE,0,1.0,15.0,2021,2,2,0,0.0,0.0,0.0
20211222,2021-02-17,01:30,ANCASH,PE-1N,338.0,DESPISTE,0,1.0,1.0,2021,2,2,0,0.2,0.2,1.0
20211222,2021-02-17,06:00,ICA,PE-1S,468.0,CHOQUE,0,1.0,6.0,2021,2,2,0,0.0,0.0,0.0
20211222,2021-02-17,07:00,AREQUIPA,PE-1S,505.0,CHOQUE,0,1.0,7.0,2021,2,2,0,1.7,1.7,5.0
20211222,2021-02-18,15:25,LIMA,N.I.,0.0,ESPECIAL,1,3.0,15.0,2021,2,3,1,0.0,0.0,0.0
20211222,2021-02-18,10:30,AREQUIPA,PE-1SD,11.0,DESPISTE,2,0.0,10.0,2021,2,3,1,0.0,0.0,0.0
20211222,2021-02-18,10:30,AREQUIPA,PE-1SD,11.0,DESPISTE,0,1.0,10.0,2021,2,3,0,0.0,0.0,0.0
20211222,2021-02-18,15:30,LAMBAYEQUE,PE-1NJ,87.0,CHOQUE,0,1.0,15.0,2021,2,3,0,0.0,0.0,0.0
20211222,2021-02-18,14:10,LIMA,PE-22,113.0,CHOQUE,0,0.0,14.0,2021,2,3,0,0.0,0.0,0.0
20211222,2021-02-18,14:10,LIMA,PE-22,113.0,CHOQUE,0,1.0,14.0,2021,2,3,0,0.0,0.0,0.0
20211222,2021-02-18,23:10,LIMA,PE-1N,127.0,CHOQUE,0,1.0,23.0,2021,2,3,0,0.0,0.0,0.0
20211222,2021-02-18,04:30,PUNO,PE-34A,252.0,DESPISTE,0,0.0,4.0,2021,2,3,0,4.7,4.7,11.0
20211222,2021-02-18,06:35,PUNO,PE-34A,252.0,DESPISTE,0,1.0,6.0,2021,2,3,0,4.7,4.7,11.0
20211222,2021-02-18,00:20,ICA,PE-1S,265.0,DESPISTE,1,2.0,0.0,2021,2,3,1,0.0,0.0,0.0
20211222,2021-02-18,00:20,ICA,PE-1S,265.0,DESPISTE,0,1.0,0.0,2021,2,3,0,0.0,0.0,0.0
20211222,2021-02-18,11:00,AYACUCHO,PE-3S,330.0,CHOQUE,0,1.0,11.0,2021,2,3,0,0.0,0.0,0.0
20211222,2021-02-18,01:30,ANCASH,PE-1N,338.0,DESPISTE,0,1.0,1.0,2021,2,3,0,0.1,0.1,1.0
20211222,2021-02-18,08:00,APURIMAC,PE-30A,357.0,CHOQUE,0,1.0,8.0,2021,2,3,0,0.0,0.0,0.0
20211222,2021-02-18,09:30,APURIMAC,PE-30A,357.0,CHOQUE,0,1.0,9.0,2021,2,3,0,0.0,0.0,0.0
20211222,2021-02-18,15:30,ANCASH,PE-1N,381.0,CHOQUE,0,1.0,15.0,2021,2,3,0,0.1,0.1,1.0
20211222,2021-02-18,11:30,MADRE DE DIOS,PE-30C,405.0,CHOQUE,0,1.0,11.0,2021,2,3,0,40.0,40.0,18.0
20211222,2021-02-18,13:30,ANCASH,PE-1N,410.0,DESPISTE,0,0.0,13.0,2021,2,3,0,0.1,0.1,1.0
20211222,2021-02-18,15:45,LIMA,PE-1NE,500.0,ATROPELLO,0,1.0,15.0,2021,2,3,0,0.0,0.0,0.0
20211222,2021-02-18,15:40,AREQUIPA,PE-1S,602.0,DESPISTE,0,0.0,15.0,2021,2,3,0,0.0,0.0,0.0
20211222,2021-02-18,15:40,AREQUIPA,PE-1S,602.0,DESPISTE,0,1.0,15.0,2021,2,3,0,0.0,0.0,0.0
20211222,2021-02-18,18:00,CUSCO,PE-3S,1027.0,DESPISTE,0,1.0,18.0,2021,2,3,0,1.2,1.2,7.0
20211222,2021-02-18,21:30,CUSCO,PE-3S,1027.0,DESPISTE,0,1.0,21.0,2021,2,3,0,1.2,1.2,7.0
20211222,2021-02-19,14:10,JUNIN,PE-3SA,54.0,CHOQUE,0,2.0,14.0,2021,2,4,0,0.0,0.0,0.0
20211222,2021-02-19,14:10,JUNIN,PE-3SA,54.0,CHOQUE,0,1.0,14.0,2021,2,4,0,0.0,0.0,0.0
20211222,2021-02-19,19:30,JUNIN,PE-5S,74.0,CHOQUE,0,1.0,19.0,2021,2,4,0,0.0,0.0,0.0
20211222,2021-02-19,04:00,ICA,PE-1S,198.0,CHOQUE,0,1.0,4.0,2021,2,4,0,0.0,0.0,0.0
20211222,2021-02-19,04:25,ANCASH,PE-1N,228.0,DESPISTE,0,1.0,4.0,2021,2,4,0,0.0,0.0,0.0
20211222,2021-02-19,08:30,ANCASH,PE-1N,242.0,DESPISTE,0,1.0,8.0,2021,2,4,0,0.0,0.0,0.0
20211222,2021-02-19,19:00,ANCASH,PE-14,345.0,DESPISTE,0,1.0,19.0,2021,2,4,0,0.0,0.0,0.0
20211222,2021-02-19,19:00,ANCASH,PE-1N,345.0,DESPISTE,0,1.0,19.0,2021,2,4,0,0.0,0.0,0.0
20211222,2021-02-19,01:30,AREQUIPA,PE-1S,737.0,DESPISTE,0,1.0,1.0,2021,2,4,0,0.0,0.0,0.0
20211222,2021-02-19,12:30,PIURA,PE-1N,964.0,DESPISTE,0,0.0,12.0,2021,2,4,0,0.0,0.0,0.0
20211222,2021-02-20,16:00,AYACUCHO,PE-28B,41.0,CHOQUE,0,1.0,16.0,2021,2,5,0,0.6,0.6,1.0
20211222,2021-02-20,21:00,PIURA,PE-02A,53.0,ATROPELLO,0,1.0,21.0,2021,2,5,0,0.0,0.0,0.0
20211222,2021-02-20,17:45,CAJAMARCA,PE-08B,61.0,DESPISTE,0,1.0,17.0,2021,2,5,0,0.0,0.0,0.0
20211222,2021-02-20,12:30,AYACUCHO,PE-30A,73.0,DESPISTE,0,0.0,12.0,2021,2,5,0,0.6,0.6,1.0
20211222,2021-02-20,12:30,AYACUCHO,PE-30A,73.0,DESPISTE,0,1.0,12.0,2021,2,5,0,0.6,0.6,1.0
20211222,2021-02-20,23:15,LAMBAYEQUE,PE-1NJ,76.0,DESPISTE,0,1.0,23.0,2021,2,5,0,0.0,0.0,0.0
20211222,2021-02-20,06:40,LIMA,PE-1N,90.0,DESPISTE,0,1.0,6.0,2021,2,5,0,0.0,0.0,0.0
20211222,2021-02-20,21:45,LAMBAYEQUE,PE-1NJ,91.0,CHOQUE,0,2.0,21.0,2021,2,5,0,0.0,0.0,0.0
20211222,2021-02-20,21:45,LAMBAYEQUE,PE-1NJ,91.0,CHOQUE,0,1.0,21.0,2021,2,5,0,0.0,0.0,0.0
20211222,2021-02-20,15:10,LIMA,PE-22,103.0,CHOQUE,0,1.0,15.0,2021,2,5,0,0.0,0.0,0.0
20211222,2021-02-20,04:25,ANCASH,PE-1N,228.0,DESPISTE,0,0.0,4.0,2021,2,5,0,0.3,0.3,1.0
20211222,2021-02-20,13:30,HUANUCO,PE-3N,262.0,DESPISTE,1,0.0,13.0,2021,2,5,1,0.7,0.7,2.0
20211222,2021-02-20,20:00,ANCASH,PE-1N,423.0,VOLCADURA,0,0.0,20.0,2021,2,5,0,0.3,0.3,1.0
20211222,2021-02-20,01:30,AREQUIPA,PE-1S,737.0,DESPISTE,0,0.0,1.0,2021,2,5,0,0.0,0.0,0.0
20211222,2021-02-20,01:45,CUSCO,PE-3S,880.0,DESPISTE,0,0.0,1.0,2021,2,5,0,9.3,9.2,16.0
20211222,2021-02-20,01:45,CUSCO,PE-3S,880.0,DESPISTE,0,1.0,1.0,2021,2,5,0,9.3,9.2,16.0
20211222,2021-02-20,06:30,CUSCO,PE-3S,1026.0,DESPISTE,0,1.0,6.0,2021,2,5,0,9.3,9.2,16.0
20211222,2021-02-21,17:30,ANCASH,PE-12A,10.0,DESPISTE,0,0.0,17.0,2021,2,6,0,0.1,0.1,1.0
20211222,2021-02-21,04:55,LIMA,PE-1NA,16.0,DESPISTE,0,0.0,4.0,2021,2,6,0,0.0,0.0,0.0
20211222,2021-02-21,04:55,LIMA,PE-1NA,16.0,DESPISTE,0,1.0,4.0,2021,2,6,0,0.0,0.0,0.0
20211222,2021-02-21,17:20,AMAZONAS,PE-08C,17.0,DESPISTE,0,0.0,17.0,2021,2,6,0,4.7,4.7,10.0
20211222,2021-02-21,18:00,PIURA,PE-02A,65.0,CHOQUE,0,1.0,18.0,2021,2,6,0,0.0,0.0,0.0
20211222,2021-02-21,14:50,JUNIN,PE-22,157.0,DESPISTE,0,1.0,14.0,2021,2,6,0,1.3,1.3,8.0
20211222,2021-02-21,08:35,ANCASH,PE-1N,263.0,DESPISTE,0,1.0,8.0,2021,2,6,0,0.1,0.1,1.0
20211222,2021-02-21,18:00,AYACUCHO,PE-3S,394.0,DESPISTE,0,1.0,18.0,2021,2,6,0,0.6,0.6,2.0
20211222,2021-02-21,17:30,MADRE DE DIOS,PE-30C,418.0,DESPISTE,0,1.0,17.0,2021,2,6,0,12.8,12.8,18.0
20211222,2021-02-21,12:15,ICA,PE-1S,495.0,CHOQUE,0,3.0,12.0,2021,2,6,0,0.0,0.0,0.0
20211222,2021-02-21,12:15,ICA,PE-1S,495.0,CHOQUE,0,1.0,12.0,2021,2,6,0,0.0,0.0,0.0
20211222,2021-02-21,20:30,SAN MARTIN,PE-5N,498.0,DESPISTE,0,1.0,20.0,2021,2,6,0,5.9,5.9,9.0
20211222,2021-02-21,17:55,SAN MARTIN,PE-5N,509.0,DESPISTE,0,1.0,17.0,2021,2,6,0,5.9,5.9,9.0
20211222,2021-02-21,20:00,AREQUIPA,PE-1S,617.0,DESPISTE,0,1.0,20.0,2021,2,6,0,0.2,0.2,1.0
20211222,2021-02-21,10:30,AREQUIPA,PE-1S,633.0,DESPISTE,0,0.0,10.0,2021,2,6,0,0.2,0.2,1.0
20211222,2021-02-21,23:50,LA LIBERTAD,PE-1N,675.0,CHOQUE,3,3.0,23.0,2021,2,6,1,0.0,0.0,0.0
20211222,2021-02-21,23:50,LA LIBERTAD,PE-1N,675.0,CHOQUE,0,1.0,23.0,2021,2,6,0,0.0,0.0,0.0
20211222,2021-02-21,21:00,LAMBAYEQUE,PE-1N,836.0,CHOQUE,0,0.0,21.0,2021,2,6,0,0.0,0.0,0.0
20211222,2021-02-21,21:00,LAMBAYEQUE,PE-1N,836.0,CHOQUE,0,1.0,21.0,2021,2,6,0,0.0,0.0,0.0
20211222,2021-02-22,11:30,CAJAMARCA,PE-08A,6.0,DESPISTE,0,1.0,11.0,2021,2,0,0,3.1,3.1,10.0
20211222,2021-02-22,18:00,PUNO,PE-34B,6.0,CHOQUE,0,1.0,18.0,2021,2,0,0,1.9,1.9,8.0
20211222,2021-02-22,16:00,LORETO,LO-103,11.0,DESPISTE,0,1.0,16.0,2021,2,0,0,9.1,9.1,12.0
20211222,2021-02-22,15:30,LIMA,PE-1NE,12.0,CHOQUE,0,1.0,15.0,2021,2,0,0,1.7,1.7,3.0
20211222,2021-02-22,20:30,ICA,PE-30A,39.0,DESPISTE,0,1.0,20.0,2021,2,0,0,0.0,0.0,0.0
20211222,2021-02-22,10:30,LIMA,PE-22,99.0,CHOQUE,0,2.0,10.0,2021,2,0,0,1.7,1.7,3.0
20211222,2021-02-22,10:20,LIMA,PE-22,100.0,CHOQUE,0,1.0,10.0,2021,2,0,0,1.7,1.7,3.0
20211222,2021-02-22,13:00,JUNIN,PE-3SB,109.0,DESPISTE,0,0.0,13.0,2021,2,0,0,1.6,1.6,8.0
20211222,2021-02-22,02:30,CAJAMARCA,PE-3N,120.0,CHOQUE,1,0.0,2.0,2021,2,0,1,3.1,3.1,10.0
20211222,2021-02-22,02:30,CAJAMARCA,PE-3N,120.0,CHOQUE,0,1.0,2.0,2021,2,0,0,3.1,3.1,10.0
20211222,2021-02-22,12:20,CAJAMARCA,PE-3N,120.0,CHOQUE,0,1.0,12.0,2021,2,0,0,3.1,3.1,10.0
20211222,2021-02-22,11:00,CAJAMARCA,PE-3N,137.0,CHOQUE,0,1.0,11.0,2021,2,0,0,3.1,3.1,10.0
20211222,2021-02-22,10:30,PASCO,PE-3N,138.0,DESPISTE,0,1.0,10.0,2021,2,0,0,2.2,2.0,14.0
20211222,2021-02-22,07:31,ICA,PE-1S,183.0,DESPISTE,0,1.0,7.0,2021,2,0,0,0.0,0.0,0.0
20211222,2021-02-22,15:05,ANCASH,PE-1N,393.0,DESPISTE,0,1.0,15.0,2021,2,0,0,3.0,3.0,13.0
20211222,2021-02-23,18:00,JUNIN,PE-5S,38.0,CHOQUE,0,1.0,18.0,2021,2,1,0,3.6,3.6,10.0
20211222,2021-02-23,07:00,LA LIBERTAD,PE-1NF,62.0,CHOQUE,1,1.0,7.0,2021,2,1,1,0.5,0.5,1.0
20211222,2021-02-23,N.I.,LA LIBERTAD,PE-10A,62.0,CHOQUE,0,1.0,,2021,2,1,0,0.5,0.5,1.0
20211222,2021-02-23,18:15,LIMA,PE-1N,74.0,DESPISTE,0,1.0,18.0,2021,2,1,0,0.0,0.0,0.0
20211222,2021-02-23,12:15,JUNIN,PE-3SB,101.0,CHOQUE,0,1.0,12.0,2021,2,1,0,3.6,3.6,10.0
20211222,2021-02-23,04:10,LIMA,PE-1N,103.0,DESPISTE,0,0.0,4.0,2021,2,1,0,0.0,0.0,0.0
20211222,2021-02-23,04:10,LIMA,PE-1N,103.0,DESPISTE,0,1.0,4.0,2021,2,1,0,0.0,0.0,0.0
20211222,2021-02-23,11:10,LIMA,PE-22,104.0,DESPISTE,0,0.0,11.0,2021,2,1,0,0.0,0.0,0.0
20211222,2021-02-23,11:10,LIMA,PE-22,104.0,DESPISTE,0,1.0,11.0,2021,2,1,0,0.0,0.0,0.0
20211222,2021-02-23,16:50,LIMA,PE-22,115.0,DESPISTE,0,1.0,16.0,2021,2,1,0,0.0,0.0,0.0
20211222,2021-02-23,07:40,CAJAMARCA,PE-3N,141.0,DESPISTE,0,0.0,7.0,2021,2,1,0,12.4,12.4,14.0
20211222,2021-02-23,07:40,CAJAMARCA,PE-3N,141.0,DESPISTE,0,1.0,7.0,2021,2,1,0,12.4,12.4,14.0
20211222,2021-02-23,10:00,ICA,PE-1S,179.0,DESPISTE,0,1.0,10.0,2021,2,1,0,0.3,0.3,2.0
20211222,2021-02-23,08:00,AYACUCHO,PE-28A,262.0,CHOQUE,1,1.0,8.0,2021,2,1,1,2.1,2.1,6.0
20211222,2021-02-23,08:00,AYACUCHO,PE-28A,262.0,CHOQUE,0,1.0,8.0,2021,2,1,0,2.1,2.1,6.0
20211222,2021-02-23,04:30,ICA,PE-1S,420.0,DESPISTE,0,0.0,4.0,2021,2,1,0,0.3,0.3,2.0
20211222,2021-02-23,04:30,ICA,PE-1S,420.0,DESPISTE,0,1.0,4.0,2021,2,1,0,0.3,0.3,2.0
20211222,2021-02-23,18:45,HUANUCO,PE-5N,472.0,CHOQUE,0,1.0,18.0,2021,2,1,0,4.6,4.6,12.0
20211222,2021-02-23,15:00,SAN MARTIN,PE-5N,652.0,CHOQUE,0,2.0,15.0,2021,2,1,0,1.2,1.2,5.0
20211222,2021-02-23,20:45,SAN MARTIN,PE-5N,652.0,CHOQUE,0,1.0,20.0,2021,2,1,0,1.2,1.2,5.0
20211222,2021-02-23,06:20,LAMBAYEQUE,PE-1N,832.0,DESPISTE,0,0.0,6.0,2021,2,1,0,0.0,0.0,0.0
20211222,2021-02-23,06:20,LAMBAYEQUE,PE-1N,832.0,DESPISTE,0,1.0,6.0,2021,2,1,0,0.0,0.0,0.0
20211222,2021-02-23,14:00,PUNO,PE-3S,1189.0,CHOQUE,0,1.0,14.0,2021,2,1,0,4.4,4.4,14.0
20211222,2021-02-24,05:45,LA LIBERTAD,PE-1NF,0.0,CHOQUE,1,1.0,5.0,2021,2,2,1,0.0,0.0,0.0
20211222,2021-02-24,05:45,LA LIBERTAD,PE-10A,1.0,CHOQUE,0,1.0,5.0,2021,2,2,0,0.0,0.0,0.0
20211222,2021-02-24,19:20,CAJAMARCA,PE-08A,7.0,ESPECIAL,0,1.0,19.0,2021,2,2,0,5.1,5.1,9.0
20211222,2021-02-24,09:50,MOQUEGUA,PE-1SD,19.0,CHOQUE,0,1.0,9.0,2021,2,2,0,0.0,0.0,0.0
20211222,2021-02-24,09:50,TACNA,PE-1SD,19.0,CHOQUE,0,1.0,9.0,2021,2,2,0,0.0,0.0,0.0
20211222,2021-02-24,11:00,PUNO,PE-34H,25.0,ATROPELLO,0,1.0,11.0,2021,2,2,0,0.0,0.0,0.0
20211222,2021-02-24,21:00,UCAYALI,PE-18C,38.0,CHOQUE,0,1.0,21.0,2021,2,2,0,8.7,8.7,15.0
20211222,2021-02-24,N.I.,LIMA,PE-1S,72.0,DESPISTE,0,1.0,,2021,2,2,0,1.7,1.7,4.0
20211222,2021-02-24,06:00,LIMA,PE-1S,90.0,CHOQUE,0,2.0,6.0,2021,2,2,0,1.7,1.7,4.0
20211222,2021-02-24,06:00,LIMA,PE-1S,90.0,CHOQUE,0,1.0,6.0,2021,2,2,0,1.7,1.7,4.0
20211222,2021-02-24,15:40,MOQUEGUA,PE-36A,92.0,DESPISTE,0,1.0,15.0,2021,2,2,0,0.0,0.0,0.0
20211222,2021-02-24,06:00,JUNIN,PE-3SB,110.0,CHOQUE,0,1.0,6.0,2021,2,2,0,2.0,2.0,9.0
20211222,2021-02-24,19:10,AREQUIPA,PE-1SD,119.0,CHOQUE,1,0.0,19.0,2021,2,2,1,0.0,0.0,0.0
20211222,2021-02-24,14:00,AYACUCHO,PE-28B,129.0,CHOQUE,0,0.0,14.0,2021,2,2,0,0.7,0.7,6.0
20211222,2021-02-24,06:45,LIMA,PE-1S,131.0,DESPISTE,0,1.0,6.0,2021,2,2,0,1.7,1.7,4.0
20211222,2021-02-24,13:00,PUNO,PE-34A,286.0,CHOQUE,1,0.0,13.0,2021,2,2,1,0.0,0.0,0.0
20211222,2021-02-24,15:40,PUNO,PE-34A,286.0,CHOQUE,0,1.0,15.0,2021,2,2,0,0.0,0.0,0.0
20211222,2021-02-24,N.I.,PUNO,PE-34A,286.0,N.I.,0,1.0,,2021,2,2,0,0.0,0.0,0.0
20211222,2021-02-24,01:30,APURIMAC,PE-30A,298.0,DESPISTE,0,14.0,1.0,2021,2,2,0,2.4,2.4,11.0
20211222,2021-02-24,20:30,SAN MARTIN,PE-5N,440.0,DESPISTE,0,1.0,20.0,2021,2,2,0,3.3,3.3,20.0
20211222,2021-02-24,23:40,SAN MARTIN,PE-5N,596.0,DESPISTE,0,1.0,23.0,2021,2,2,0,3.3,3.3,20.0
20211222,2021-02-24,06:45,LAMBAYEQUE,PE-1N,836.0,CHOQUE,0,1.0,6.0,2021,2,2,0,0.0,0.0,0.0
20211222,2021-02-24,07:20,PIURA,PE-1N,895.0,CHOQUE,0,0.0,7.0,2021,2,2,0,0.0,0.0,0.0
20211222,2021-02-24,19:30,TACNA,PE-1S,1293.0,CHOQUE,1,0.0,19.0,2021,2,2,1,0.0,0.0,0.0
20211222,2021-02-24,19:30,TACNA,PE-1S,1293.0,CHOQUE,0,1.0,19.0,2021,2,2,0,0.0,0.0,0.0
20211222,2021-02-24,N.I.,TACNA,PE-1S,1293.0,N.I.,0,1.0,,2021,2,2,0,0.0,0.0,0.0
20211222,2021-02-25,19:40,SAN MARTIN,PE-5N,1.0,CHOQUE,0,1.0,19.0,2021,2,3,0,2.1,2.1,11.0
20211222,2021-02-25,20:40,LORETO,PE-5NI,2.0,CHOQUE,0,1.0,20.0,2021,2,3,0,3.6,3.6,13.0
20211222,2021-02-25,18:00,JUNIN,PE-3S,16.0,DESPISTE,0,1.0,18.0,2021,2,3,0,0.4,0.4,4.0
20211222,2021-02-25,18:00,JUNIN,PE-3S,16.0,VOLCADURA,0,1.0,18.0,2021,2,3,0,0.4,0.4,4.0
20211222,2021-02-25,04:30,LIMA,PE-1S,23.0,DESPISTE,0,0.0,4.0,2021,2,3,0,0.0,0.0,0.0
20211222,2021-02-25,04:30,LIMA,PE-1N,23.0,DESPISTE,0,1.0,4.0,2021,2,3,0,0.0,0.0,0.0
20211222,2021-02-25,08:00,LIMA,PE-1S,24.0,CHOQUE,0,1.0,8.0,2021,2,3,0,0.0,0.0,0.0
20211222,2021-02-25,06:30,ICA,PE-30A,28.0,CHOQUE,0,1.0,6.0,2021,2,3,0,0.0,0.0,0.0
20211222,2021-02-25,11:00,JUNIN,PE-3S,63.0,CHOQUE,0,1.0,11.0,2021,2,3,0,0.4,0.4,4.0
20211222,2021-02-25,N.I.,LIMA,PE-1N,73.0,DESPISTE,0,1.0,,2021,2,3,0,0.0,0.0,0.0
20211222,2021-02-25,N.I.,LIMA,PE-1N,78.0,DESPISTE,0,1.0,,2021,2,3,0,0.0,0.0,0.0
20211222,2021-02-25,17:20,JUNIN,PE-3N,82.0,DESPISTE,0,1.0,17.0,2021,2,3,0,0.4,0.4,4.0
20211222,2021-02-25,12:00,HUANUCO,PE-18A,91.0,DESPISTE,0,0.0,12.0,2021,2,3,0,4.4,4.4,12.0
20211222,2021-02-25,09:55,LAMBAYEQUE,PE-1NJ,121.0,DESPISTE,0,1.0,9.0,2021,2,3,0,0.0,0.0,0.0
20211222,2021-02-25,15:50,CAJAMARCA,PE-06A,150.0,DESPISTE,0,0.0,15.0,2021,2,3,0,6.4,6.4,8.0
20211222,2021-02-25,15:50,CAJAMARCA,PE-06A,150.0,DESPISTE,0,1.0,15.0,2021,2,3,0,6.4,6.4,8.0
20211222,2021-02-25,04:47,ANCASH,PE-1N,315.0,CHOQUE,0,1.0,4.0,2021,2,3,0,0.2,0.2,2.0
20211222,2021-02-25,07:30,LA LIBERTAD,PE-1N,643.0,N.I.,0,1.0,7.0,2021,2,3,0,0.0,0.0,0.0
20211222,2021-02-25,19:40,SAN MARTIN,PE-5N,653.0,CHOQUE,0,2.0,19.0,2021,2,3,0,2.1,2.1,11.0
20211222,2021-02-25,11:00,AREQUIPA,PE-1S,989.0,CHOQUE,0,1.0,11.0,2021,2,3,0,0.0,0.0,0.0
20211222,2021-02-25,09:00,PUNO,PE-3S,1156.0,DESPISTE,0,0.0,9.0,2021,2,3,0,0.3,0.3,1.0
20211222,2021-02-25,09:00,PUNO,PE-3S,1156.0,DESPISTE,0,1.0,9.0,2021,2,3,0,0.3,0.3,1.0
20211222,2021-02-25,15:00,TACNA,PE-1S,1285.0,DESPISTE,0,1.0,15.0,2021,2,3,0,0.0,0.0,0.0
20211222,2021-02-26,20:00,LIMA,PE-1S,8.0,CHOQUE,0,0.0,20.0,2021,2,4,0,0.0,0.0,0.0
20211222,2021-02-26,17:00,LIMA,PE-1S,30.0,VOLCADURA,0,1.0,17.0,2021,2,4,0,0.0,0.0,0.0
20211222,2021-02-26,16:20,LIMA,PE-1N,44.0,DESPISTE,0,0.0,16.0,2021,2,4,0,0.0,0.0,0.0
20211222,2021-02-26,23:55,LIMA,PE-1N,44.0,CHOQUE,0,1.0,23.0,2021,2,4,0,0.0,0.0,0.0
20211222,2021-02-26,13:55,JUNIN,PE-3S,60.0,DESPISTE,0,1.0,13.0,2021,2,4,0,0.7,0.7,4.0
20211222,2021-02-26,12:50,CUSCO,PE-34J,65.0,DESPISTE,0,1.0,12.0,2021,2,4,0,7.9,7.9,15.0
20211222,2021-02-26,16:20,LIMA,PE-1N,103.0,DESPISTE,0,1.0,16.0,2021,2,4,0,0.0,0.0,0.0
20211222,2021-02-26,19:15,LIMA,PE-1S,109.0,DESPISTE,0,0.0,19.0,2021,2,4,0,0.0,0.0,0.0
20211222,2021-02-26,19:15,LIMA,PE-1S,109.0,DESPISTE,0,1.0,19.0,2021,2,4,0,0.0,0.0,0.0
20211222,2021-02-26,03:30,JUNIN,PE-22,153.0,VOLCADURA,0,1.0,3.0,2021,2,4,0,0.7,0.7,4.0
20211222,2021-02-26,15:32,LIMA,PE-1S,173.0,DESPISTE,0,1.0,15.0,2021,2,4,0,0.0,0.0,0.0
20211222,2021-02-26,17:00,ICA,PE-1S,194.0,CHOQUE,0,1.0,17.0,2021,2,4,0,0.0,0.0,0.0
20211222,2021-02-26,09:00,PUNO,PE-34A,208.0,DESPISTE,1,1.0,9.0,2021,2,4,1,6.7,6.7,16.0
20211222,2021-02-26,07:00,LIMA,PE-1N,209.0,DESPISTE,0,1.0,7.0,2021,2,4,0,0.0,0.0,0.0
20211222,2021-02-26,17:50,MADRE DE DIOS,PE-30C,328.0,DESPISTE,0,1.0,17.0,2021,2,4,0,26.8,26.8,16.0
20211222,2021-02-26,13:10,MADRE DE DIOS,PE-30C,432.0,CHOQUE,0,1.0,13.0,2021,2,4,0,26.8,26.8,16.0
20211222,2021-02-26,14:20,LAMBAYEQUE,PE-1N,824.0,DESPISTE,0,1.0,14.0,2021,2,4,0,0.1,0.1,1.0
20211222,2021-02-26,05:30,MOQUEGUA,PE-1S,1094.0,CHOQUE,0,2.0,5.0,2021,2,4,0,0.0,0.0,0.0
20211222,2021-02-27,01:15,PUNO,PE-34B,4.0,CHOQUE,1,3.0,1.0,2021,2,5,1,3.8,3.8,12.0
20211222,2021-02-27,21:40,PUNO,PE-34B,4.0,CHOQUE,0,1.0,21.0,2021,2,5,0,3.8,3.8,12.0
20211222,2021-02-27,07:00,ICA,PE-28A,26.0,DESPISTE,0,1.0,7.0,2021,2,5,0,0.0,0.0,0.0
20211222,2021-02-27,16:30,JUNIN,PE-3S,57.0,CHOQUE,1,0.0,16.0,2021,2,5,1,4.2,4.2,9.0
20211222,2021-02-27,16:30,JUNIN,PE-3S,57.0,CHOQUE,0,1.0,16.0,2021,2,5,0,4.2,4.2,9.0
20211222,2021-02-27,06:30,LIMA,PE-1S,169.0,DESPISTE,0,1.0,6.0,2021,2,5,0,0.0,0.0,0.0
20211222,2021-02-27,06:30,ICA,PE-1S,185.0,DESPISTE,0,1.0,6.0,2021,2,5,0,0.0,0.0,0.0
20211222,2021-02-27,07:40,ICA,PE-1S,315.0,CHOQUE,1,0.0,7.0,2021,2,5,1,0.0,0.0,0.0
20211222,2021-02-27,13:30,APURIMAC,PE-30A,393.0,VOLCADURA,0,1.0,13.0,2021,2,5,0,7.7,7.7,16.0
20211222,2021-02-27,14:00,APURIMAC,PE-30A,393.0,VOLCADURA,0,0.0,14.0,2021,2,5,0,7.7,7.7,16.0
20211222,2021-02-27,08:20,SAN MARTIN,PE-5N,486.0,DESPISTE,0,1.0,8.0,2021,2,5,0,7.6,7.6,11.0
20211222,2021-02-27,05:15,LA LIBERTAD,PE-1N,561.0,CHOQUE,0,1.0,5.0,2021,2,5,0,0.0,0.0,0.0
20211222,2021-02-27,20:20,LAMBAYEQUE,PE-1N,806.0,CHOQUE,0,1.0,20.0,2021,2,5,0,0.0,0.0,0.0
20211222,2021-02-27,19:55,AREQUIPA,PE-1S,1057.0,CHOQUE,0,0.0,19.0,2021,2,5,0,0.0,0.0,0.0
20211222,2021-02-27,19:55,AREQUIPA,PE-1S,1057.0,CHOQUE,0,1.0,19.0,2021,2,5,0,0.0,0.0,0.0
20211222,2021-02-28,21:45,JUNIN,PE-22B,3.0,ESPECIAL,0,1.0,21.0,2021,2,6,0,0.4,0.4,4.0
20211222,2021-02-28,19:53,LORETO,LO-103,8.0,CHOQUE,0,1.0,19.0,2021,2,6,0,34.4,34.4,18.0
20211222,2021-02-28,11:30,UCAYALI,PE-18C,10.0,DESPISTE,0,1.0,11.0,2021,2,6,0,3.8,3.8,16.0
20211222,2021-02-28,23:30,AREQUIPA,PE-34C,22.0,DESPISTE,1,2.0,23.0,2021,2,6,1,0.5,0.5,4.0
20211222,2021-02-28,21:25,LA LIBERTAD,PE-10A,22.0,CHOQUE,0,1.0,21.0,2021,2,6,0,0.0,0.0,0.0
20211222,2021-02-28,17:30,LIMA,PE-22,67.0,DESPISTE,0,0.0,17.0,2021,2,6,0,0.0,0.0,0.0
20211222,2021-02-28,20:45,LAMBAYEQUE,PE-1NJ,70.0,CHOQUE,0,0.0,20.0,2021,2,6,0,2.7,2.7,5.0
20211222,2021-02-28,20:45,LAMBAYEQUE,PE-1NJ,70.0,CHOQUE,0,1.0,20.0,2021,2,6,0,2.7,2.7,5.0
20211222,2021-02-28,18:15,LIMA,PE-22,109.0,DESPISTE,0,0.0,18.0,2021,2,6,0,0.0,0.0,0.0
20211222,2021-02-28,18:15,LIMA,PE-22,109.0,DESPISTE,0,1.0,18.0,2021,2,6,0,0.0,0.0,0.0
20211222,2021-02-28,00:05,TUMBES,PE-1N,160.0,CHOQUE,4,0.0,0.0,2021,2,6,1,2.1,2.1,7.0
20211222,2021-02-28,00:05,TUMBES,PE-1N,160.0,CHOQUE,0,1.0,0.0,2021,2,6,0,2.1,2.1,7.0
20211222,2021-02-28,04:30,LA LIBERTAD,PE-10C,276.0,DESPISTE,0,1.0,4.0,2021,2,6,0,0.0,0.0,0.0
20211222,2021-02-28,06:45,ICA,PE-1S,333.0,CHOQUE,0,0.0,6.0,2021,2,6,0,0.3,0.3,2.0
20211222,2021-02-28,06:00,LA LIBERTAD,PE-1N,525.0,ATROPELLO,1,1.0,6.0,2021,2,6,1,0.0,0.0,0.0
20211222,2021-02-28,20:30,SAN MARTIN,PE-5N,725.0,CHOQUE,0,1.0,20.0,2021,2,6,0,21.4,21.4,21.0
20211222,2021-02-28,18:41,AREQUIPA,PE-1S,944.0,DESPISTE,0,0.0,18.0,2021,2,6,0,0.5,0.5,4.0
20211222,2021-03-01,14:35,UCAYALI,PE-18C,18.0,DESPISTE,0,0.0,14.0,2021,3,0,0,16.7,16.7,13.0
20211222,2021-03-01,09:10,UCAYALI,PE-18C,22.0,CHOQUE,0,4.0,9.0,2021,3,0,0,16.7,16.7,13.0
20211222,2021-03-01,23:00,HUANUCO,PE-18A,36.0,DESPISTE,0,0.0,23.0,2021,3,0,0,1.3,1.3,6.0
20211222,2021-03-01,17:00,LAMBAYEQUE,PE-1NJ,56.0,CHOQUE,0,4.0,17.0,2021,3,0,0,1.6,1.6,6.0
20211222,2021-03-01,18:20,ANCASH,PE-16,65.0,DESPISTE,0,0.0,18.0,2021,3,0,0,8.6,8.6,13.0
20211222,2021-03-01,06:00,AREQUIPA,PE-34A,72.0,DESPISTE,0,0.0,6.0,2021,3,0,0,13.2,13.2,6.0
20211222,2021-03-01,12:30,LIMA,PE-22,72.0,DESPISTE,0,0.0,12.0,2021,3,0,0,0.0,0.0,0.0
20211222,2021-03-01,N.I.,LIMA,PE-1N,85.0,CHOQUE,1,0.0,,2021,3,0,1,0.0,0.0,0.0
20211222,2021-03-01,N.I.,LIMA,PE-1N,95.0,DESPISTE,0,1.0,,2021,3,0,0,0.0,0.0,0.0
20211222,2021-03-01,17:05,LIMA,PE-1S,127.0,CHOQUE,0,3.0,17.0,2021,3,0,0,0.0,0.0,0.0
20211222,2021-03-01,12:55,UCAYALI,PE-18C,134.0,CHOQUE,0,3.0,12.0,2021,3,0,0,16.7,16.7,13.0
20211222,2021-03-01,15:45,PASCO,PE-22,152.0,CHOQUE,0,0.0,15.0,2021,3,0,0,2.1,2.1,9.0
20211222,2021-03-01,02:43,AREQUIPA,PE-1S,586.0,CHOQUE,0,3.0,2.0,2021,3,0,0,13.2,13.2,6.0
20211222,2021-03-01,16:45,LAMBAYEQUE,PE-1N,872.0,CHOQUE,0,0.0,16.0,2021,3,0,0,1.6,1.6,6.0
20211222,2021-03-01,03:50,PIURA,PE-1N,987.0,DESPISTE,0,1.0,3.0,2021,3,0,0,0.1,0.1,1.0
20211222,2021-03-01,17:05,MOQUEGUA,PE-1S,1161.0,CHOQUE,0,0.0,17.0,2021,3,0,0,0.0,0.0,0.0
20211222,2021-03-01,09:45,TACNA,PE-1S,1270.0,DESPISTE,0,2.0,9.0,2021,3,0,0,0.0,0.0,0.0
20211222,2021-03-02,21:30,CAJAMARCA,N.I.,0.0,DESPISTE,1,4.0,21.0,2021,3,1,1,9.6,9.6,17.0
20211222,2021-03-02,01:20,ANCASH,AN-110,5.0,DESPISTE,0,1.0,1.0,2021,3,1,0,10.3,10.3,19.0
20211222,2021-03-02,15:10,LORETO,LO-103,45.0,DESPISTE,0,1.0,15.0,2021,3,1,0,1.5,1.5,9.0
20211222,2021-03-02,01:55,JUNIN,PE-3N,50.0,DESPISTE,0,2.0,1.0,2021,3,1,0,3.9,3.9,17.0
20211222,2021-03-02,07:30,CUSCO,PE-30C,67.0,CHOQUE,4,0.0,7.0,2021,3,1,1,7.5,7.5,19.0
20211222,2021-03-02,10:30,PASCO,PA-107,103.0,CHOQUE,0,0.0,10.0,2021,3,1,0,3.2,3.1,11.0
20211222,2021-03-02,23:15,LIMA,PE-1S,104.0,DESPISTE,0,1.0,23.0,2021,3,1,0,0.0,0.0,0.0
20211222,2021-03-02,09:05,ANCASH,PE-16,114.0,CHOQUE,0,0.0,9.0,2021,3,1,0,10.3,10.3,19.0
20211222,2021-03-02,13:30,LA LIBERTAD,PE-3N,154.0,CHOQUE,1,0.0,13.0,2021,3,1,1,0.0,0.0,0.0
20211222,2021-03-02,15:30,PUNO,PE-34A,208.0,DESPISTE,0,1.0,15.0,2021,3,1,0,19.4,19.4,20.0
20211222,2021-03-02,06:00,ICA,PE-1S,221.0,DESPISTE,1,0.0,6.0,2021,3,1,1,0.2,0.2,2.0
20211222,2021-03-02,10:00,PUNO,PE-34B,225.0,DESPISTE,0,1.0,10.0,2021,3,1,0,19.4,19.4,20.0
20211222,2021-03-02,10:30,PUNO,PE-34A,250.0,CHOQUE,0,2.0,10.0,2021,3,1,0,19.4,19.4,20.0
20211222,2021-03-02,22:30,ANCASH,PE-1N,380.0,CHOQUE,0,1.0,22.0,2021,3,1,0,10.3,10.3,19.0
20211222,2021-03-02,05:10,ANCASH,PE-1N,423.0,CHOQUE,0,5.0,5.0,2021,3,1,0,10.3,10.3,19.0
20211222,2021-03-02,05:40,SAN MARTIN,PE-5N,652.0,DESPISTE,0,0.0,5.0,2021,3,1,0,4.9,4.9,12.0
20211222,2021-03-02,07:15,CUSCO,PE-3S,1065.0,CHOQUE,0,2.0,7.0,2021,3,1,0,7.5,7.5,19.0
20211222,2021-03-03,00:30,LIMA,PE-1S,9.0,CHOQUE,0,1.0,0.0,2021,3,2,0,0.1,0.1,1.0
20211222,2021-03-03,13:30,UCAYALI,PE-18C,20.0,CHOQUE,0,4.0,13.0,2021,3,2,0,3.2,3.2,10.0
20211222,2021-03-03,05:30,AREQUIPA,PE-34A,29.0,DESPISTE,0,0.0,5.0,2021,3,2,0,1.7,1.7,5.0
20211222,2021-03-03,14:40,LIMA,PE-22,109.0,CHOQUE,0,1.0,14.0,2021,3,2,0,0.1,0.1,1.0
20211222,2021-03-03,07:45,ANCASH,PE-3N,148.0,CHOQUE,1,4.0,7.0,2021,3,2,1,7.4,7.4,12.0
20211222,2021-03-03,05:30,ICA,PE-1S,183.0,CHOQUE,0,0.0,5.0,2021,3,2,0,0.1,0.1,1.0
20211222,2021-03-03,N.I.,ICA,PE-1S,183.0,DESPISTE,0,0.0,,2021,3,2,0,0.1,0.1,1.0
20211222,2021-03-03,19:20,APURIMAC,PE-30A,306.0,CHOQUE,0,0.0,19.0,2021,3,2,0,8.4,8.4,13.0
20211222,2021-03-03,08:30,ANCASH,PE-1N,399.0,DESPISTE,0,0.0,8.0,2021,3,2,0,7.4,7.4,12.0
20211222,2021-03-03,17:50,LAMBAYEQUE,PE-1N,836.0,ATROPELLO,0,1.0,17.0,2021,3,2,0,0.0,0.0,0.0
20211222,2021-03-03,21:20,CUSCO,PE-3S,1114.0,CHOQUE,1,0.0,21.0,2021,3,2,1,5.3,5.3,11.0
20211222,2021-03-04,11:00,LORETO,LO-103,14.0,ESPECIAL,0,1.0,11.0,2021,3,3,0,5.6,5.6,13.0
20211222,2021-03-04,18:30,PIURA,PE-1NN,14.0,CHOQUE,0,0.0,18.0,2021,3,3,0,0.6,0.6,4.0
20211222,2021-03-04,19:00,LIMA,PE-20A,28.0,ATROPELLO,0,3.0,19.0,2021,3,3,0,0.0,0.0,0.0
20211222,2021-03-04,20:00,LA LIBERTAD,PE-10A,69.0,CHOQUE,0,3.0,20.0,2021,3,3,0,2.3,2.3,5.0
20211222,2021-03-04,00:10,LIMA,PE-22,85.0,DESPISTE,0,0.0,0.0,2021,3,3,0,0.0,0.0,0.0
20211222,2021-03-04,07:50,LIMA,PE-1N,115.0,CHOQUE,0,2.0,7.0,2021,3,3,0,0.0,0.0,0.0
20211222,2021-03-04,20:50,CUSCO,PE-30C,125.0,CHOQUE,0,2.0,20.0,2021,3,3,0,5.7,5.7,9.0
20211222,2021-03-04,06:50,LIMA,PE-1N,149.0,CHOQUE,1,1.0,6.0,2021,3,3,1,0.0,0.0,0.0
20211222,2021-03-04,02:15,ANCASH,PE-1N,396.0,CHOQUE,0,1.0,2.0,2021,3,3,0,11.3,11.3,10.0
20211222,2021-03-04,03:45,ANCASH,PE-1N,396.0,CHOQUE,0,2.0,3.0,2021,3,3,0,11.3,11.3,10.0
20211222,2021-03-04,22:30,MADRE DE DIOS,PE-30C,417.0,CHOQUE,0,2.0,22.0,2021,3,3,0,14.7,14.7,15.0
20211222,2021-03-04,13:10,LA LIBERTAD,PE-1N,517.0,CHOQUE,0,1.0,13.0,2021,3,3,0,2.3,2.3,5.0
20211222,2021-03-04,13:30,LA LIBERTAD,PE-1N,517.0,CHOQUE,0,2.0,13.0,2021,3,3,0,2.3,2.3,5.0
20211222,2021-03-04,12:56,LA LIBERTAD,PE-1N,575.0,CHOQUE,0,1.0,12.0,2021,3,3,0,2.3,2.3,5.0
20211222,2021-03-04,03:40,LA LIBERTAD,PE-1N,634.0,DESPISTE,0,0.0,3.0,2021,3,3,0,2.3,2.3,5.0
20211222,2021-03-04,21:00,AREQUIPA,PE-1S,653.0,DESPISTE,0,4.0,21.0,2021,3,3,0,2.4,2.4,5.0
20211222,2021-03-04,10:00,LAMBAYEQUE,PE-1N,807.0,CHOQUE,0,1.0,10.0,2021,3,3,0,0.2,0.2,1.0
20211222,2021-03-04,16:00,CUSCO,PE-3S,950.0,CHOQUE,0,9.0,16.0,2021,3,3,0,5.7,5.7,9.0
20211222,2021-03-05,15:10,AYACUCHO,PE-28B,17.0,CHOQUE,0,0.0,15.0,2021,3,4,0,2.0,2.0,8.0
20211222,2021-03-05,11:45,ANCASH,PE-3N,34.0,DESPISTE,0,2.0,11.0,2021,3,4,0,8.1,8.1,13.0
20211222,2021-03-05,22:20,CAJAMARCA,PE-08B,37.0,DESPISTE,0,0.0,22.0,2021,3,4,0,5.6,5.6,12.0
20211222,2021-03-05,16:45,CAJAMARCA,PE-3N,47.0,CHOQUE,0,1.0,16.0,2021,3,4,0,5.6,5.6,12.0
20211222,2021-03-05,05:15,AREQUIPA,PE-34A,62.0,DESPISTE,0,2.0,5.0,2021,3,4,0,10.1,10.1,12.0
20211222,2021-03-05,22:30,LAMBAYEQUE,PE-1NJ,71.0,CHOQUE,0,2.0,22.0,2021,3,4,0,1.9,1.9,5.0
20211222,2021-03-05,07:30,LIMA,PE-22,126.0,CHOQUE,0,0.0,7.0,2021,3,4,0,0.4,0.4,3.0
20211222,2021-03-05,17:00,AYACUCHO,PE-28B,170.0,CHOQUE,0,4.0,17.0,2021,3,4,0,2.0,2.0,8.0
20211222,2021-03-05,03:30,ANCASH,PE-1N,338.0,CHOQUE,0,0.0,3.0,2021,3,4,0,8.1,8.1,13.0
20211222,2021-03-05,19:45,ICA,PE-1S,379.0,CHOQUE,0,0.0,19.0,2021,3,4,0,0.1,0.1,1.0
20211222,2021-03-05,07:15,LA LIBERTAD,PE-1N,602.0,CHOQUE,0,1.0,7.0,2021,3,4,0,2.3,2.3,4.0
20211222,2021-03-05,20:45,PIURA,PE-1N,899.0,CHOQUE,2,0.0,20.0,2021,3,4,1,10.7,10.7,11.0
20211222,2021-03-05,15:30,CUSCO,PE-3S,937.0,ATROPELLO,0,0.0,15.0,2021,3,4,0,4.5,4.5,17.0
20211222,2021-03-06,17:00,AREQUIPA,PE-34A,0.0,CHOQUE,0,0.0,17.0,2021,3,5,0,4.0,4.0,7.0
20211222,2021-03-06,12:30,ICA,PE-1S,0.0,DESPISTE,0,3.0,12.0,2021,3,5,0,0.0,0.0,0.0
20211222,2021-03-06,19:30,LIMA,PE-1NE,5.0,DESPISTE,0,2.0,19.0,2021,3,5,0,0.0,0.0,0.0
20211222,2021-03-06,05:50,LIMA,PE-1S,47.0,DESPISTE,0,0.0,5.0,2021,3,5,0,0.0,0.0,0.0
20211222,2021-03-06,08:00,JUNIN,PE-22,134.0,CHOQUE,0,0.0,8.0,2021,3,5,0,13.0,13.0,16.0
20211222,2021-03-06,18:30,LIMA,PE-1N,145.0,DESPISTE,0,1.0,18.0,2021,3,5,0,0.0,0.0,0.0
20211222,2021-03-06,14:20,ICA,PE-1S,204.0,CHOQUE,0,1.0,14.0,2021,3,5,0,0.0,0.0,0.0
20211222,2021-03-06,15:40,AYACUCHO,PE-3S,320.0,DESPISTE,0,2.0,15.0,2021,3,5,0,11.1,11.1,6.0
20211222,2021-03-06,11:50,APURIMAC,PE-30A,378.0,DESPISTE,0,4.0,11.0,2021,3,5,0,2.5,2.5,9.0
20211222,2021-03-06,02:25,LAMBAYEQUE,PE-1N,758.0,ATROPELLO,0,0.0,2.0,2021,3,5,0,0.0,0.0,0.0
20211222,2021-03-06,15:30,CUSCO,PE-3S,1015.0,DESPISTE,0,2.0,15.0,2021,3,5,0,5.2,5.2,10.0
20211222,2021-03-06,22:20,CUSCO,PE-3S,1099.0,CHOQUE,0,5.0,22.0,2021,3,5,0,5.2,5.2,10.0
20211222,2021-03-06,20:10,MOQUEGUA,PE-1S,1196.0,ATROPELLO,0,0.0,20.0,2021,3,5,0,0.0,0.0,0.0
20211222,2021-03-07,11:30,JUNIN,PE-22B,7.0,CHOQUE,0,2.0,11.0,2021,3,6,0,12.9,12.9,16.0
20211222,2021-03-07,05:30,UCAYALI,PE-18C,40.0,CHOQUE,2,0.0,5.0,2021,3,6,1,0.8,0.8,7.0
20211222,2021-03-07,12:30,LIMA,PE-1N,42.0,CHOQUE,1,0.0,12.0,2021,3,6,1,0.4,0.4,2.0
20211222,2021-03-07,05:30,LIMA,PE-22,46.0,DESPISTE,0,0.0,5.0,2021,3,6,0,0.4,0.4,2.0
20211222,2021-03-07,N.I.,CAJAMARCA,PE-08,68.0,CHOQUE,0,1.0,,2021,3,6,0,12.4,12.4,12.0
20211222,2021-03-07,05:00,LIMA,PE-20C,92.0,DESPISTE,1,0.0,5.0,2021,3,6,1,0.4,0.4,2.0
20211222,2021-03-07,N.I.,LIMA,PE-1N,124.0,CHOQUE,0,1.0,,2021,3,6,0,0.4,0.4,2.0
20211222,2021-03-07,15:30,AREQUIPA,PE-34A,170.0,DESPISTE,0,2.0,15.0,2021,3,6,0,0.1,0.1,1.0
20211222,2021-03-07,20:18,TUMBES,PE-1N,189.0,CHOQUE,0,3.0,20.0,2021,3,6,0,27.1,27.1,14.0
20211222,2021-03-07,18:45,ANCASH,PE-1N,338.0,DESPISTE,0,0.0,18.0,2021,3,6,0,24.6,24.6,12.0
20211222,2021-03-08,09:30,PIURA,PE-1N,13.0,CHOQUE,1,2.0,9.0,2021,3,0,1,6.2,6.2,4.0
20211222,2021-03-08,15:00,LIMA,PE-20A,26.0,DESPISTE,0,1.0,15.0,2021,3,0,0,0.5,0.5,2.0
20211222,2021-03-08,06:30,AYACUCHO,PE-38B,45.0,CHOQUE,0,5.0,6.0,2021,3,0,0,1.4,1.4,5.0
20211222,2021-03-08,07:30,LAMBAYEQUE,PE-1NJ,52.0,CHOQUE,1,0.0,7.0,2021,3,0,1,5.0,5.0,7.0
20211222,2021-03-08,16:40,JUNIN,PE-3S,66.0,DESPISTE,0,2.0,16.0,2021,3,0,0,1.4,1.4,7.0
20211222,2021-03-08,20:20,LIMA,PE-22,70.0,CHOQUE,0,4.0,20.0,2021,3,0,0,0.5,0.5,2.0
20211222,2021-03-08,10:20,AREQUIPA,PE-34A,73.0,DESPISTE,1,0.0,10.0,2021,3,0,1,1.0,1.0,4.0
20211222,2021-03-08,07:15,LIMA,PE-1S,91.0,CHOQUE,0,0.0,7.0,2021,3,0,0,0.5,0.5,2.0
20211222,2021-03-08,13:45,LAMBAYEQUE,PE-1NJ,98.0,CHOQUE,0,2.0,13.0,2021,3,0,0,5.0,5.0,7.0
20211222,2021-03-08,02:40,LIMA,PE-1S,98.0,CHOQUE,0,2.0,2.0,2021,3,0,0,0.5,0.5,2.0
20211222,2021-03-08,17:20,MOQUEGUA,PE-36A,125.0,VOLCADURA,0,1.0,17.0,2021,3,0,0,0.0,0.0,0.0
20211222,2021-03-08,09:42,PUNO,PE-34A,203.0,DESPISTE,0,0.0,9.0,2021,3,0,0,1.8,1.8,9.0
20211222,2021-03-08,12:35,HUANUCO,PE-3N,224.0,CHOQUE,0,1.0,12.0,2021,3,0,0,0.3,0.3,1.0
20211222,2021-03-08,08:20,MADRE DE DIOS,PE-30C,322.0,ATROPELLO,0,0.0,8.0,2021,3,0,0,0.2,0.2,2.0
20211222,2021-03-08,14:35,ICA,PE-1S,325.0,CHOQUE,0,1.0,14.0,2021,3,0,0,1.3,1.3,3.0
20211222,2021-03-08,16:15,ANCASH,PE-1N,360.0,DESPISTE,0,0.0,16.0,2021,3,0,0,4.4,4.4,11.0
20211222,2021-03-08,11:20,LA LIBERTAD,PE-1N,702.0,CHOQUE,1,0.0,11.0,2021,3,0,1,2.3,2.3,4.0
20211222,2021-03-08,09:00,AREQUIPA,PE-1S,926.0,DESPISTE,0,0.0,9.0,2021,3,0,0,1.0,1.0,4.0
20211222,2021-03-08,01:40,PIURA,PE-1N,984.0,CHOQUE,1,0.0,1.0,2021,3,0,1,6.2,6.2,4.0
20211222,2021-03-08,16:00,CAJAMARCA,PE-5N,1397.0,CHOQUE,1,0.0,16.0,2021,3,0,1,9.2,9.2,13.0
20211222,2021-03-09,02:15,JUNIN,PE-3SA,10.0,DESPISTE,0,0.0,2.0,2021,3,1,0,8.3,8.3,10.0
20211222,2021-03-09,13:30,LIMA,PE-16,13.0,CHOQUE,0,6.0,13.0,2021,3,1,0,0.4,0.4,4.0
20211222,2021-03-09,17:40,LA LIBERTAD,PE-10A,21.0,CHOQUE,0,2.0,17.0,2021,3,1,0,1.6,1.6,5.0
20211222,2021-03-09,22:00,JUNIN,PE-5S,26.0,CHOQUE,0,3.0,22.0,2021,3,1,0,8.3,8.3,10.0
20211222,2021-03-09,16:30,CAJAMARCA,PE-08,30.0,DESPISTE,0,1.0,16.0,2021,3,1,0,11.5,11.5,17.0
20211222,2021-03-09,10:20,CAJAMARCA,PE-06B,32.0,DESPISTE,0,0.0,10.0,2021,3,1,0,11.5,11.5,17.0
20211222,2021-03-09,02:30,LA LIBERTAD,PE-10A,61.0,DESPISTE,0,0.0,2.0,2021,3,1,0,1.6,1.6,5.0
20211222,2021-03-09,02:20,LIMA,PE-1S,132.0,DESPISTE,0,0.0,2.0,2021,3,1,0,0.4,0.4,4.0
20211222,2021-03-09,16:15,PASCO,PE-3N,141.0,CHOQUE,0,0.0,16.0,2021,3,1,0,9.0,8.9,14.0
20211222,2021-03-09,08:40,LIMA,PE-1N,153.0,DESPISTE,0,1.0,8.0,2021,3,1,0,0.4,0.4,4.0
20211222,2021-03-09,02:30,LIMA,PE-1N,160.0,CHOQUE,0,0.0,2.0,2021,3,1,0,0.4,0.4,4.0
20211222,2021-03-09,13:00,PIURA,PE-1NJ,326.0,CHOQUE,0,0.0,13.0,2021,3,1,0,15.5,15.5,16.0
20211222,2021-03-09,01:30,LA LIBERTAD,PE-1N,578.0,DESPISTE,0,0.0,1.0,2021,3,1,0,1.6,1.6,5.0
20211222,2021-03-10,08:52,PUNO,N.I.,0.0,DESPISTE,3,12.0,8.0,2021,3,2,1,3.0,3.0,14.0
20211222,2021-03-10,07:10,AREQUIPA,AR-115,34.0,CHOQUE,0,1.0,7.0,2021,3,2,0,8.8,8.8,7.0
20211222,2021-03-10,23:00,JUNIN,PE-5S,47.0,CHOQUE,0,2.0,23.0,2021,3,2,0,12.9,12.9,18.0
20211222,2021-03-10,08:00,PIURA,PE-1N,67.0,CHOQUE,1,0.0,8.0,2021,3,2,1,0.7,0.7,4.0
20211222,2021-03-10,18:00,LAMBAYEQUE,PE-1NJ,78.0,DESPISTE,0,3.0,18.0,2021,3,2,0,0.0,0.0,0.0
20211222,2021-03-10,17:15,MOQUEGUA,PE-36A,84.0,CHOQUE,0,1.0,17.0,2021,3,2,0,0.7,0.7,3.0
20211222,2021-03-10,18:00,MOQUEGUA,PE-36A,84.0,DESPISTE,0,0.0,18.0,2021,3,2,0,0.7,0.7,3.0
20211222,2021-03-10,02:30,LIMA,PE-1N,88.0,CHOQUE,0,0.0,2.0,2021,3,2,0,0.0,0.0,0.0
20211222,2021-03-10,18:30,AREQUIPA,PE-34A,90.0,CHOQUE,0,0.0,18.0,2021,3,2,0,8.8,8.8,7.0
20211222,2021-03-10,20:25,LIMA,PE-1N,97.0,DESPISTE,0,0.0,20.0,2021,3,2,0,0.0,0.0,0.0
20211222,2021-03-10,07:45,LIMA,PE-22,121.0,VOLCADURA,0,2.0,7.0,2021,3,2,0,0.0,0.0,0.0
20211222,2021-03-10,08:20,LIMA,PE-22,128.0,DESPISTE,0,0.0,8.0,2021,3,2,0,0.0,0.0,0.0
20211222,2021-03-10,12:00,LIMA,PE-1N,153.0,DESPISTE,0,0.0,12.0,2021,3,2,0,0.0,0.0,0.0
20211222,2021-03-10,22:15,LIMA,LM-101,157.0,CHOQUE,0,1.0,22.0,2021,3,2,0,0.0,0.0,0.0
20211222,2021-03-10,11:15,MADRE DE DIOS,PE-30C,464.0,DESPISTE,0,1.0,11.0,2021,3,2,0,0.3,0.3,3.0
20211222,2021-03-10,09:10,LAMBAYEQUE,PE-1N,811.0,CHOQUE,0,1.0,9.0,2021,3,2,0,0.0,0.0,0.0
20211222,2021-03-11,06:10,JUNIN,PE-22B,30.0,DESPISTE,0,1.0,6.0,2021,3,3,0,3.9,3.9,9.0
20211222,2021-03-11,20:00,CAJAMARCA,PE-08B,35.0,CHOQUE,0,3.0,20.0,2021,3,3,0,2.9,2.9,12.0
20211222,2021-03-11,12:10,JUNIN,PE-3N,70.0,DESPISTE,0,0.0,12.0,2021,3,3,0,3.9,3.9,9.0
20211222,2021-03-11,19:55,PASCO,PE-3N,97.0,DESPISTE,0,0.0,19.0,2021,3,3,0,7.0,5.7,14.0
20211222,2021-03-11,11:30,JUNIN,PE-22,144.0,DESPISTE,0,0.0,11.0,2021,3,3,0,3.9,3.9,9.0
20211222,2021-03-11,06:00,PUNO,PE-34A,202.0,DESPISTE,0,3.0,6.0,2021,3,3,0,1.0,1.0,6.0
20211222,2021-03-11,13:00,ICA,PE-1S,217.0,CHOQUE,0,2.0,13.0,2021,3,3,0,0.0,0.0,0.0
20211222,2021-03-11,10:10,APURIMAC,PE-30A,390.0,CHOQUE,0,1.0,10.0,2021,3,3,0,1.3,1.3,5.0
20211222,2021-03-11,18:40,SAN MARTIN,PE-5N,553.0,CHOQUE,0,1.0,18.0,2021,3,3,0,1.9,1.9,5.0
20211222,2021-03-11,19:00,PUNO,PE-3S,1285.0,CHOQUE,0,1.0,19.0,2021,3,3,0,1.0,1.0,6.0
20211222,2021-03-12,23:40,LORETO,LO-103,7.0,DESPISTE,0,1.0,23.0,2021,3,4,0,0.3,0.3,3.0
20211222,2021-03-12,09:50,LA LIBERTAD,PE-10A,23.0,CHOQUE,1,0.0,9.0,2021,3,4,1,0.0,0.0,0.0
20211222,2021-03-12,19:40,AREQUIPA,PE-34A,56.0,CHOQUE,1,0.0,19.0,2021,3,4,1,2.5,2.5,6.0
20211222,2021-03-12,20:50,JUNIN,PE-22B,95.0,CHOQUE,1,0.0,20.0,2021,3,4,1,3.9,3.9,14.0
20211222,2021-03-12,22:40,PASCO,PE-3N,106.0,CHOQUE,1,1.0,22.0,2021,3,4,1,9.5,5.8,22.0
20211222,2021-03-12,04:30,AREQUIPA,PE-34A,110.0,DESPISTE,0,0.0,4.0,2021,3,4,0,2.5,2.5,6.0
20211222,2021-03-12,10:25,ANCASH,PE-16,118.0,DESPISTE,0,2.0,10.0,2021,3,4,0,2.5,2.5,12.0
20211222,2021-03-12,16:30,AMAZONAS,PE-5N,200.0,CHOQUE,0,2.0,16.0,2021,3,4,0,0.8,0.8,6.0
20211222,2021-03-12,18:00,ICA,PE-1S,262.0,DESPISTE,0,1.0,18.0,2021,3,4,0,0.0,0.0,0.0
20211222,2021-03-12,08:00,MADRE DE DIOS,PE-30C,422.0,CHOQUE,0,1.0,8.0,2021,3,4,0,6.5,6.5,12.0
20211222,2021-03-12,06:00,HUANUCO,PE-5N,520.0,CHOQUE,1,2.0,6.0,2021,3,4,1,9.9,9.9,14.0
20211222,2021-03-12,20:50,SAN MARTIN,PE-5N,522.0,ESPECIAL,0,3.0,20.0,2021,3,4,0,1.1,1.1,4.0
20211222,2021-03-12,20:55,LA LIBERTAD,PE-1N,622.0,CHOQUE,0,1.0,20.0,2021,3,4,0,0.0,0.0,0.0
20211222,2021-03-12,20:00,AREQUIPA,PE-1S,977.0,CHOQUE,0,0.0,20.0,2021,3,4,0,2.5,2.5,6.0
20211222,2021-03-12,22:15,MOQUEGUA,PE-1S,1155.0,DESPISTE,0,0.0,22.0,2021,3,4,0,2.1,2.1,4.0
20211222,2021-03-13,19:40,CUSCO,N.I.,0.0,CHOQUE,0,5.0,19.0,2021,3,5,0,7.8,7.8,13.0
20211222,2021-03-13,21:30,LIMA,PE-1NE,0.0,CHOQUE,0,1.0,21.0,2021,3,5,0,0.0,0.0,0.0
20211222,2021-03-13,18:55,CUSCO,PE-34G,17.0,DESPISTE,0,0.0,18.0,2021,3,5,0,7.8,7.8,13.0
20211222,2021-03-13,20:45,LIMA,PE-1S,21.0,CHOQUE,0,0.0,20.0,2021,3,5,0,0.0,0.0,0.0
20211222,2021-03-13,18:40,CAJAMARCA,PE-3N,30.0,DESPISTE,0,3.0,18.0,2021,3,5,0,5.0,5.0,12.0
20211222,2021-03-13,08:30,CAJAMARCA,PE-08,37.0,CHOQUE,0,0.0,8.0,2021,3,5,0,5.0,5.0,12.0
20211222,2021-03-13,06:50,JUNIN,PE-5S,77.0,DESPISTE,1,0.0,6.0,2021,3,5,1,6.3,6.3,12.0
20211222,2021-03-13,16:17,CUSCO,PE-28B,115.0,CHOQUE,0,1.0,16.0,2021,3,5,0,7.8,7.8,13.0
20211222,2021-03-13,04:30,LIMA,PE-1N,131.0,DESPISTE,2,0.0,4.0,2021,3,5,1,0.0,0.0,0.0
20211222,2021-03-13,02:30,JUNIN,PE-22,132.0,DESPISTE,0,2.0,2.0,2021,3,5,0,6.3,6.3,12.0
20211222,2021-03-13,17:43,PUNO,PE-34A,202.0,DESPISTE,0,2.0,17.0,2021,3,5,0,3.1,2.9,11.0
20211222,2021-03-13,19:20,LIMA,PE-1N,219.0,N.I.,0,7.0,19.0,2021,3,5,0,0.0,0.0,0.0
20211222,2021-03-13,18:55,PUNO,PE-34A,248.0,CHOQUE,0,2.0,18.0,2021,3,5,0,3.1,2.9,11.0
20211222,2021-03-13,19:40,PUNO,PE-34B,286.0,CHOQUE,0,2.0,19.0,2021,3,5,0,3.1,2.9,11.0
20211222,2021-03-13,23:30,ANCASH,PE-1N,387.0,CHOQUE,0,1.0,23.0,2021,3,5,0,0.9,0.9,5.0
20211222,2021-03-13,19:30,MADRE DE DIOS,PE-30C,414.0,DESPISTE,0,1.0,19.0,2021,3,5,0,6.6,6.6,8.0
20211222,2021-03-13,09:28,MOQUEGUA,PE-1S,1143.0,VOLCADURA,0,0.0,9.0,2021,3,5,0,0.5,0.5,3.0
20211222,2021-03-14,15:30,AREQUIPA,PE-34A,14.0,DESPISTE,1,4.0,15.0,2021,3,6,1,0.8,0.8,4.0
20211222,2021-03-14,17:20,CAJAMARCA,PE-3N,22.0,CHOQUE,0,1.0,17.0,2021,3,6,0,0.6,0.6,6.0
20211222,2021-03-14,05:10,JUNIN,PE-3SA,52.0,CHOQUE,0,1.0,5.0,2021,3,6,0,8.8,8.8,14.0
20211222,2021-03-14,11:50,PIURA,PE-1N,68.0,DESPISTE,0,1.0,11.0,2021,3,6,0,0.0,0.0,0.0
20211222,2021-03-14,21:20,LIMA,PE-1S,100.0,CHOQUE,0,2.0,21.0,2021,3,6,0,0.0,0.0,0.0
20211222,2021-03-14,16:30,AREQUIPA,PE-34A,151.0,DESPISTE,0,1.0,16.0,2021,3,6,0,0.8,0.8,4.0
20211222,2021-03-14,06:20,ANCASH,PE-1N,282.0,CHOQUE,0,2.0,6.0,2021,3,6,0,2.3,2.3,10.0
20211222,2021-03-14,16:10,APURIMAC,PE-30A,378.0,DESPISTE,0,2.0,16.0,2021,3,6,0,1.5,1.5,7.0
20211222,2021-03-14,13:30,ICA,PE-1S,394.0,DESPISTE,0,1.0,13.0,2021,3,6,0,0.0,0.0,0.0
20211222,2021-03-14,12:00,APURIMAC,PE-30A,398.0,DESPISTE,0,0.0,12.0,2021,3,6,0,1.5,1.5,7.0
20211222,2021-03-14,10:00,LA LIBERTAD,PE-1N,489.0,CHOQUE,0,3.0,10.0,2021,3,6,0,0.0,0.0,0.0
20211222,2021-03-15,12:15,LIMA,PE-1S,22.0,DESPISTE,0,1.0,12.0,2021,3,0,0,0.0,0.0,0.0
20211222,2021-03-15,00:30,LIMA,PE-1NE,23.0,CHOQUE,0,0.0,0.0,2021,3,0,0,0.0,0.0,0.0
20211222,2021-03-15,15:30,PIURA,PE-02,23.0,DESPISTE,2,1.0,15.0,2021,3,0,1,0.4,0.4,1.0
20211222,2021-03-15,22:30,PIURA,PE-1N,29.0,CHOQUE,0,0.0,22.0,2021,3,0,0,0.4,0.4,1.0
20211222,2021-03-15,13:00,PUNO,PE-34H,32.0,ATROPELLO,1,0.0,13.0,2021,3,0,1,4.2,4.2,14.0
20211222,2021-03-15,16:30,LAMBAYEQUE,PE-1NJ,47.0,CHOQUE,0,1.0,16.0,2021,3,0,0,0.1,0.1,1.0
20211222,2021-03-15,05:50,LIMA,PE-22,72.0,DESPISTE,0,0.0,5.0,2021,3,0,0,0.0,0.0,0.0
20211222,2021-03-15,11:45,JUNIN,PE-22B,81.0,DESPISTE,0,1.0,11.0,2021,3,0,0,4.3,4.3,14.0
20211222,2021-03-15,04:50,LIMA,PE-1S,97.0,ATROPELLO,1,0.0,4.0,2021,3,0,1,0.0,0.0,0.0
20211222,2021-03-15,17:05,LIMA,PE-1S,104.0,CHOQUE,0,2.0,17.0,2021,3,0,0,0.0,0.0,0.0
20211222,2021-03-15,14:15,AREQUIPA,PE-34A,133.0,CHOQUE,0,3.0,14.0,2021,3,0,0,4.6,4.6,13.0
20211222,2021-03-15,16:20,PASCO,PE-3N,133.0,CHOQUE,0,0.0,16.0,2021,3,0,0,5.0,4.5,12.0
20211222,2021-03-15,15:45,AREQUIPA,PE-34A,135.0,DESPISTE,0,0.0,15.0,2021,3,0,0,4.6,4.6,13.0
20211222,2021-03-15,16:30,PUNO,PE-34A,160.0,DESPISTE,0,0.0,16.0,2021,3,0,0,4.2,4.2,14.0
20211222,2021-03-15,21:15,HUANUCO,PE-3N,204.0,CHOQUE,0,1.0,21.0,2021,3,0,0,0.9,0.9,5.0
20211222,2021-03-15,11:40,ICA,PE-1S,226.0,DESPISTE,0,1.0,11.0,2021,3,0,0,0.7,0.7,2.0
20211222,2021-03-15,21:30,MADRE DE DIOS,N.I.,322.0,ESPECIAL,0,3.0,21.0,2021,3,0,0,21.5,21.5,17.0
20211222,2021-03-15,05:00,LA LIBERTAD,PE-1N,536.0,DESPISTE,0,0.0,5.0,2021,3,0,0,0.0,0.0,0.0
20211222,2021-03-15,00:00,LAMBAYEQUE,PE-1N,808.0,CHOQUE,0,2.0,0.0,2021,3,0,0,0.1,0.1,1.0
20211222,2021-03-15,10:40,APURIMAC,PE-3S,809.0,CHOQUE,0,3.0,10.0,2021,3,0,0,4.0,4.0,10.0
20211222,2021-03-16,20:40,LORETO,LO-103,10.0,DESPISTE,0,1.0,20.0,2021,3,1,0,7.1,7.1,11.0
20211222,2021-03-16,17:20,LIMA,PE-1S,30.0,DESPISTE,0,0.0,17.0,2021,3,1,0,0.2,0.2,2.0
20211222,2021-03-16,01:00,CAJAMARCA,PE-06B,94.0,DESPISTE,0,3.0,1.0,2021,3,1,0,5.8,5.8,18.0
20211222,2021-03-16,00:30,ANCASH,PE-16,121.0,DESPISTE,0,0.0,0.0,2021,3,1,0,11.2,11.2,10.0
20211222,2021-03-16,09:20,JUNIN,PE-22,139.0,DESPISTE,0,0.0,9.0,2021,3,1,0,12.1,12.1,17.0
20211222,2021-03-16,18:50,PUNO,PE-34A,205.0,DESPISTE,0,0.0,18.0,2021,3,1,0,3.1,3.1,16.0
20211222,2021-03-16,14:18,SAN MARTIN,PE-5N,434.0,CHOQUE,0,1.0,14.0,2021,3,1,0,2.8,2.8,9.0
20211222,2021-03-16,17:00,APURIMAC,PE-30A,443.0,DESPISTE,0,2.0,17.0,2021,3,1,0,2.2,2.2,10.0
20211222,2021-03-16,19:40,CUSCO,PE-3S,1103.0,CHOQUE,0,1.0,19.0,2021,3,1,0,19.3,19.3,24.0
20211222,2021-03-17,15:00,ANCASH,AN-624,0.0,DESPISTE,0,1.0,15.0,2021,3,2,0,9.0,9.0,17.0
20211222,2021-03-17,22:55,PASCO,N.I.,0.0,DESPISTE,0,0.0,22.0,2021,3,2,0,1.1,1.1,6.0
20211222,2021-03-17,22:30,LIMA,PE-1S,22.0,CHOQUE,0,1.0,22.0,2021,3,2,0,0.0,0.0,0.0
20211222,2021-03-17,N.I.,CAJAMARCA,PE-08,58.0,DESPISTE,0,0.0,,2021,3,2,0,5.5,5.5,7.0
20211222,2021-03-17,06:00,PASCO,PE-20A,84.0,DESPISTE,0,12.0,6.0,2021,3,2,0,1.1,1.1,6.0
20211222,2021-03-17,11:00,CUSCO,PE-3SG,124.0,VOLCADURA,0,0.0,11.0,2021,3,2,0,11.8,11.7,17.0
20211222,2021-03-17,21:00,PASCO,PE-3N,169.0,CHOQUE,0,0.0,21.0,2021,3,2,0,1.1,1.1,6.0
20211222,2021-03-17,12:20,CAJAMARCA,PE-08B,184.0,ATROPELLO,0,2.0,12.0,2021,3,2,0,5.5,5.5,7.0
20211222,2021-03-17,05:30,LAMBAYEQUE,PE-1N,755.0,CHOQUE,0,1.0,5.0,2021,3,2,0,0.1,0.1,1.0
20211222,2021-03-17,05:00,TACNA,PE-1S,1292.0,CHOQUE,0,5.0,5.0,2021,3,2,0,0.0,0.0,0.0
20211222,2021-03-18,19:55,LIMA,PE-1N,84.0,CHOQUE,0,1.0,19.0,2021,3,3,0,0.0,0.0,0.0
20211222,2021-03-18,19:00,LIMA,PE-1S,97.0,CHOQUE,0,1.0,19.0,2021,3,3,0,0.0,0.0,0.0
20211222,2021-03-18,21:00,PUNO,PE-34A,288.0,DESPISTE,0,3.0,21.0,2021,3,3,0,10.0,10.0,17.0
20211222,2021-03-18,02:15,MADRE DE DIOS,PE-30C,324.0,CHOQUE,1,1.0,2.0,2021,3,3,1,6.8,6.8,8.0
20211222,2021-03-18,00:40,ICA,PE-1S,375.0,DESPISTE,1,1.0,0.0,2021,3,3,1,0.0,0.0,0.0
20211222,2021-03-18,16:45,AMAZONAS,PE-5N,380.0,ATROPELLO,0,1.0,16.0,2021,3,3,0,1.6,1.6,5.0
20211222,2021-03-19,03:00,CUSCO,PE-34G,17.0,DESPISTE,0,0.0,3.0,2021,3,4,0,9.6,9.6,20.0
20211222,2021-03-19,16:30,CUSCO,PE-30C,20.0,CHOQUE,0,5.0,16.0,2021,3,4,0,9.6,9.6,20.0
20211222,2021-03-19,19:30,LORETO,LO-103,34.0,DESPISTE,0,1.0,19.0,2021,3,4,0,6.9,6.9,15.0
20211222,2021-03-19,05:45,LIMA,PE-1S,42.0,CHOQUE,0,2.0,5.0,2021,3,4,0,0.0,0.0,0.0
20211222,2021-03-19,20:40,LIMA,PE-1S,115.0,CHOQUE,2,2.0,20.0,2021,3,4,1,0.0,0.0,0.0
20211222,2021-03-19,18:40,CUSCO,N.I.,160.0,CHOQUE,0,0.0,18.0,2021,3,4,0,9.6,9.6,20.0
20211222,2021-03-19,19:00,MADRE DE DIOS,PE-30C,389.0,CHOQUE,0,1.0,19.0,2021,3,4,0,9.1,9.1,15.0
20211222,2021-03-19,08:15,ANCASH,PE-1N,405.0,DESPISTE,0,0.0,8.0,2021,3,4,0,1.6,1.6,8.0
20211222,2021-03-19,10:30,AREQUIPA,PE-1S,702.0,CHOQUE,0,2.0,10.0,2021,3,4,0,0.5,0.5,3.0
20211222,2021-03-19,21:30,PIURA,PE-1N,905.0,DESPISTE,0,1.0,21.0,2021,3,4,0,0.5,0.5,3.0
20211222,2021-03-19,03:00,CUSCO,PE-3S,986.0,CHOQUE,1,0.0,3.0,2021,3,4,1,9.6,9.6,20.0
20211222,2021-03-20,14:20,LIMA,PE-1N,5.0,CHOQUE,1,0.0,14.0,2021,3,5,1,0.0,0.0,0.0
20211222,2021-03-20,18:30,PUNO,PE-34H,6.0,CHOQUE,0,2.0,18.0,2021,3,5,0,3.4,3.4,11.0
20211222,2021-03-20,20:50,SAN MARTIN,PE-5NB,14.0,DESPISTE,1,0.0,20.0,2021,3,5,1,22.2,22.2,20.0
20211222,2021-03-20,17:30,AREQUIPA,PE-34A,17.0,CHOQUE,0,0.0,17.0,2021,3,5,0,0.0,0.0,0.0
20211222,2021-03-20,11:50,JUNIN,PE-3S,73.0,DESPISTE,0,1.0,11.0,2021,3,5,0,0.0,0.0,0.0
20211222,2021-03-20,16:58,AREQUIPA,PE-34A,105.0,CHOQUE,1,2.0,16.0,2021,3,5,1,0.0,0.0,0.0
20211222,2021-03-20,08:02,LIMA,PE-22,120.0,CHOQUE,0,3.0,8.0,2021,3,5,0,0.0,0.0,0.0
20211222,2021-03-20,12:30,LIMA,PE-1N,214.0,CHOQUE,2,2.0,12.0,2021,3,5,1,0.0,0.0,0.0
20211222,2021-03-20,18:20,APURIMAC,PE-30A,298.0,DESPISTE,0,1.0,18.0,2021,3,5,0,2.1,2.1,4.0
20211222,2021-03-20,06:30,LA LIBERTAD,PE-1N,459.0,DESPISTE,1,0.0,6.0,2021,3,5,1,0.0,0.0,0.0
20211222,2021-03-20,11:45,AREQUIPA,PE-1S,596.0,DESPISTE,0,1.0,11.0,2021,3,5,0,0.0,0.0,0.0
20211222,2021-03-20,20:40,LA LIBERTAD,PE-1N,691.0,CHOQUE,1,0.0,20.0,2021,3,5,1,0.0,0.0,0.0
20211222,2021-03-20,20:15,LAMBAYEQUE,PE-1N,803.0,CHOQUE,1,4.0,20.0,2021,3,5,1,0.0,0.0,0.0
20211222,2021-03-20,21:10,AREQUIPA,PE-1S,948.0,DESPISTE,0,0.0,21.0,2021,3,5,0,0.0,0.0,0.0
20211222,2021-03-21,09:51,CAJAMARCA,PE-08A,17.0,DESPISTE,0,1.0,9.0,2021,3,6,0,3.0,3.0,12.0
20211222,2021-03-21,16:20,JUNIN,PE-3SA,20.0,DESPISTE,0,1.0,16.0,2021,3,6,0,12.9,12.9,13.0
20211222,2021-03-21,11:00,CAJAMARCA,PE-3N,38.0,CHOQUE,0,5.0,11.0,2021,3,6,0,3.0,3.0,12.0
20211222,2021-03-21,20:30,CAJAMARCA,PE-08B,65.0,ATROPELLO,0,1.0,20.0,2021,3,6,0,3.0,3.0,12.0
20211222,2021-03-21,20:00,LAMBAYEQUE,PE-1NJ,95.0,DESPISTE,0,2.0,20.0,2021,3,6,0,0.0,0.0,0.0
20211222,2021-03-21,21:00,JUNIN,PE-5S,115.0,ESPECIAL,1,0.0,21.0,2021,3,6,1,12.9,12.9,13.0
20211222,2021-03-21,13:20,JUNIN,PE-22,154.0,DESPISTE,0,1.0,13.0,2021,3,6,0,12.9,12.9,13.0
20211222,2021-03-21,17:30,AMAZONAS,PE-5N,233.0,CHOQUE,0,2.0,17.0,2021,3,6,0,7.8,7.8,13.0
20211222,2021-03-22,11:00,LIMA,N.I.,0.0,DESPISTE,0,1.0,11.0,2021,3,0,0,0.0,0.0,0.0
20211222,2021-03-22,04:30,JUNIN,PE-3N,2.0,CHOQUE,0,2.0,4.0,2021,3,0,0,4.9,4.9,8.0
20211222,2021-03-22,13:30,LIMA,PE-1NE,8.0,CHOQUE,0,1.0,13.0,2021,3,0,0,0.0,0.0,0.0
20211222,2021-03-22,20:30,AREQUIPA,PE-34,33.0,DESPISTE,0,2.0,20.0,2021,3,0,0,0.7,0.7,3.0
20211222,2021-03-22,11:30,LIMA,PE-22,102.0,CHOQUE,0,0.0,11.0,2021,3,0,0,0.0,0.0,0.0
20211222,2021-03-22,14:30,CUSCO,PE-30C,145.0,DESPISTE,0,3.0,14.0,2021,3,0,0,5.7,5.7,13.0
20211222,2021-03-22,06:30,LIMA,PE-1N,187.0,DESPISTE,0,0.0,6.0,2021,3,0,0,0.0,0.0,0.0
20211222,2021-03-22,20:20,TUMBES,PE-1N,196.0,DESPISTE,0,1.0,20.0,2021,3,0,0,0.3,0.3,3.0
20211222,2021-03-22,11:30,HUANUCO,PE-5N,221.0,CHOQUE,1,1.0,11.0,2021,3,0,1,1.0,1.0,6.0
20211222,2021-03-22,06:00,AYACUCHO,PE-28A,302.0,CHOQUE,0,2.0,6.0,2021,3,0,0,3.9,3.9,12.0
20211222,2021-03-22,07:00,AYACUCHO,PE-3S,450.0,CHOQUE,0,3.0,7.0,2021,3,0,0,3.9,3.9,12.0
20211222,2021-03-22,15:30,SAN MARTIN,PE-5N,514.0,DESPISTE,0,1.0,15.0,2021,3,0,0,4.3,4.3,15.0
20211222,2021-03-22,12:00,ANCASH,PE-3N,600.0,CHOQUE,0,6.0,12.0,2021,3,0,0,11.2,11.2,12.0
20211222,2021-03-22,01:00,LA LIBERTAD,PE-1N,701.0,CHOQUE,1,0.0,1.0,2021,3,0,1,0.0,0.0,0.0
20211222,2021-03-22,18:20,AREQUIPA,PE-1S,960.0,DESPISTE,0,0.0,18.0,2021,3,0,0,0.7,0.7,3.0
20211222,2021-03-23,17:00,CUSCO,PE-30C,2.0,CHOQUE,0,0.0,17.0,2021,3,1,0,1.1,1.1,10.0
20211222,2021-03-23,11:51,LIMA,PE-22,9.0,DESPISTE,0,23.0,11.0,2021,3,1,0,0.0,0.0,0.0
20211222,2021-03-23,07:00,LIMA,PE-20C,19.0,CHOQUE,0,2.0,7.0,2021,3,1,0,0.0,0.0,0.0
20211222,2021-03-23,10:30,PIURA,PE-1N,23.0,CHOQUE,0,1.0,10.0,2021,3,1,0,0.0,0.0,0.0
20211222,2021-03-23,16:15,JUNIN,PE-3SA,40.0,DESPISTE,0,3.0,16.0,2021,3,1,0,10.7,10.7,20.0
20211222,2021-03-23,06:00,LIMA,PE-1S,89.0,DESPISTE,0,1.0,6.0,2021,3,1,0,0.0,0.0,0.0
20211222,2021-03-23,06:40,LIMA,PE-1N,115.0,DESPISTE,0,2.0,6.0,2021,3,1,0,0.0,0.0,0.0
20211222,2021-03-23,11:45,LIMA,PE-22,132.0,DESPISTE,0,1.0,11.0,2021,3,1,0,0.0,0.0,0.0
20211222,2021-03-23,15:30,JUNIN,PE-22,163.0,CHOQUE,0,0.0,15.0,2021,3,1,0,10.7,10.7,20.0
20211222,2021-03-23,10:00,AYACUCHO,PE-3S,501.0,DESPISTE,0,1.0,10.0,2021,3,1,0,6.7,6.7,15.0
20211222,2021-03-23,05:30,LAMBAYEQUE,PE-1N,754.0,CHOQUE,2,19.0,5.0,2021,3,1,1,0.0,0.0,0.0
20211222,2021-03-23,12:15,LAMBAYEQUE,PE-1N,795.0,CHOQUE,0,0.0,12.0,2021,3,1,0,0.0,0.0,0.0
20211222,2021-03-23,20:00,AREQUIPA,PE-1S,844.0,CHOQUE,0,2.0,20.0,2021,3,1,0,0.1,0.1,1.0
20211222,2021-03-23,21:09,AREQUIPA,PE-1S,873.0,DESPISTE,0,2.0,21.0,2021,3,1,0,0.1,0.1,1.0
20211222,2021-03-24,06:30,UCAYALI,PE-18C,72.0,DESPISTE,0,0.0,6.0,2021,3,2,0,6.5,6.5,13.0
20211222,2021-03-24,09:40,TACNA,PE-1SD,76.0,CHOQUE,0,0.0,9.0,2021,3,2,0,0.0,0.0,0.0
20211222,2021-03-24,14:30,JUNIN,PE-5S,78.0,CHOQUE,1,0.0,14.0,2021,3,2,1,1.0,1.0,6.0
20211222,2021-03-24,14:50,MOQUEGUA,PE-36A,83.0,CHOQUE,0,0.0,14.0,2021,3,2,0,0.0,0.0,0.0
20211222,2021-03-24,12:00,JUNIN,PE-3SB,104.0,DESPISTE,0,1.0,12.0,2021,3,2,0,1.0,1.0,6.0
20211222,2021-03-24,21:05,LIMA,PE-1N,148.0,DESPISTE,0,0.0,21.0,2021,3,2,0,0.1,0.1,1.0
20211222,2021-03-24,19:20,AYACUCHO,PE-30A,177.0,DESPISTE,0,0.0,19.0,2021,3,2,0,1.7,1.7,9.0
20211222,2021-03-24,01:30,ICA,PE-1S,226.0,DESPISTE,0,2.0,1.0,2021,3,2,0,0.0,0.0,0.0
20211222,2021-03-24,04:44,ICA,PE-1S,303.0,DESPISTE,0,0.0,4.0,2021,3,2,0,0.0,0.0,0.0
20211222,2021-03-24,10:00,ANCASH,PE-1N,362.0,DESPISTE,0,0.0,10.0,2021,3,2,0,8.8,8.8,13.0
20211222,2021-03-24,20:30,AREQUIPA,PE-1S,685.0,CHOQUE,0,0.0,20.0,2021,3,2,0,0.0,0.0,0.0
20211222,2021-03-24,22:30,LAMBAYEQUE,PE-1N,764.0,DESPISTE,0,1.0,22.0,2021,3,2,0,0.1,0.1,1.0
20211222,2021-03-25,09:30,AREQUIPA,PE-34A,43.0,CHOQUE,0,0.0,9.0,2021,3,3,0,0.0,0.0,0.0
20211222,2021-03-25,N.I.,LA LIBERTAD,PE-10A,57.0,CHOQUE,1,0.0,,2021,3,3,1,0.0,0.0,0.0
20211222,2021-03-25,01:48,LIMA,PE-1N,85.0,DESPISTE,0,0.0,1.0,2021,3,3,0,0.0,0.0,0.0
20211222,2021-03-25,05:30,LIMA,PE-1N,85.0,CHOQUE,0,0.0,5.0,2021,3,3,0,0.0,0.0,0.0
20211222,2021-03-25,N.I.,LIMA,PE-1N,85.0,CHOQUE,0,0.0,,2021,3,3,0,0.0,0.0,0.0
20211222,2021-03-25,17:40,ANCASH,PE-16,114.0,CHOQUE,1,0.0,17.0,2021,3,3,1,3.3,3.3,8.0
20211222,2021-03-25,03:40,PUNO,PE-36A,281.0,DESPISTE,0,0.0,3.0,2021,3,3,0,1.4,1.4,9.0
20211222,2021-03-25,22:40,SAN MARTIN,PE-5N,471.0,CHOQUE,0,0.0,22.0,2021,3,3,0,1.0,1.0,6.0
20211222,2021-03-25,06:00,HUANUCO,PE-5N,489.0,DESPISTE,0,0.0,6.0,2021,3,3,0,0.1,0.1,1.0
20211222,2021-03-25,19:00,CUSCO,PE-3S,1062.0,DESPISTE,0,1.0,19.0,2021,3,3,0,2.8,2.8,10.0
20211222,2021-03-25,16:00,PUNO,PE-3S,1224.0,ATROPELLO,1,1.0,16.0,2021,3,3,1,1.4,1.4,9.0
20211222,2021-03-26,23:30,LORETO,PE-5NI,3.0,DESPISTE,0,2.0,23.0,2021,3,4,0,5.7,5.7,11.0
20211222,2021-03-26,02:30,LAMBAYEQUE,PE-1NJ,29.0,CHOQUE,0,1.0,2.0,2021,3,4,0,0.0,0.0,0.0
20211222,2021-03-26,02:25,PIURA,PI-102,53.0,CHOQUE,0,3.0,2.0,2021,3,4,0,0.0,0.0,0.0
20211222,2021-03-26,16:00,JUNIN,PE-5S,74.0,DESPISTE,0,6.0,16.0,2021,3,4,0,3.2,3.2,12.0
20211222,2021-03-26,19:15,AREQUIPA,PE-34A,75.0,CHOQUE,1,3.0,19.0,2021,3,4,1,0.0,0.0,0.0
20211222,2021-03-26,17:00,LIMA,PE-1N,75.0,CHOQUE,0,0.0,17.0,2021,3,4,0,0.0,0.0,0.0
20211222,2021-03-26,08:40,AREQUIPA,PE-34A,95.0,DESPISTE,0,9.0,8.0,2021,3,4,0,0.0,0.0,0.0
20211222,2021-03-26,18:30,LIMA,PE-1S,113.0,DESPISTE,0,1.0,18.0,2021,3,4,0,0.0,0.0,0.0
20211222,2021-03-26,11:50,PIURA,PE-1NJ,182.0,DESPISTE,1,1.0,11.0,2021,3,4,1,0.0,0.0,0.0
20211222,2021-03-26,22:40,LA LIBERTAD,PE-1N,478.0,DESPISTE,0,0.0,22.0,2021,3,4,0,0.0,0.0,0.0
20211222,2021-03-26,20:30,AREQUIPA,PE-1S,986.0,CHOQUE,0,0.0,20.0,2021,3,4,0,0.0,0.0,0.0
20211222,2021-03-27,11:00,LAMBAYEQUE,PE-04B,4.0,ATROPELLO,0,2.0,11.0,2021,3,5,0,1.0,1.0,4.0
20211222,2021-03-27,17:30,PIURA,PE-1N,4.0,CHOQUE,0,1.0,17.0,2021,3,5,0,0.0,0.0,0.0
20211222,2021-03-27,02:10,ICA,PE-28A,16.0,CHOQUE,1,1.0,2.0,2021,3,5,1,0.0,0.0,0.0
20211222,2021-03-27,18:40,LIMA,PE-20A,23.0,CHOQUE,0,0.0,18.0,2021,3,5,0,0.2,0.2,1.0
20211222,2021-03-27,10:51,JUNIN,PE-22B,26.0,DESPISTE,0,0.0,10.0,2021,3,5,0,4.7,4.7,15.0
20211222,2021-03-27,11:15,CUSCO,PE-28F,37.0,CHOQUE,0,0.0,11.0,2021,3,5,0,9.5,9.5,12.0
20211222,2021-03-27,17:00,LIMA,PE-1N,75.0,CHOQUE,0,0.0,17.0,2021,3,5,0,0.2,0.2,1.0
20211222,2021-03-27,12:45,JUNIN,PE-22B,84.0,CHOQUE,0,2.0,12.0,2021,3,5,0,4.7,4.7,15.0
20211222,2021-03-27,08:45,LIMA,PE-22,85.0,ESPECIAL,1,0.0,8.0,2021,3,5,1,0.2,0.2,1.0
20211222,2021-03-27,11:40,PUNO,PE-36A,269.0,DESPISTE,0,0.0,11.0,2021,3,5,0,3.6,3.6,14.0
20211222,2021-03-27,15:50,SAN MARTIN,PE-5N,491.0,CHOQUE,0,1.0,15.0,2021,3,5,0,4.3,4.3,10.0
20211222,2021-03-27,20:30,SAN MARTIN,PE-5N,501.0,ATROPELLO,0,1.0,20.0,2021,3,5,0,4.3,4.3,10.0
20211222,2021-03-27,04:30,CUSCO,PE-28B,551.0,DESPISTE,0,0.0,4.0,2021,3,5,0,9.5,9.5,12.0
20211222,2021-03-27,11:30,AREQUIPA,PE-1S,733.0,CHOQUE,0,0.0,11.0,2021,3,5,0,0.0,0.0,0.0
20211222,2021-03-27,08:00,CUSCO,PE-3S,905.0,CHOQUE,0,0.0,8.0,2021,3,5,0,9.5,9.5,12.0
20211222,2021-03-28,19:45,LORETO,PE-5NI,9.0,DESPISTE,0,1.0,19.0,2021,3,6,0,38.2,38.2,23.0
20211222,2021-03-28,16:50,AREQUIPA,PE-34J,16.0,DESPISTE,0,1.0,16.0,2021,3,6,0,0.0,0.0,0.0
20211222,2021-03-28,17:50,PUNO,PE-34H,21.0,DESPISTE,0,1.0,17.0,2021,3,6,0,7.3,7.3,16.0
20211222,2021-03-28,11:50,JUNIN,PE-3N,39.0,CHOQUE,0,0.0,11.0,2021,3,6,0,9.3,9.3,16.0
20211222,2021-03-28,20:40,AYACUCHO,PE-30A,187.0,CHOQUE,0,0.0,20.0,2021,3,6,0,1.8,1.8,4.0
20211222,2021-03-28,07:30,ICA,PE-1S,206.0,DESPISTE,0,2.0,7.0,2021,3,6,0,0.0,0.0,0.0
20211222,2021-03-28,13:45,PUNO,PE-36A,299.0,DESPISTE,0,0.0,13.0,2021,3,6,0,7.3,7.3,16.0
20211222,2021-03-28,14:58,APURIMAC,PE-30A,305.0,DESPISTE,0,0.0,14.0,2021,3,6,0,1.6,1.6,9.0
20211222,2021-03-28,21:00,APURIMAC,PE-30A,390.0,CHOQUE,0,0.0,21.0,2021,3,6,0,1.6,1.6,9.0
20211222,2021-03-28,16:30,AYACUCHO,PE-3S,423.0,CHOQUE,0,2.0,16.0,2021,3,6,0,1.8,1.8,4.0
20211222,2021-03-29,08:30,AREQUIPA,PE-34A,1.0,CHOQUE,0,0.0,8.0,2021,3,0,0,0.0,0.0,0.0
20211222,2021-03-29,07:15,MOQUEGUA,PE-36,18.0,DESPISTE,0,1.0,7.0,2021,3,0,0,0.0,0.0,0.0
20211222,2021-03-29,17:15,CUSCO,PE-34G,24.0,DESPISTE,0,0.0,17.0,2021,3,0,0,9.2,9.2,11.0
20211222,2021-03-29,06:00,SAN MARTIN,PE-5NB,28.0,ESPECIAL,0,3.0,6.0,2021,3,0,0,18.9,18.9,24.0
20211222,2021-03-29,09:30,LAMBAYEQUE,PE-06A,39.0,CHOQUE,0,1.0,9.0,2021,3,0,0,0.0,0.0,0.0
20211222,2021-03-29,22:45,JUNIN,PE-3S,60.0,DESPISTE,0,1.0,22.0,2021,3,0,0,23.0,23.0,23.0
20211222,2021-03-29,06:30,AREQUIPA,PE-34A,63.0,CHOQUE,0,0.0,6.0,2021,3,0,0,0.0,0.0,0.0
20211222,2021-03-29,12:00,AREQUIPA,PE-1SD,75.0,DESPISTE,0,0.0,12.0,2021,3,0,0,0.0,0.0,0.0
20211222,2021-03-29,16:00,ANCASH,PE-16,94.0,DESPISTE,0,0.0,16.0,2021,3,0,0,21.4,21.4,12.0
20211222,2021-03-29,21:30,LIMA,PE-22,99.0,CHOQUE,0,0.0,21.0,2021,3,0,0,0.0,0.0,0.0
20211222,2021-03-29,11:36,HUANUCO,PE-18A,118.0,DESPISTE,0,1.0,11.0,2021,3,0,0,0.7,0.7,7.0
20211222,2021-03-29,16:30,LIMA,PE-1N,150.0,CHOQUE,0,1.0,16.0,2021,3,0,0,0.0,0.0,0.0
20211222,2021-03-29,16:45,ANCASH,PE-3N,162.0,CHOQUE,0,0.0,16.0,2021,3,0,0,21.4,21.4,12.0
20211222,2021-03-29,03:49,LIMA,PE-1N,218.0,DESPISTE,0,1.0,3.0,2021,3,0,0,0.0,0.0,0.0
20211222,2021-03-29,17:10,PUNO,PE-34A,226.0,DESPISTE,0,4.0,17.0,2021,3,0,0,3.5,3.5,15.0
20211222,2021-03-29,19:08,PUNO,PE-34A,226.0,DESPISTE,0,3.0,19.0,2021,3,0,0,3.5,3.5,15.0
20211222,2021-03-29,19:40,ANCASH,PE-1N,292.0,CHOQUE,0,2.0,19.0,2021,3,0,0,21.4,21.4,12.0
20211222,2021-03-29,10:50,AMAZONAS,PE-5N,320.0,DESPISTE,0,0.0,10.0,2021,3,0,0,7.1,7.1,13.0
20211222,2021-03-29,17:30,AYACUCHO,PE-3S,412.0,DESPISTE,0,3.0,17.0,2021,3,0,0,13.0,13.0,17.0
20211222,2021-03-29,11:40,APURIMAC,PE-3S,824.0,CHOQUE,0,0.0,11.0,2021,3,0,0,6.2,6.2,15.0
20211222,2021-03-29,20:50,APURIMAC,PE-3S,843.0,CHOQUE,0,1.0,20.0,2021,3,0,0,6.2,6.2,15.0
20211222,2021-03-29,01:50,MOQUEGUA,PE-1S,1098.0,CHOQUE,0,1.0,1.0,2021,3,0,0,0.0,0.0,0.0
20211222,2021-03-30,12:00,CAJAMARCA,PE-3N,8.0,CHOQUE,0,0.0,12.0,2021,3,1,0,1.6,1.6,6.0
20211222,2021-03-30,14:25,AREQUIPA,PE-34E,10.0,DESPISTE,0,3.0,14.0,2021,3,1,0,0.0,0.0,0.0
20211222,2021-03-30,15:30,AREQUIPA,PE-34,10.0,CHOQUE,0,0.0,15.0,2021,3,1,0,0.0,0.0,0.0
20211222,2021-03-30,07:30,JUNIN,PE-3N,11.0,DESPISTE,0,0.0,7.0,2021,3,1,0,12.9,12.9,19.0
20211222,2021-03-30,10:50,JUNIN,PE-3SA,26.0,CHOQUE,0,0.0,10.0,2021,3,1,0,12.9,12.9,19.0
20211222,2021-03-30,05:30,JUNIN,PE-3N,54.0,DESPISTE,0,0.0,5.0,2021,3,1,0,12.9,12.9,19.0
20211222,2021-03-30,08:11,LIMA,PE-1N,69.0,CHOQUE,0,1.0,8.0,2021,3,1,0,0.1,0.1,1.0
20211222,2021-03-30,15:00,LIMA,PE-1N,89.0,ATROPELLO,1,0.0,15.0,2021,3,1,1,0.1,0.1,1.0
20211222,2021-03-30,07:30,PASCO,PE-3N,137.0,DESPISTE,0,1.0,7.0,2021,3,1,0,3.4,2.7,12.0
20211222,2021-03-30,06:35,LIMA,PE-1S,169.0,CHOQUE,0,1.0,6.0,2021,3,1,0,0.1,0.1,1.0
20211222,2021-03-30,06:00,PUNO,PE-34A,228.0,DESPISTE,0,3.0,6.0,2021,3,1,0,14.1,14.0,20.0
20211222,2021-03-30,11:40,ICA,PE-1S,423.0,CHOQUE,2,0.0,11.0,2021,3,1,1,0.0,0.0,0.0
20211222,2021-03-30,19:45,MADRE DE DIOS,PE-30C,463.0,ATROPELLO,0,2.0,19.0,2021,3,1,0,5.9,5.9,12.0
20211222,2021-03-30,20:10,AREQUIPA,PE-1S,598.0,DESPISTE,0,0.0,20.0,2021,3,1,0,0.0,0.0,0.0
20211222,2021-03-31,00:00,PIURA,PE-1NL,3.0,CHOQUE,1,0.0,0.0,2021,3,2,1,0.0,0.0,0.0
20211222,2021-03-31,20:00,JUNIN,PE-22B,8.0,DESPISTE,0,2.0,20.0,2021,3,2,0,14.2,14.2,11.0
20211222,2021-03-31,05:30,LAMBAYEQUE,LA-115,13.0,CHOQUE,2,0.0,5.0,2021,3,2,1,0.0,0.0,0.0
20211222,2021-03-31,23:00,MOQUEGUA,PE-1SD,17.0,CHOQUE,0,3.0,23.0,2021,3,2,0,0.0,0.0,0.0
20211222,2021-03-31,08:00,LIMA,PE-1NA,18.0,DESPISTE,0,1.0,8.0,2021,3,2,0,0.3,0.3,3.0
20211222,2021-03-31,17:20,UCAYALI,PE-18C,29.0,CHOQUE,0,2.0,17.0,2021,3,2,0,13.3,13.3,9.0
20211222,2021-03-31,19:00,MOQUEGUA,PE-36B,42.0,CHOQUE,0,2.0,19.0,2021,3,2,0,0.0,0.0,0.0
20211222,2021-03-31,13:00,AMAZONAS,PE-08C,45.0,CHOQUE,0,0.0,13.0,2021,3,2,0,1.1,1.1,7.0
20211222,2021-03-31,14:50,LIMA,PE-1S,57.0,CHOQUE,0,0.0,14.0,2021,3,2,0,0.3,0.3,3.0
20211222,2021-03-31,21:05,LAMBAYEQUE,PE-06A,65.0,N.I.,0,0.0,21.0,2021,3,2,0,0.0,0.0,0.0
20211222,2021-03-31,15:50,LIMA,PE-1S,79.0,DESPISTE,0,0.0,15.0,2021,3,2,0,0.3,0.3,3.0
20211222,2021-03-31,07:00,PASCO,PE-3N,139.0,CHOQUE,0,2.0,7.0,2021,3,2,0,4.8,4.6,13.0
20211222,2021-03-31,09:10,LIMA,PE-1S,148.0,VOLCADURA,0,1.0,9.0,2021,3,2,0,0.3,0.3,3.0
20211222,2021-03-31,11:20,PUNO,PE-34H,163.0,CHOQUE,0,2.0,11.0,2021,3,2,0,5.3,5.1,13.0
20211222,2021-03-31,19:20,AREQUIPA,PE-34A,181.0,DESPISTE,0,1.0,19.0,2021,3,2,0,0.1,0.1,1.0
20211222,2021-03-31,19:20,PUNO,PE-34A,181.0,DESPISTE,0,1.0,19.0,2021,3,2,0,5.3,5.1,13.0
20211222,2021-03-31,00:30,ICA,PE-1S,226.0,DESPISTE,0,2.0,0.0,2021,3,2,0,0.4,0.4,3.0
20211222,2021-03-31,20:50,LA LIBERTAD,PE-1N,632.0,CHOQUE,1,0.0,20.0,2021,3,2,1,0.2,0.2,2.0
20211222,2021-03-31,05:40,APURIMAC,PE-3S,827.0,CHOQUE,0,0.0,5.0,2021,3,2,0,0.6,0.6,4.0
20211222,2021-03-31,14:30,PIURA,PE-1N,1019.0,CHOQUE,0,1.0,14.0,2021,3,2,0,0.0,0.0,0.0
20211222,2021-04-01,06:15,LIMA,PE-1S,108.0,CHOQUE,0,1.0,6.0,2021,4,3,0,0.0,0.0,0.0
20211222,2021-04-01,07:10,LIMA,PE-1S,134.0,DESPISTE,0,1.0,7.0,2021,4,3,0,0.0,0.0,0.0
20211222,2021-04-01,16:45,ICA,PE-1S,338.0,ESPECIAL,0,0.0,16.0,2021,4,3,0,0.0,0.0,0.0
20211222,2021-04-01,01:30,ANCASH,PE-1N,341.0,DESPISTE,0,0.0,1.0,2021,4,3,0,6.3,6.3,14.0
20211222,2021-04-01,09:30,AMAZONAS,PE-5N,353.0,DESPISTE,0,1.0,9.0,2021,4,3,0,2.9,2.9,9.0
20211222,2021-04-01,18:50,ANCASH,PE-1N,359.0,DESPISTE,0,0.0,18.0,2021,4,3,0,6.3,6.3,14.0
20211222,2021-04-01,04:40,ANCASH,PE-1N,422.0,CHOQUE,2,0.0,4.0,2021,4,3,1,6.3,6.3,14.0
20211222,2021-04-01,21:30,SAN MARTIN,PE-5N,531.0,ATROPELLO,0,1.0,21.0,2021,4,3,0,0.8,0.8,5.0
20211222,2021-04-03,07:02,JUNIN,PE-3S,5.0,DESPISTE,0,0.0,7.0,2021,4,5,0,11.8,11.8,22.0
20211222,2021-04-03,05:30,LAMBAYEQUE,PE-06A,24.0,CHOQUE,0,1.0,5.0,2021,4,5,0,0.0,0.0,0.0
20211222,2021-04-03,18:30,CAJAMARCA,PE-08B,87.0,DESPISTE,0,2.0,18.0,2021,4,5,0,1.5,1.5,6.0
20211222,2021-04-03,13:20,AREQUIPA,PE-34A,156.0,DESPISTE,0,0.0,13.0,2021,4,5,0,0.0,0.0,0.0
20211222,2021-04-03,07:00,LIMA,PE-1N,170.0,CHOQUE,0,4.0,7.0,2021,4,5,0,0.0,0.0,0.0
20211222,2021-04-03,21:30,ANCASH,PE-3N,651.0,CHOQUE,0,1.0,21.0,2021,4,5,0,5.4,5.4,11.0
20211222,2021-04-03,17:25,TUMBES,TU-101,,CHOQUE,0,2.0,17.0,2021,4,5,0,2.3,2.3,5.0
20211222,2021-04-04,22:40,CAJAMARCA,PE-08B,2.0,CHOQUE,1,0.0,22.0,2021,4,6,1,7.9,7.9,12.0
20211222,2021-04-04,19:40,CUSCO,CU-117,14.0,DESPISTE,0,1.0,19.0,2021,4,6,0,1.8,1.8,8.0
20211222,2021-04-04,19:00,LAMBAYEQUE,PE-1NJ,20.0,CHOQUE,0,1.0,19.0,2021,4,6,0,0.2,0.2,2.0
20211222,2021-04-04,19:30,JUNIN,PE-3N,31.0,DESPISTE,0,3.0,19.0,2021,4,6,0,2.2,2.2,16.0
20211222,2021-04-04,N.I.,LIMA,PE-22,45.0,ESPECIAL,1,0.0,,2021,4,6,1,0.0,0.0,0.0
20211222,2021-04-04,06:00,LIMA,PE-1S,51.0,ESPECIAL,1,0.0,6.0,2021,4,6,1,0.0,0.0,0.0
20211222,2021-04-04,13:00,JUNIN,PE-3S,56.0,DESPISTE,0,3.0,13.0,2021,4,6,0,2.2,2.2,16.0
20211222,2021-04-04,17:00,JUNIN,PE-22B,62.0,DESPISTE,0,0.0,17.0,2021,4,6,0,2.2,2.2,16.0
20211222,2021-04-04,17:30,HUANUCO,PE-18A,64.0,CHOQUE,1,1.0,17.0,2021,4,6,1,0.0,0.0,0.0
20211222,2021-04-04,09:30,CAJAMARCA,PE-3N,76.0,DESPISTE,0,0.0,9.0,2021,4,6,0,7.9,7.9,12.0
20211222,2021-04-04,04:50,LIMA,PE-22,82.0,DESPISTE,0,5.0,4.0,2021,4,6,0,0.0,0.0,0.0
20211222,2021-04-04,00:30,LIMA,PE-22,97.0,DESPISTE,0,0.0,0.0,2021,4,6,0,0.0,0.0,0.0
20211222,2021-04-04,10:30,AREQUIPA,PE-34A,185.0,CHOQUE,0,0.0,10.0,2021,4,6,0,0.0,0.0,0.0
20211222,2021-04-04,21:50,PUNO,PE-34B,269.0,CHOQUE,0,0.0,21.0,2021,4,6,0,8.3,8.3,14.0
20211222,2021-04-04,10:25,PUNO,PE-34A,297.0,CHOQUE,0,1.0,10.0,2021,4,6,0,8.3,8.3,14.0
20211222,2021-04-04,14:00,LA LIBERTAD,PE-1N,675.0,VOLCADURA,0,1.0,14.0,2021,4,6,0,3.6,3.6,9.0
20211222,2021-04-05,07:00,LAMBAYEQUE,PE-1NJ,22.0,CHOQUE,0,3.0,7.0,2021,4,0,0,1.4,1.4,5.0
20211222,2021-04-05,09:45,SAN MARTIN,PE-5NB,29.0,CHOQUE,0,2.0,9.0,2021,4,0,0,1.8,1.8,9.0
20211222,2021-04-05,11:00,CAJAMARCA,PE-3N,31.0,CHOQUE,0,0.0,11.0,2021,4,0,0,2.9,2.9,10.0
20211222,2021-04-05,13:30,JUNIN,PE-3SB,104.0,DESPISTE,0,0.0,13.0,2021,4,0,0,1.7,1.7,11.0
20211222,2021-04-05,23:00,HUANUCO,PE-18A,117.0,CHOQUE,0,2.0,23.0,2021,4,0,0,1.0,1.0,7.0
20211222,2021-04-05,11:00,LIMA,PE-1S,128.0,CHOQUE,0,0.0,11.0,2021,4,0,0,0.0,0.0,0.0
20211222,2021-04-05,06:40,ICA,PE-1S,254.0,CHOQUE,0,1.0,6.0,2021,4,0,0,1.3,1.3,2.0
20211222,2021-04-05,23:30,ANCASH,PE-1N,380.0,CHOQUE,0,1.0,23.0,2021,4,0,0,1.7,1.7,7.0
20211222,2021-04-05,N.I.,ANCASH,PE-1N,407.0,VOLCADURA,0,3.0,,2021,4,0,0,1.7,1.7,7.0
20211222,2021-04-05,16:20,SAN MARTIN,PE-5N,446.0,DESPISTE,0,5.0,16.0,2021,4,0,0,1.8,1.8,9.0
20211222,2021-04-05,04:50,LAMBAYEQUE,PE-1N,876.0,DESPISTE,0,1.0,4.0,2021,4,0,0,1.4,1.4,5.0
20211222,2021-04-05,15:30,CUSCO,PE-3S,913.0,DESPISTE,0,3.0,15.0,2021,4,0,0,10.7,10.7,14.0
20211222,2021-04-06,15:10,AREQUIPA,PE-1S,57.0,CHOQUE,0,0.0,15.0,2021,4,1,0,0.0,0.0,0.0
20211222,2021-04-06,07:45,HUANUCO,PE-18A,85.0,CHOQUE,1,0.0,7.0,2021,4,1,1,1.1,1.1,8.0
20211222,2021-04-06,19:45,ANCASH,PE-16,87.0,DESPISTE,0,4.0,19.0,2021,4,1,0,12.2,12.2,16.0
20211222,2021-04-06,11:30,CAJAMARCA,PE-3N,87.0,DESPISTE,0,0.0,11.0,2021,4,1,0,3.6,3.6,9.0
20211222,2021-04-06,12:35,LIMA,PE-22,112.0,CHOQUE,0,0.0,12.0,2021,4,1,0,0.1,0.1,1.0
20211222,2021-04-06,01:31,LIMA,PE-1N,121.0,CHOQUE,0,1.0,1.0,2021,4,1,0,0.1,0.1,1.0
20211222,2021-04-06,17:30,PASCO,PE-3N,144.0,CHOQUE,0,1.0,17.0,2021,4,1,0,5.9,5.2,12.0
20211222,2021-04-06,01:30,LIMA,PE-1N,212.0,DESPISTE,1,3.0,1.0,2021,4,1,1,0.1,0.1,1.0
20211222,2021-04-06,08:20,PUNO,PE-34A,236.0,DESPISTE,0,0.0,8.0,2021,4,1,0,1.3,1.3,7.0
20211222,2021-04-06,19:20,LA LIBERTAD,PE-1N,451.0,ATROPELLO,0,2.0,19.0,2021,4,1,0,0.1,0.1,1.0
20211222,2021-04-06,23:30,SAN MARTIN,PE-5N,596.0,CHOQUE,0,1.0,23.0,2021,4,1,0,9.5,9.5,13.0
20211222,2021-04-07,20:50,AREQUIPA,AR-106,1.0,CHOQUE,0,0.0,20.0,2021,4,2,0,0.0,0.0,0.0
20211222,2021-04-07,14:10,ANCASH,PE-12B,9.0,DESPISTE,0,0.0,14.0,2021,4,2,0,12.0,12.0,14.0
20211222,2021-04-07,16:00,JUNIN,PE-3N,21.0,DESPISTE,0,2.0,16.0,2021,4,2,0,4.9,4.9,13.0
20211222,2021-04-07,10:40,AREQUIPA,PE-1SD,33.0,CHOQUE,0,0.0,10.0,2021,4,2,0,0.0,0.0,0.0
20211222,2021-04-07,21:00,LIMA,PE-1N,36.0,ATROPELLO,1,0.0,21.0,2021,4,2,1,1.3,1.3,6.0
20211222,2021-04-07,02:30,LIMA,PE-1S,53.0,CHOQUE,0,1.0,2.0,2021,4,2,0,1.3,1.3,6.0
20211222,2021-04-07,08:00,PUNO,PE-34B,82.0,CHOQUE,0,2.0,8.0,2021,4,2,0,2.2,2.2,12.0
20211222,2021-04-07,14:30,LIMA,PE-22,126.0,CHOQUE,0,0.0,14.0,2021,4,2,0,1.3,1.3,6.0
20211222,2021-04-07,03:50,ANCASH,PE-1N,371.0,CHOQUE,1,0.0,3.0,2021,4,2,1,12.0,12.0,14.0
20211222,2021-04-07,20:00,SAN MARTIN,PE-5N,432.0,DESPISTE,0,1.0,20.0,2021,4,2,0,2.6,2.6,6.0
20211222,2021-04-07,11:40,SAN MARTIN,PE-5N,447.0,DESPISTE,0,0.0,11.0,2021,4,2,0,2.6,2.6,6.0
20211222,2021-04-07,20:40,AREQUIPA,PE-1S,515.0,CHOQUE,0,2.0,20.0,2021,4,2,0,0.0,0.0,0.0
20211222,2021-04-07,11:40,LA LIBERTAD,PE-1N,640.0,DESPISTE,0,0.0,11.0,2021,4,2,0,2.1,2.1,6.0
20211222,2021-04-07,11:45,LA LIBERTAD,PE-1N,640.0,DESPISTE,0,0.0,11.0,2021,4,2,0,2.1,2.1,6.0
20211222,2021-04-07,14:30,AREQUIPA,PE-1S,862.0,CHOQUE,0,0.0,14.0,2021,4,2,0,0.0,0.0,0.0
20211222,2021-04-07,07:00,PIURA,PE-1N,892.0,DESPISTE,0,0.0,7.0,2021,4,2,0,0.0,0.0,0.0
20211222,2021-04-07,08:40,AREQUIPA,PE-1S,959.0,CHOQUE,0,0.0,8.0,2021,4,2,0,0.0,0.0,0.0
20211222,2021-04-07,13:30,AREQUIPA,PE-1S,1041.0,CHOQUE,0,0.0,13.0,2021,4,2,0,0.0,0.0,0.0
20211222,2021-04-07,17:40,AREQUIPA,PE-1S,1048.0,N.I.,1,0.0,17.0,2021,4,2,1,0.0,0.0,0.0
20211222,2021-04-07,16:44,MOQUEGUA,PE-1S,1123.0,DESPISTE,0,1.0,16.0,2021,4,2,0,0.0,0.0,0.0
20211222,2021-04-08,15:30,AREQUIPA,PE-34J,17.0,DESPISTE,0,3.0,15.0,2021,4,3,0,0.0,0.0,0.0
20211222,2021-04-08,14:40,UCAYALI,PE-18C,19.0,CHOQUE,0,1.0,14.0,2021,4,3,0,0.5,0.5,1.0
20211222,2021-04-08,19:30,MOQUEGUA,PE-1SD,21.0,CHOQUE,0,0.0,19.0,2021,4,3,0,0.0,0.0,0.0
20211222,2021-04-08,17:50,LIMA,PE-1S,52.0,DESPISTE,0,3.0,17.0,2021,4,3,0,0.0,0.0,0.0
20211222,2021-04-08,12:50,LIMA,PE-1S,71.0,DESPISTE,1,2.0,12.0,2021,4,3,1,0.0,0.0,0.0
20211222,2021-04-08,14:30,LIMA,PE-22,126.0,CHOQUE,0,0.0,14.0,2021,4,3,0,0.0,0.0,0.0
20211222,2021-04-08,05:00,LIMA,PE-1S,128.0,CHOQUE,0,0.0,5.0,2021,4,3,0,0.0,0.0,0.0
20211222,2021-04-08,16:40,PIURA,PE-1N,135.0,CHOQUE,0,2.0,16.0,2021,4,3,0,0.5,0.5,2.0
20211222,2021-04-08,07:45,ANCASH,PE-3N,149.0,DESPISTE,0,0.0,7.0,2021,4,3,0,11.5,11.5,14.0
20211222,2021-04-08,12:10,LIMA,PE-1N,168.0,CHOQUE,0,1.0,12.0,2021,4,3,0,0.0,0.0,0.0
20211222,2021-04-08,07:25,AYACUCHO,PE-30A,238.0,DESPISTE,11,21.0,7.0,2021,4,3,1,1.6,1.6,5.0
20211222,2021-04-08,15:35,SAN MARTIN,PE-5N,434.0,ATROPELLO,1,0.0,15.0,2021,4,3,1,0.2,0.2,2.0
20211222,2021-04-08,16:36,MOQUEGUA,PE-1S,1149.0,DESPISTE,0,1.0,16.0,2021,4,3,0,0.0,0.0,0.0
20211222,2021-04-08,17:45,PUNO,PE-3S,1427.0,CHOQUE,0,2.0,17.0,2021,4,3,0,2.4,2.4,10.0
20211222,2021-04-08,09:15,CUSCO,PE-28G,,CHOQUE,0,0.0,9.0,2021,4,3,0,2.1,2.1,10.0
20211222,2021-04-09,06:00,PIURA,PE-1N,20.0,DESPISTE,0,2.0,6.0,2021,4,4,0,0.0,0.0,0.0
20211222,2021-04-09,20:25,ICA,PE-1S,39.0,DESPISTE,0,0.0,20.0,2021,4,4,0,0.0,0.0,0.0
20211222,2021-04-09,14:45,SAN MARTIN,PE-5NB,75.0,CHOQUE,0,1.0,14.0,2021,4,4,0,16.1,16.1,8.0
20211222,2021-04-09,00:10,LAMBAYEQUE,PE-1NJ,91.0,CHOQUE,0,1.0,0.0,2021,4,4,0,0.0,0.0,0.0
20211222,2021-04-09,15:20,AYACUCHO,PE-30A,101.0,DESPISTE,0,0.0,15.0,2021,4,4,0,2.1,2.1,6.0
20211222,2021-04-09,15:20,AYACUCHO,PE-30A,102.0,DESPISTE,0,0.0,15.0,2021,4,4,0,2.1,2.1,6.0
20211222,2021-04-09,15:00,MOQUEGUA,PE-36A,103.0,DESPISTE,0,0.0,15.0,2021,4,4,0,0.0,0.0,0.0
20211222,2021-04-09,14:56,LIMA,PE-20A,113.0,CHOQUE,0,1.0,14.0,2021,4,4,0,0.0,0.0,0.0
20211222,2021-04-09,15:40,AREQUIPA,PE-34A,130.0,CHOQUE,1,1.0,15.0,2021,4,4,1,0.0,0.0,0.0
20211222,2021-04-09,15:20,PUNO,PE-34A,230.0,DESPISTE,0,2.0,15.0,2021,4,4,0,1.0,1.0,8.0
20211222,2021-04-09,21:30,CUSCO,PE-28B,478.0,CHOQUE,0,0.0,21.0,2021,4,4,0,4.6,4.6,10.0
20211222,2021-04-09,09:05,ANCASH,PE-3N,588.0,DESPISTE,0,0.0,9.0,2021,4,4,0,18.3,18.3,17.0
20211222,2021-04-09,21:40,APURIMAC,PE-3S,641.0,CHOQUE,1,0.0,21.0,2021,4,4,1,8.1,8.1,17.0
20211222,2021-04-09,07:00,AREQUIPA,PE-1S,1031.0,DESPISTE,0,0.0,7.0,2021,4,4,0,0.0,0.0,0.0
20211222,2021-04-09,12:00,TACNA,PE-1S,1298.0,CHOQUE,0,1.0,12.0,2021,4,4,0,0.0,0.0,0.0
20211222,2021-04-10,21:00,CAJAMARCA,PE-08B,2.0,DESPISTE,0,0.0,21.0,2021,4,5,0,7.8,7.8,3.0
20211222,2021-04-10,19:00,CUSCO,CU-117,14.0,ATROPELLO,1,0.0,19.0,2021,4,5,1,6.7,6.7,21.0
20211222,2021-04-10,19:20,LAMBAYEQUE,PE-1NJ,20.0,CHOQUE,0,1.0,19.0,2021,4,5,0,0.2,0.2,2.0
20211222,2021-04-10,09:10,CAJAMARCA,PE-3N,31.0,DESPISTE,0,0.0,9.0,2021,4,5,0,7.8,7.8,3.0
20211222,2021-04-10,17:10,LIMA,PE-22,45.0,CHOQUE,1,0.0,17.0,2021,4,5,1,0.0,0.0,0.0
20211222,2021-04-10,16:45,LIMA,PE-1S,51.0,DESPISTE,0,0.0,16.0,2021,4,5,0,0.0,0.0,0.0
20211222,2021-04-10,16:00,JUNIN,PE-3S,56.0,CHOQUE,1,2.0,16.0,2021,4,5,1,19.9,19.9,11.0
20211222,2021-04-10,20:00,JUNIN,PE-22B,62.0,DESPISTE,0,1.0,20.0,2021,4,5,0,19.9,19.9,11.0
20211222,2021-04-10,17:35,HUANUCO,PE-18A,64.0,DESPISTE,0,1.0,17.0,2021,4,5,0,0.9,0.9,8.0
20211222,2021-04-10,16:20,LIMA,PE-22,82.0,DESPISTE,0,1.0,16.0,2021,4,5,0,0.0,0.0,0.0
20211222,2021-04-10,06:00,JUNIN,PE-3SB,104.0,DESPISTE,0,0.0,6.0,2021,4,5,0,19.9,19.9,11.0
20211222,2021-04-10,03:50,LIMA,PE-1S,128.0,DESPISTE,0,0.0,3.0,2021,4,5,0,0.0,0.0,0.0
20211222,2021-04-10,17:08,AREQUIPA,PE-34A,185.0,DESPISTE,0,1.0,17.0,2021,4,5,0,0.0,0.0,0.0
20211222,2021-04-10,09:30,ANCASH,PE-1N,407.0,DESPISTE,0,1.0,9.0,2021,4,5,0,4.4,4.4,8.0
20211222,2021-04-10,18:00,LA LIBERTAD,PE-1N,675.0,DESPISTE,0,2.0,18.0,2021,4,5,0,3.8,3.8,6.0
20211222,2021-04-10,19:54,LAMBAYEQUE,PE-1N,748.0,CHOQUE,0,0.0,19.0,2021,4,5,0,0.2,0.2,2.0
20211222,2021-04-10,08:15,LAMBAYEQUE,PE-1N,876.0,DESPISTE,0,5.0,8.0,2021,4,5,0,0.2,0.2,2.0
20211222,2021-04-11,23:27,SAN MARTIN,PE-5NB,29.0,CHOQUE,1,0.0,23.0,2021,4,6,1,0.3,0.3,3.0
20211222,2021-04-11,00:05,JUNIN,PE-3N,31.0,DESPISTE,0,2.0,0.0,2021,4,6,0,6.9,6.9,15.0
20211222,2021-04-11,22:30,JUNIN,PE-3S,69.0,CHOQUE,0,2.0,22.0,2021,4,6,0,6.9,6.9,15.0
20211222,2021-04-11,14:00,CAJAMARCA,PE-3N,87.0,CHOQUE,0,1.0,14.0,2021,4,6,0,4.9,4.9,4.0
20211222,2021-04-11,08:52,HUANUCO,PE-18A,117.0,CHOQUE,0,1.0,8.0,2021,4,6,0,2.1,2.1,6.0
20211222,2021-04-11,03:20,LIMA,PE-1N,212.0,CHOQUE,1,0.0,3.0,2021,4,6,1,0.0,0.0,0.0
20211222,2021-04-11,04:45,PUNO,PE-34A,236.0,DESPISTE,0,0.0,4.0,2021,4,6,0,2.6,2.6,13.0
20211222,2021-04-11,16:15,ICA,PE-1S,290.0,ATROPELLO,0,1.0,16.0,2021,4,6,0,0.0,0.0,0.0
20211222,2021-04-11,16:00,SAN MARTIN,PE-5N,446.0,CHOQUE,0,1.0,16.0,2021,4,6,0,0.3,0.3,3.0
20211222,2021-04-11,05:35,LA LIBERTAD,PE-1N,451.0,CHOQUE,0,1.0,5.0,2021,4,6,0,0.0,0.0,0.0
20211222,2021-04-12,09:50,LIMA,PE-22,1.0,CHOQUE,0,1.0,9.0,2021,4,0,0,0.2,0.2,1.0
20211222,2021-04-12,07:00,ANCASH,PE-14C,49.0,DESPISTE,20,17.0,7.0,2021,4,0,1,8.3,8.3,13.0
20211222,2021-04-12,02:15,LIMA,PE-1S,67.0,ESPECIAL,0,0.0,2.0,2021,4,0,0,0.2,0.2,1.0
20211222,2021-04-12,05:45,ANCASH,PE-16,86.0,DESPISTE,0,0.0,5.0,2021,4,0,0,8.3,8.3,13.0
20211222,2021-04-12,08:10,LIMA,PE-22,102.0,DESPISTE,0,0.0,8.0,2021,4,0,0,0.2,0.2,1.0
20211222,2021-04-12,23:50,JUNIN,PE-22,137.0,CHOQUE,0,1.0,23.0,2021,4,0,0,9.5,9.5,17.0
20211222,2021-04-12,02:30,PUNO,PE-34B,220.0,DESPISTE,0,0.0,2.0,2021,4,0,0,6.0,6.0,13.0
20211222,2021-04-12,20:45,APURIMAC,PE-30A,331.0,DESPISTE,0,6.0,20.0,2021,4,0,0,2.8,2.8,16.0
20211222,2021-04-12,14:50,ANCASH,PE-1N,383.0,CHOQUE,1,0.0,14.0,2021,4,0,1,8.3,8.3,13.0
20211222,2021-04-12,09:30,SAN MARTIN,PE-5N,569.0,N.I.,1,0.0,9.0,2021,4,0,1,8.2,8.2,17.0
20211222,2021-04-12,11:10,AREQUIPA,PE-1S,772.0,DESPISTE,0,0.0,11.0,2021,4,0,0,0.0,0.0,0.0
20211222,2021-04-12,05:50,LAMBAYEQUE,PE-1N,877.0,DESPISTE,0,0.0,5.0,2021,4,0,0,0.0,0.0,0.0
20211222,2021-04-12,09:00,PUNO,PE-3S,1231.0,DESPISTE,0,3.0,9.0,2021,4,0,0,6.0,6.0,13.0
20211222,2021-04-12,10:45,PUNO,PE-3S,1288.0,CHOQUE,1,1.0,10.0,2021,4,0,1,6.0,6.0,13.0
20211222,2021-04-13,03:30,LA LIBERTAD,PE-10A,21.0,CHOQUE,0,0.0,3.0,2021,4,1,0,0.0,0.0,0.0
20211222,2021-04-13,N.I.,ANCASH,PE-14,32.0,DESPISTE,0,1.0,,2021,4,1,0,2.2,2.2,5.0
20211222,2021-04-13,14:50,LIMA,PE-1S,48.0,DESPISTE,0,2.0,14.0,2021,4,1,0,0.0,0.0,0.0
20211222,2021-04-13,15:35,LAMBAYEQUE,PE-06A,55.0,CHOQUE,0,1.0,15.0,2021,4,1,0,0.0,0.0,0.0
20211222,2021-04-13,16:06,LIMA,PE-1N,74.0,DESPISTE,0,0.0,16.0,2021,4,1,0,0.0,0.0,0.0
20211222,2021-04-13,03:00,AMAZONAS,PE-5N,197.0,DESPISTE,0,3.0,3.0,2021,4,1,0,1.3,1.3,8.0
20211222,2021-04-13,21:00,ICA,PE-1S,226.0,CHOQUE,0,1.0,21.0,2021,4,1,0,0.0,0.0,0.0
20211222,2021-04-13,18:55,MADRE DE DIOS,PE-30C,408.0,DESPISTE,0,1.0,18.0,2021,4,1,0,0.0,0.0,0.0
20211222,2021-04-13,15:05,ANCASH,PE-1N,418.0,CHOQUE,0,1.0,15.0,2021,4,1,0,2.2,2.2,5.0
20211222,2021-04-13,08:50,LA LIBERTAD,PE-1N,732.0,DESPISTE,0,2.0,8.0,2021,4,1,0,0.0,0.0,0.0
20211222,2021-04-13,08:30,AREQUIPA,PE-1S,946.0,CHOQUE,0,1.0,8.0,2021,4,1,0,0.0,0.0,0.0
20211222,2021-04-13,23:45,PIURA,PE-1N,967.0,DESPISTE,0,2.0,23.0,2021,4,1,0,0.0,0.0,0.0
20211222,2021-04-14,17:15,JUNIN,PE-3N,31.0,VOLCADURA,0,1.0,17.0,2021,4,2,0,4.3,4.3,7.0
20211222,2021-04-14,12:42,LAMBAYEQUE,PE-06A,47.0,DESPISTE,0,1.0,12.0,2021,4,2,0,0.0,0.0,0.0
20211222,2021-04-14,05:00,AYACUCHO,PE-30A,75.0,DESPISTE,0,3.0,5.0,2021,4,2,0,1.2,1.2,5.0
20211222,2021-04-14,16:00,LIMA,PE-22,117.0,DESPISTE,0,0.0,16.0,2021,4,2,0,0.0,0.0,0.0
20211222,2021-04-14,04:00,LIMA,PE-1N,165.0,CHOQUE,0,6.0,4.0,2021,4,2,0,0.0,0.0,0.0
20211222,2021-04-14,08:47,AREQUIPA,PE-34A,180.0,DESPISTE,0,1.0,8.0,2021,4,2,0,0.0,0.0,0.0
20211222,2021-04-14,17:40,PUNO,PE-36A,286.0,DESPISTE,0,0.0,17.0,2021,4,2,0,6.8,6.7,15.0
20211222,2021-04-14,04:56,APURIMAC,PE-30A,374.0,DESPISTE,0,2.0,4.0,2021,4,2,0,1.2,1.2,8.0
20211222,2021-04-14,07:20,SAN MARTIN,PE-5N,443.0,CHOQUE,0,0.0,7.0,2021,4,2,0,0.7,0.7,6.0
20211222,2021-04-14,19:35,LA LIBERTAD,PE-1N,639.0,CHOQUE,0,0.0,19.0,2021,4,2,0,0.0,0.0,0.0
20211222,2021-04-14,10:50,AREQUIPA,PE-1S,817.0,CHOQUE,0,0.0,10.0,2021,4,2,0,0.0,0.0,0.0
20211222,2021-04-14,05:45,AREQUIPA,PE-1S,875.0,DESPISTE,0,0.0,5.0,2021,4,2,0,0.0,0.0,0.0
20211222,2021-04-15,18:10,ANCASH,PE-12,22.0,VOLCADURA,0,0.0,18.0,2021,4,3,0,6.1,6.1,6.0
20211222,2021-04-15,22:50,LIMA,PE-22,23.0,CHOQUE,0,1.0,22.0,2021,4,3,0,0.0,0.0,0.0
20211222,2021-04-15,12:35,JUNIN,PE-3SA,27.0,CHOQUE,0,0.0,12.0,2021,4,3,0,0.7,0.7,5.0
20211222,2021-04-15,20:00,AREQUIPA,AR-106,29.0,CHOQUE,0,1.0,20.0,2021,4,3,0,0.0,0.0,0.0
20211222,2021-04-15,07:35,JUNIN,PE-3N,31.0,DESPISTE,0,0.0,7.0,2021,4,3,0,0.7,0.7,5.0
20211222,2021-04-15,00:30,JUNIN,PE-3SA,47.0,DESPISTE,1,0.0,0.0,2021,4,3,1,0.7,0.7,5.0
20211222,2021-04-15,07:26,MOQUEGUA,PE-36A,47.0,DESPISTE,0,0.0,7.0,2021,4,3,0,0.0,0.0,0.0
20211222,2021-04-15,16:50,LIMA,PE-1N,72.0,CHOQUE,0,0.0,16.0,2021,4,3,0,0.0,0.0,0.0
20211222,2021-04-15,09:15,ANCASH,PE-3N,123.0,DESPISTE,0,0.0,9.0,2021,4,3,0,6.1,6.1,6.0
20211222,2021-04-15,21:30,ICA,PE-1S,196.0,DESPISTE,0,2.0,21.0,2021,4,3,0,0.0,0.0,0.0
20211222,2021-04-15,21:40,ICA,PE-1S,377.0,DESPISTE,0,0.0,21.0,2021,4,3,0,0.0,0.0,0.0
20211222,2021-04-15,13:00,MADRE DE DIOS,PE-30C,386.0,DESPISTE,0,7.0,13.0,2021,4,3,0,0.9,0.9,5.0
20211222,2021-04-15,09:00,APURIMAC,PE-30A,411.0,CHOQUE,0,0.0,9.0,2021,4,3,0,0.5,0.5,4.0
20211222,2021-04-15,12:30,ANCASH,PE-3N,501.0,CHOQUE,0,0.0,12.0,2021,4,3,0,6.1,6.1,6.0
20211222,2021-04-15,14:00,MOQUEGUA,PE-1S,1159.0,DESPISTE,0,1.0,14.0,2021,4,3,0,0.0,0.0,0.0
20211222,2021-04-16,17:30,JUNIN,PE-3N,30.0,DESPISTE,1,1.0,17.0,2021,4,4,1,0.8,0.8,7.0
20211222,2021-04-16,06:10,LIMA,PE-1S,41.0,DESPISTE,0,0.0,6.0,2021,4,4,0,0.0,0.0,0.0
20211222,2021-04-16,20:30,JUNIN,PE-3SA,46.0,DESPISTE,0,1.0,20.0,2021,4,4,0,0.8,0.8,7.0
20211222,2021-04-16,14:20,JUNIN,PE-3N,50.0,DESPISTE,0,0.0,14.0,2021,4,4,0,0.8,0.8,7.0
20211222,2021-04-16,17:50,LIMA,PE-1N,58.0,CHOQUE,0,1.0,17.0,2021,4,4,0,0.0,0.0,0.0
20211222,2021-04-16,12:50,CAJAMARCA,PE-3N,92.0,CHOQUE,0,2.0,12.0,2021,4,4,0,3.0,3.0,8.0
20211222,2021-04-16,17:55,LA LIBERTAD,PE-3N,122.0,CHOQUE,0,0.0,17.0,2021,4,4,0,0.6,0.6,1.0
20211222,2021-04-16,07:30,LAMBAYEQUE,PE-1NJ,148.0,DESPISTE,0,7.0,7.0,2021,4,4,0,0.0,0.0,0.0
20211222,2021-04-16,07:00,AREQUIPA,PE-34A,152.0,CHOQUE,0,0.0,7.0,2021,4,4,0,0.0,0.0,0.0
20211222,2021-04-16,10:00,AYACUCHO,PE-28A,289.0,CHOQUE,0,0.0,10.0,2021,4,4,0,0.0,0.0,0.0
20211222,2021-04-16,12:30,APURIMAC,PE-30A,326.0,DESPISTE,0,3.0,12.0,2021,4,4,0,1.4,1.4,11.0
20211222,2021-04-16,20:15,ANCASH,PE-1N,375.0,DESPISTE,0,0.0,20.0,2021,4,4,0,0.9,0.9,4.0
20211222,2021-04-16,12:50,ICA,PE-1S,377.0,CHOQUE,0,0.0,12.0,2021,4,4,0,0.0,0.0,0.0
20211222,2021-04-16,04:40,ICA,PE-1S,430.0,ATROPELLO,0,0.0,4.0,2021,4,4,0,0.0,0.0,0.0
20211222,2021-04-16,20:44,LA LIBERTAD,PE-1N,514.0,CHOQUE,0,0.0,20.0,2021,4,4,0,0.6,0.6,1.0
20211222,2021-04-16,08:40,AREQUIPA,PE-1S,769.0,CHOQUE,0,0.0,8.0,2021,4,4,0,0.0,0.0,0.0
20211222,2021-04-16,18:50,AREQUIPA,PE-1S,814.0,CHOQUE,0,0.0,18.0,2021,4,4,0,0.0,0.0,0.0
20211222,2021-04-16,21:00,PUNO,PE-3SA,1430.0,CHOQUE,1,0.0,21.0,2021,4,4,1,0.0,0.0,0.0
20211222,2021-04-17,17:30,JUNIN,PE-3SA,20.0,CHOQUE,0,4.0,17.0,2021,4,5,0,0.9,0.9,6.0
20211222,2021-04-17,15:00,JUNIN,PE-3N,27.0,CHOQUE,1,2.0,15.0,2021,4,5,1,0.9,0.9,6.0
20211222,2021-04-17,15:31,AREQUIPA,PE-34A,52.0,CHOQUE,0,0.0,15.0,2021,4,5,0,0.0,0.0,0.0
20211222,2021-04-17,18:00,AREQUIPA,PE-34A,52.0,DESPISTE,0,1.0,18.0,2021,4,5,0,0.0,0.0,0.0
20211222,2021-04-17,21:50,JUNIN,PE-3N,59.0,CHOQUE,0,3.0,21.0,2021,4,5,0,0.9,0.9,6.0
20211222,2021-04-17,05:50,LIMA,PE-1S,75.0,CHOQUE,0,0.0,5.0,2021,4,5,0,0.0,0.0,0.0
20211222,2021-04-17,18:00,LIMA,PE-22,112.0,DESPISTE,0,5.0,18.0,2021,4,5,0,0.0,0.0,0.0
20211222,2021-04-17,22:50,JUNIN,PE-5S,116.0,CHOQUE,0,0.0,22.0,2021,4,5,0,0.9,0.9,6.0
20211222,2021-04-17,07:00,LIMA,PE-1N,192.0,DESPISTE,0,0.0,7.0,2021,4,5,0,0.0,0.0,0.0
20211222,2021-04-17,16:45,PUNO,PE-34A,290.0,CHOQUE,0,1.0,16.0,2021,4,5,0,0.0,0.0,0.0
20211222,2021-04-17,11:30,ANCASH,PE-1N,442.0,CHOQUE,0,1.0,11.0,2021,4,5,0,0.7,0.7,4.0
20211222,2021-04-17,23:30,ICA,PE-1S,454.0,CHOQUE,2,2.0,23.0,2021,4,5,1,0.0,0.0,0.0
20211222,2021-04-17,17:50,SAN MARTIN,PE-5N,492.0,DESPISTE,0,2.0,17.0,2021,4,5,0,0.1,0.1,1.0
20211222,2021-04-17,16:15,LA LIBERTAD,PE-1N,581.0,CHOQUE,0,7.0,16.0,2021,4,5,0,0.0,0.0,0.0
20211222,2021-04-17,06:00,LA LIBERTAD,PE-1N,681.0,DESPISTE,0,0.0,6.0,2021,4,5,0,0.0,0.0,0.0
20211222,2021-04-17,04:30,LAMBAYEQUE,PE-1N,825.0,DESPISTE,0,4.0,4.0,2021,4,5,0,0.0,0.0,0.0
20211222,2021-04-17,08:00,AREQUIPA,PE-1S,973.0,CHOQUE,0,1.0,8.0,2021,4,5,0,0.0,0.0,0.0
20211222,2021-04-18,17:30,AREQUIPA,PE-34A,12.0,CHOQUE,0,0.0,17.0,2021,4,6,0,0.0,0.0,0.0
20211222,2021-04-18,00:30,AREQUIPA,PE-34A,14.0,DESPISTE,0,0.0,0.0,2021,4,6,0,0.0,0.0,0.0
20211222,2021-04-18,19:15,LIMA,PE-20C,31.0,CHOQUE,0,0.0,19.0,2021,4,6,0,0.0,0.0,0.0
20211222,2021-04-18,15:30,JUNIN,PE-3S,74.0,DESPISTE,0,0.0,15.0,2021,4,6,0,0.1,0.1,1.0
20211222,2021-04-18,12:10,LIMA,PE-22,78.0,CHOQUE,0,0.0,12.0,2021,4,6,0,0.0,0.0,0.0
20211222,2021-04-18,19:50,LIMA,PE-22,108.0,DESPISTE,0,0.0,19.0,2021,4,6,0,0.0,0.0,0.0
20211222,2021-04-18,17:40,LIMA,PE-22,112.0,CHOQUE,0,1.0,17.0,2021,4,6,0,0.0,0.0,0.0
20211222,2021-04-18,02:50,AREQUIPA,PE-34A,140.0,DESPISTE,0,1.0,2.0,2021,4,6,0,0.0,0.0,0.0
20211222,2021-04-18,17:10,JUNIN,PE-22,153.0,DESPISTE,3,0.0,17.0,2021,4,6,1,0.1,0.1,1.0
20211222,2021-04-18,08:35,ICA,PE-1S,197.0,CHOQUE,1,1.0,8.0,2021,4,6,1,0.0,0.0,0.0
20211222,2021-04-18,14:51,SAN MARTIN,PE-5N,379.0,DESPISTE,0,5.0,14.0,2021,4,6,0,1.6,1.6,6.0
20211222,2021-04-18,17:30,LA LIBERTAD,PE-1N,556.0,DESPISTE,0,1.0,17.0,2021,4,6,0,0.0,0.0,0.0
20211222,2021-04-18,06:35,APURIMAC,PE-3S,764.0,DESPISTE,0,0.0,6.0,2021,4,6,0,0.7,0.7,4.0
20211222,2021-04-19,17:10,AREQUIPA,PE-34A,12.0,DESPISTE,0,0.0,17.0,2021,4,0,0,0.0,0.0,0.0
20211222,2021-04-19,22:20,LIMA,PE-20C,31.0,DESPISTE,0,2.0,22.0,2021,4,0,0,0.0,0.0,0.0
20211222,2021-04-19,01:50,LAMBAYEQUE,PE-1NJ,51.0,VOLCADURA,0,0.0,1.0,2021,4,0,0,0.0,0.0,0.0
20211222,2021-04-19,16:45,JUNIN,PE-3S,71.0,DESPISTE,0,0.0,16.0,2021,4,0,0,0.1,0.1,1.0
20211222,2021-04-19,23:00,JUNIN,PE-3S,74.0,CHOQUE,0,2.0,23.0,2021,4,0,0,0.1,0.1,1.0
20211222,2021-04-19,14:00,LIMA,PE-22,78.0,CHOQUE,0,4.0,14.0,2021,4,0,0,0.0,0.0,0.0
20211222,2021-04-19,04:55,LIMA,PE-1N,140.0,DESPISTE,0,0.0,4.0,2021,4,0,0,0.0,0.0,0.0
20211222,2021-04-19,00:00,AYACUCHO,PE-28B,160.0,DESPISTE,0,0.0,0.0,2021,4,0,0,0.0,0.0,0.0
20211222,2021-04-19,10:30,ICA,PE-1S,197.0,DESPISTE,0,0.0,10.0,2021,4,0,0,0.0,0.0,0.0
20211222,2021-04-19,15:43,SAN MARTIN,PE-5N,379.0,CHOQUE,0,0.0,15.0,2021,4,0,0,1.7,1.7,7.0
20211222,2021-04-19,08:30,SAN MARTIN,PE-5N,516.0,CHOQUE,0,2.0,8.0,2021,4,0,0,1.7,1.7,7.0
20211222,2021-04-19,08:00,LA LIBERTAD,PE-1N,556.0,CHOQUE,0,3.0,8.0,2021,4,0,0,0.2,0.2,2.0
20211222,2021-04-20,07:30,PUNO,PE-34I,1.0,CHOQUE,0,0.0,7.0,2021,4,1,0,0.4,0.4,2.0
20211222,2021-04-20,07:00,UCAYALI,PE-18C,18.0,CHOQUE,0,1.0,7.0,2021,4,1,0,0.0,0.0,0.0
20211222,2021-04-20,05:45,LA LIBERTAD,PE-10A,25.0,CHOQUE,0,3.0,5.0,2021,4,1,0,0.0,0.0,0.0
20211222,2021-04-20,18:30,UCAYALI,PE-5SA,39.0,DESPISTE,0,1.0,18.0,2021,4,1,0,0.0,0.0,0.0
20211222,2021-04-20,21:50,LIMA,PE-22,106.0,CHOQUE,0,0.0,21.0,2021,4,1,0,0.0,0.0,0.0
20211222,2021-04-20,21:00,MADRE DE DIOS,PE-30C,278.0,DESPISTE,0,0.0,21.0,2021,4,1,0,13.0,13.0,13.0
20211222,2021-04-20,15:20,LA LIBERTAD,PE-1N,513.0,CHOQUE,0,2.0,15.0,2021,4,1,0,0.0,0.0,0.0
20211222,2021-04-20,05:40,LAMBAYEQUE,PE-1N,813.0,CHOQUE,0,4.0,5.0,2021,4,1,0,0.0,0.0,0.0
20211222,2021-04-20,16:00,PUNO,PE-3S,1319.0,CHOQUE,0,1.0,16.0,2021,4,1,0,0.4,0.4,2.0
20211222,2021-04-20,11:10,CUSCO,N.I.,,CHOQUE,0,0.0,11.0,2021,4,1,0,2.5,2.5,4.0
20211222,2021-04-21,06:35,JUNIN,PE-3SA,11.0,DESPISTE,0,1.0,6.0,2021,4,2,0,3.2,3.2,8.0
20211222,2021-04-21,15:00,LORETO,LO-103,15.0,DESPISTE,0,1.0,15.0,2021,4,2,0,2.3,2.3,7.0
20211222,2021-04-21,17:12,JUNIN,PE-3S,29.0,CHOQUE,0,2.0,17.0,2021,4,2,0,3.2,3.2,8.0
20211222,2021-04-21,14:00,LIMA,PE-22,103.0,CHOQUE,0,0.0,14.0,2021,4,2,0,0.0,0.0,0.0
20211222,2021-04-21,06:45,PIURA,PE-1N,124.0,DESPISTE,0,2.0,6.0,2021,4,2,0,0.0,0.0,0.0
20211222,2021-04-21,12:15,ICA,PE-1S,196.0,CHOQUE,0,1.0,12.0,2021,4,2,0,0.0,0.0,0.0
20211222,2021-04-21,02:00,CUSCO,PE-28B,197.0,DESPISTE,0,0.0,2.0,2021,4,2,0,0.0,0.0,0.0
20211222,2021-04-21,06:45,LIMA,PE-1N,200.0,DESPISTE,0,0.0,6.0,2021,4,2,0,0.0,0.0,0.0
20211222,2021-04-21,05:40,PUNO,PE-34A,241.0,DESPISTE,0,2.0,5.0,2021,4,2,0,0.1,0.1,1.0
20211222,2021-04-21,08:20,ICA,PE-1S,279.0,CHOQUE,0,0.0,8.0,2021,4,2,0,0.0,0.0,0.0
20211222,2021-04-21,19:25,APURIMAC,PE-3S,583.0,CHOQUE,0,2.0,19.0,2021,4,2,0,0.1,0.1,1.0
20211222,2021-04-21,06:35,AREQUIPA,PE-1S,859.0,CHOQUE,2,0.0,6.0,2021,4,2,1,0.0,0.0,0.0
20211222,2021-04-22,11:50,LIMA,PE-20C,22.0,DESPISTE,3,2.0,11.0,2021,4,3,1,0.0,0.0,0.0
20211222,2021-04-22,05:00,AREQUIPA,PE-34,33.0,DESPISTE,0,2.0,5.0,2021,4,3,0,0.0,0.0,0.0
20211222,2021-04-22,07:00,APURIMAC,PE-30A,367.0,CHOQUE,0,1.0,7.0,2021,4,3,0,1.3,1.3,8.0
20211222,2021-04-22,14:00,APURIMAC,PE-30A,367.0,CHOQUE,0,0.0,14.0,2021,4,3,0,1.3,1.3,8.0
20211222,2021-04-22,08:00,ANCASH,PE-1N,395.0,DESPISTE,0,1.0,8.0,2021,4,3,0,1.7,1.7,9.0
20211222,2021-04-22,11:00,LA LIBERTAD,PE-1N,479.0,DESPISTE,0,1.0,11.0,2021,4,3,0,0.0,0.0,0.0
20211222,2021-04-22,18:30,AREQUIPA,PE-1S,557.0,CHOQUE,0,1.0,18.0,2021,4,3,0,0.0,0.0,0.0
20211222,2021-04-22,N.I.,AREQUIPA,PE-1S,780.0,ATROPELLO,0,1.0,,2021,4,3,0,0.0,0.0,0.0
20211222,2021-04-23,19:05,LIMA,PE-1NE,5.0,DESPISTE,0,0.0,19.0,2021,4,4,0,0.0,0.0,0.0
20211222,2021-04-23,13:00,CUSCO,PE-34G,34.0,DESPISTE,0,0.0,13.0,2021,4,4,0,0.2,0.2,2.0
20211222,2021-04-23,16:30,ANCASH,PE-16,84.0,CHOQUE,0,0.0,16.0,2021,4,4,0,1.5,1.5,8.0
20211222,2021-04-23,01:40,AREQUIPA,PE-34A,119.0,CHOQUE,0,0.0,1.0,2021,4,4,0,0.0,0.0,0.0
20211222,2021-04-23,06:15,LIMA,PE-1N,130.0,DESPISTE,0,1.0,6.0,2021,4,4,0,0.0,0.0,0.0
20211222,2021-04-23,15:50,LAMBAYEQUE,PE-06A,138.0,CHOQUE,0,2.0,15.0,2021,4,4,0,0.0,0.0,0.0
20211222,2021-04-23,00:45,LIMA,PE-1S,145.0,DESPISTE,1,1.0,0.0,2021,4,4,1,0.0,0.0,0.0
20211222,2021-04-23,09:20,ICA,PE-1S,186.0,CHOQUE,0,2.0,9.0,2021,4,4,0,0.0,0.0,0.0
20211222,2021-04-23,15:10,PUNO,PE-34A,248.0,CHOQUE,2,0.0,15.0,2021,4,4,1,1.3,1.3,4.0
20211222,2021-04-23,17:30,ICA,PE-1S,328.0,DESPISTE,0,3.0,17.0,2021,4,4,0,0.0,0.0,0.0
20211222,2021-04-23,23:45,ANCASH,PE-1N,331.0,DESPISTE,0,0.0,23.0,2021,4,4,0,1.5,1.5,8.0
20211222,2021-04-23,17:00,MADRE DE DIOS,PE-30C,389.0,DESPISTE,0,1.0,17.0,2021,4,4,0,7.9,7.9,13.0
20211222,2021-04-23,23:20,ANCASH,PE-1N,395.0,DESPISTE,0,2.0,23.0,2021,4,4,0,1.5,1.5,8.0
20211222,2021-04-23,05:00,ICA,PE-1S,488.0,CHOQUE,0,1.0,5.0,2021,4,4,0,0.0,0.0,0.0
20211222,2021-04-23,04:30,LA LIBERTAD,PE-1N,618.0,CHOQUE,0,0.0,4.0,2021,4,4,0,0.0,0.0,0.0
20211222,2021-04-23,12:50,AREQUIPA,PE-1S,754.0,CHOQUE,0,0.0,12.0,2021,4,4,0,0.0,0.0,0.0
20211222,2021-04-23,16:45,AREQUIPA,PE-1S,945.0,DESPISTE,0,3.0,16.0,2021,4,4,0,0.0,0.0,0.0
20211222,2021-04-24,22:50,CUSCO,PE-28G,3.0,DESPISTE,0,1.0,22.0,2021,4,5,0,1.0,1.0,6.0
20211222,2021-04-24,08:15,LIMA,PE-1NB,6.0,CHOQUE,0,1.0,8.0,2021,4,5,0,0.0,0.0,0.0
20211222,2021-04-24,05:50,JUNIN,PE-5S,59.0,CHOQUE,1,0.0,5.0,2021,4,5,1,0.0,0.0,0.0
20211222,2021-04-24,10:30,JUNIN,PE-3SB,101.0,CHOQUE,3,9.0,10.0,2021,4,5,1,0.0,0.0,0.0
20211222,2021-04-24,14:50,MOQUEGUA,PE-36A,104.0,DESPISTE,0,0.0,14.0,2021,4,5,0,0.0,0.0,0.0
20211222,2021-04-24,10:30,JUNIN,PE-1S,112.0,ATROPELLO,0,1.0,10.0,2021,4,5,0,0.0,0.0,0.0
20211222,2021-04-24,09:45,HUANUCO,PE-18A,121.0,DESPISTE,0,1.0,9.0,2021,4,5,0,0.8,0.8,7.0
20211222,2021-04-24,07:00,AREQUIPA,PE-34A,179.0,DESPISTE,0,0.0,7.0,2021,4,5,0,0.0,0.0,0.0
20211222,2021-04-24,06:40,LIMA,PE-1N,197.0,CHOQUE,0,0.0,6.0,2021,4,5,0,0.0,0.0,0.0
20211222,2021-04-24,15:50,AREQUIPA,PE-1S,622.0,DESPISTE,0,0.0,15.0,2021,4,5,0,0.0,0.0,0.0
20211222,2021-04-24,22:30,APURIMAC,PE-3S,718.0,CHOQUE,0,0.0,22.0,2021,4,5,0,0.0,0.0,0.0
20211222,2021-04-25,16:30,LORETO,LO-103,10.0,DESPISTE,0,1.0,16.0,2021,4,6,0,11.4,11.4,15.0
20211222,2021-04-25,15:30,AREQUIPA,PE-34E,23.0,DESPISTE,0,5.0,15.0,2021,4,6,0,0.0,0.0,0.0
20211222,2021-04-25,16:00,LIMA,PE-22,55.0,DESPISTE,0,0.0,16.0,2021,4,6,0,0.0,0.0,0.0
20211222,2021-04-25,13:55,LIMA,PE-1S,142.0,DESPISTE,0,1.0,13.0,2021,4,6,0,0.0,0.0,0.0
20211222,2021-04-25,04:00,LIMA,PE-1S,168.0,DESPISTE,0,0.0,4.0,2021,4,6,0,0.0,0.0,0.0
20211222,2021-04-25,15:00,AYACUCHO,PE-30A,181.0,DESPISTE,0,0.0,15.0,2021,4,6,0,0.0,0.0,0.0
20211222,2021-04-25,22:30,PUNO,PE-34B,318.0,DESPISTE,0,0.0,22.0,2021,4,6,0,0.0,0.0,0.0
20211222,2021-04-25,04:40,LA LIBERTAD,PE-1N,653.0,CHOQUE,0,0.0,4.0,2021,4,6,0,0.0,0.0,0.0
20211222,2021-04-25,06:30,PIURA,PE-1N,1132.0,DESPISTE,0,2.0,6.0,2021,4,6,0,7.0,7.0,9.0
20211222,2021-04-26,08:00,LIMA,PE-22,9.0,ESPECIAL,0,0.0,8.0,2021,4,0,0,0.0,0.0,0.0
20211222,2021-04-26,11:20,SAN MARTIN,PE-5N,12.0,DESPISTE,0,2.0,11.0,2021,4,0,0,6.8,6.8,12.0
20211222,2021-04-26,N.I.,LIMA,PE-1NA,16.0,DESPISTE,0,0.0,,2021,4,0,0,0.0,0.0,0.0
20211222,2021-04-26,N.I.,AREQUIPA,PE-34A,17.0,DESPISTE,0,0.0,,2021,4,0,0,0.0,0.0,0.0
20211222,2021-04-26,22:30,LIMA,PE-22,22.0,CHOQUE,2,3.0,22.0,2021,4,0,1,0.0,0.0,0.0
20211222,2021-04-26,09:10,PUNO,PE-38A,23.0,DESPISTE,1,1.0,9.0,2021,4,0,1,0.0,0.0,0.0
20211222,2021-04-26,10:10,PUNO,PE-38A,23.0,DESPISTE,1,2.0,10.0,2021,4,0,1,0.0,0.0,0.0
20211222,2021-04-26,20:15,PIURA,PE-02,44.0,CHOQUE,1,3.0,20.0,2021,4,0,1,1.4,1.4,6.0
20211222,2021-04-26,17:30,LAMBAYEQUE,PE-1NJ,49.0,DESPISTE,0,0.0,17.0,2021,4,0,0,0.0,0.0,0.0
20211222,2021-04-26,06:20,PUNO,PE-38A,50.0,CHOQUE,0,2.0,6.0,2021,4,0,0,0.0,0.0,0.0
20211222,2021-04-26,16:30,ANCASH,PE-14A,93.0,CHOQUE,0,2.0,16.0,2021,4,0,0,4.9,4.9,11.0
20211222,2021-04-26,07:00,ANCASH,PE-3N,176.0,CHOQUE,0,1.0,7.0,2021,4,0,0,4.9,4.9,11.0
20211222,2021-04-26,07:10,ICA,PE-1S,176.0,DESPISTE,0,3.0,7.0,2021,4,0,0,0.0,0.0,0.0
20211222,2021-04-26,22:30,MADRE DE DIOS,PE-30C,251.0,CHOQUE,0,1.0,22.0,2021,4,0,0,13.1,13.1,13.0
20211222,2021-04-26,09:40,HUANUCO,PE-5N,278.0,CHOQUE,0,1.0,9.0,2021,4,0,0,12.3,12.3,13.0
20211222,2021-04-26,10:30,MADRE DE DIOS,PE-30C,343.0,CHOQUE,0,2.0,10.0,2021,4,0,0,13.1,13.1,13.0
20211222,2021-04-26,15:35,SAN MARTIN,PE-5N,695.0,DESPISTE,0,2.0,15.0,2021,4,0,0,6.8,6.8,12.0
20211222,2021-04-26,22:30,SAN MARTIN,PE-5N,744.0,CHOQUE,1,2.0,22.0,2021,4,0,1,6.8,6.8,12.0
20211222,2021-04-26,08:00,APURIMAC,PE-3S,813.0,CHOQUE,0,0.0,8.0,2021,4,0,0,1.0,1.0,4.0
20211222,2021-04-26,15:00,APURIMAC,PE-3S,818.0,CHOQUE,0,2.0,15.0,2021,4,0,0,1.0,1.0,4.0
20211222,2021-04-26,09:00,MOQUEGUA,PE-1S,1160.0,CHOQUE,0,3.0,9.0,2021,4,0,0,0.0,0.0,0.0
20211222,2021-04-27,14:00,PUNO,PE-36B,14.0,DESPISTE,0,0.0,14.0,2021,4,1,0,1.2,1.2,5.0
20211222,2021-04-27,14:30,PUNO,PE-36B,14.0,CHOQUE,0,0.0,14.0,2021,4,1,0,1.2,1.2,5.0
20211222,2021-04-27,14:00,PUNO,PE-36B,17.0,CHOQUE,0,0.0,14.0,2021,4,1,0,1.2,1.2,5.0
20211222,2021-04-27,06:45,ANCASH,PE-12,23.0,CHOQUE,0,0.0,6.0,2021,4,1,0,0.3,0.3,3.0
20211222,2021-04-27,08:10,LIMA,PE-1S,34.0,DESPISTE,0,2.0,8.0,2021,4,1,0,0.0,0.0,0.0
20211222,2021-04-27,14:00,PIURA,PE-02,41.0,DESPISTE,0,0.0,14.0,2021,4,1,0,0.0,0.0,0.0
20211222,2021-04-27,06:35,JUNIN,PE-3S,57.0,DESPISTE,0,0.0,6.0,2021,4,1,0,0.0,0.0,0.0
20211222,2021-04-27,10:55,PASCO,PE-5N,115.0,DESPISTE,0,1.0,10.0,2021,4,1,0,0.9,0.7,3.0
20211222,2021-04-27,06:00,PIURA,PE-1NJ,172.0,CHOQUE,0,1.0,6.0,2021,4,1,0,0.0,0.0,0.0
20211222,2021-04-27,12:20,PUNO,PE-36A,225.0,DESPISTE,0,0.0,12.0,2021,4,1,0,1.2,1.2,5.0
20211222,2021-04-27,11:10,MADRE DE DIOS,PE-30C,324.0,CHOQUE,0,1.0,11.0,2021,4,1,0,0.3,0.3,2.0
20211222,2021-04-27,12:50,ICA,PE-1S,384.0,ESPECIAL,0,0.0,12.0,2021,4,1,0,0.0,0.0,0.0
20211222,2021-04-27,16:00,HUANUCO,PE-5N,468.0,CHOQUE,0,1.0,16.0,2021,4,1,0,0.0,0.0,0.0
20211222,2021-04-27,18:30,HUANUCO,PE-5N,472.0,ATROPELLO,0,1.0,18.0,2021,4,1,0,0.0,0.0,0.0
20211222,2021-04-27,15:50,LA LIBERTAD,PE-1N,533.0,DESPISTE,0,0.0,15.0,2021,4,1,0,0.0,0.0,0.0
20211222,2021-04-27,08:15,LA LIBERTAD,PE-1N,550.0,DESPISTE,0,1.0,8.0,2021,4,1,0,0.0,0.0,0.0
20211222,2021-04-27,15:50,AREQUIPA,PE-1S,632.0,DESPISTE,0,0.0,15.0,2021,4,1,0,0.0,0.0,0.0
20211222,2021-04-27,10:10,SAN MARTIN,PE-5N,755.0,CHOQUE,0,2.0,10.0,2021,4,1,0,10.5,10.5,17.0
20211222,2021-04-27,10:30,CUSCO,PE-3S,927.0,ATROPELLO,0,4.0,10.0,2021,4,1,0,1.1,1.1,7.0
20211222,2021-04-28,18:20,JUNIN,PE-3S,24.0,CHOQUE,0,2.0,18.0,2021,4,2,0,0.0,0.0,0.0
20211222,2021-04-28,09:50,JUNIN,PE-3SA,30.0,CHOQUE,0,2.0,9.0,2021,4,2,0,0.0,0.0,0.0
20211222,2021-04-28,08:00,LIMA,PE-1N,98.0,DESPISTE,0,1.0,8.0,2021,4,2,0,0.0,0.0,0.0
20211222,2021-04-28,08:30,LIMA,PE-22,129.0,DESPISTE,0,0.0,8.0,2021,4,2,0,0.0,0.0,0.0
20211222,2021-04-28,13:30,PASCO,PE-3N,146.0,DESPISTE,0,1.0,13.0,2021,4,2,0,0.4,0.4,3.0
20211222,2021-04-28,13:30,ICA,PE-1SE,191.0,DESPISTE,0,0.0,13.0,2021,4,2,0,0.0,0.0,0.0
20211222,2021-04-28,20:00,ICA,PE-1S,207.0,CHOQUE,3,1.0,20.0,2021,4,2,1,0.0,0.0,0.0
20211222,2021-04-28,11:50,LIMA,PE-1N,215.0,DESPISTE,0,1.0,11.0,2021,4,2,0,0.0,0.0,0.0
20211222,2021-04-28,15:00,UCAYALI,PE-5N,379.0,CHOQUE,0,0.0,15.0,2021,4,2,0,0.4,0.4,4.0
20211222,2021-04-28,13:50,LA LIBERTAD,PE-1N,450.0,CHOQUE,0,0.0,13.0,2021,4,2,0,0.0,0.0,0.0
20211222,2021-04-28,07:20,CUSCO,PE-28B,479.0,DESPISTE,0,1.0,7.0,2021,4,2,0,0.4,0.4,3.0
20211222,2021-04-28,11:30,LA LIBERTAD,PE-1N,577.0,CHOQUE,1,1.0,11.0,2021,4,2,1,0.0,0.0,0.0
20211222,2021-04-28,05:30,CUSCO,PE-3S,1023.0,CHOQUE,0,1.0,5.0,2021,4,2,0,0.4,0.4,3.0
20211222,2021-04-28,18:20,CUSCO,PE-3S,1036.0,ATROPELLO,1,0.0,18.0,2021,4,2,1,0.4,0.4,3.0
20211222,2021-04-28,10:15,MOQUEGUA,PE-1S,1151.0,DESPISTE,0,0.0,10.0,2021,4,2,0,0.0,0.0,0.0
20211222,2021-04-29,19:00,AREQUIPA,PE-34A,2.0,CHOQUE,0,0.0,19.0,2021,4,3,0,0.0,0.0,0.0
20211222,2021-04-29,07:50,JUNIN,PE-3N,8.0,DESPISTE,1,1.0,7.0,2021,4,3,1,0.3,0.3,3.0
20211222,2021-04-29,12:30,JUNIN,PE-3S,23.0,CHOQUE,0,4.0,12.0,2021,4,3,0,0.3,0.3,3.0
20211222,2021-04-29,07:30,TACNA,PE-38,30.0,CHOQUE,0,1.0,7.0,2021,4,3,0,0.2,0.2,2.0
20211222,2021-04-29,10:50,JUNIN,PE-3S,75.0,DESPISTE,0,0.0,10.0,2021,4,3,0,0.3,0.3,3.0
20211222,2021-04-29,01:50,AYACUCHO,PE-30A,102.0,DESPISTE,0,1.0,1.0,2021,4,3,0,0.0,0.0,0.0
20211222,2021-04-29,05:40,AYACUCHO,PE-30A,102.0,DESPISTE,0,1.0,5.0,2021,4,3,0,0.0,0.0,0.0
20211222,2021-04-29,01:30,LIMA,PE-1N,102.0,CHOQUE,0,2.0,1.0,2021,4,3,0,0.0,0.0,0.0
20211222,2021-04-29,00:50,CUSCO,PE-30C,144.0,DESPISTE,0,1.0,0.0,2021,4,3,0,0.2,0.2,2.0
20211222,2021-04-29,20:20,AREQUIPA,PE-1S,940.0,DESPISTE,0,0.0,20.0,2021,4,3,0,0.0,0.0,0.0
20211222,2021-04-29,14:30,MOQUEGUA,PE-1S,1111.0,CHOQUE,0,2.0,14.0,2021,4,3,0,0.0,0.0,0.0
20211222,2021-04-30,02:10,JUNIN,PE-3SA,10.0,DESPISTE,0,0.0,2.0,2021,4,4,0,0.1,0.1,1.0
20211222,2021-04-30,14:50,TACNA,PE-38,43.0,DESPISTE,0,0.0,14.0,2021,4,4,0,0.0,0.0,0.0
20211222,2021-04-30,21:40,LIMA,PE-20A,63.0,DESPISTE,0,1.0,21.0,2021,4,4,0,0.0,0.0,0.0
20211222,2021-04-30,12:00,LIMA,PE-1N,199.0,DESPISTE,0,0.0,12.0,2021,4,4,0,0.0,0.0,0.0
20211222,2021-04-30,05:05,PUNO,PE-34A,224.0,DESPISTE,0,0.0,5.0,2021,4,4,0,0.0,0.0,0.0
20211222,2021-04-30,19:45,LA LIBERTAD,PE-1N,523.0,CHOQUE,1,0.0,19.0,2021,4,4,1,0.4,0.4,2.0
20211222,2021-05-01,19:30,ANCASH,PE-14,1.0,CHOQUE,0,5.0,19.0,2021,5,5,0,5.8,5.8,15.0
20211222,2021-05-01,19:00,LIMA,PE-1NE,6.0,DESPISTE,0,1.0,19.0,2021,5,5,0,0.0,0.0,0.0
20211222,2021-05-01,16:00,LA LIBERTAD,PE-08,8.0,CHOQUE,0,4.0,16.0,2021,5,5,0,9.1,9.1,12.0
20211222,2021-05-01,05:50,JUNIN,PE-3SA,20.0,DESPISTE,0,0.0,5.0,2021,5,5,0,4.4,4.4,13.0
20211222,2021-05-01,02:30,CAJAMARCA,PE-5N,26.0,ATROPELLO,0,1.0,2.0,2021,5,5,0,1.5,1.5,8.0
20211222,2021-05-01,06:50,PUNO,PU-111,31.0,DESPISTE,1,0.0,6.0,2021,5,5,1,0.0,0.0,0.0
20211222,2021-05-01,05:30,JUNIN,PE-3N,39.0,DESPISTE,0,0.0,5.0,2021,5,5,0,4.4,4.4,13.0
20211222,2021-05-01,20:00,ANCASH,AN-110,69.0,CHOQUE,0,1.0,20.0,2021,5,5,0,5.8,5.8,15.0
20211222,2021-05-01,22:35,LAMBAYEQUE,PE-1NJ,92.0,CHOQUE,0,1.0,22.0,2021,5,5,0,0.0,0.0,0.0
20211222,2021-05-01,16:50,LIMA,PE-22,112.0,CHOQUE,0,0.0,16.0,2021,5,5,0,0.0,0.0,0.0
20211222,2021-05-01,05:10,JUNIN,PE-22,159.0,DESPISTE,0,0.0,5.0,2021,5,5,0,4.4,4.4,13.0
20211222,2021-05-01,08:30,PUNO,PE-34B,334.0,DESPISTE,1,0.0,8.0,2021,5,5,1,0.0,0.0,0.0
20211222,2021-05-01,11:23,ANCASH,PE-1N,416.0,DESPISTE,0,2.0,11.0,2021,5,5,0,5.8,5.8,15.0
20211222,2021-05-01,23:30,MADRE DE DIOS,PE-30C,455.0,CHOQUE,0,1.0,23.0,2021,5,5,0,0.0,0.0,0.0
20211222,2021-05-01,01:30,LA LIBERTAD,PE-1N,735.0,ESPECIAL,0,0.0,1.0,2021,5,5,0,9.1,9.1,12.0
20211222,2021-05-01,03:30,AREQUIPA,PE-1S,940.0,DESPISTE,0,0.0,3.0,2021,5,5,0,0.0,0.0,0.0
20211222,2021-05-01,23:45,TACNA,PE-1S,1292.0,CHOQUE,0,2.0,23.0,2021,5,5,0,0.0,0.0,0.0
20211222,2021-05-02,01:00,UCAYALI,PE-18C,17.0,DESPISTE,0,0.0,1.0,2021,5,6,0,0.2,0.2,2.0
20211222,2021-05-02,20:05,PUNO,PE-36B,38.0,CHOQUE,0,0.0,20.0,2021,5,6,0,0.0,0.0,0.0
20211222,2021-05-02,21:00,LIMA,PE-20A,46.0,DESPISTE,0,2.0,21.0,2021,5,6,0,0.0,0.0,0.0
20211222,2021-05-02,06:00,ANCASH,PE-16,85.0,DESPISTE,0,0.0,6.0,2021,5,6,0,1.2,1.2,6.0
20211222,2021-05-02,11:00,LIMA,PE-1N,89.0,CHOQUE,0,2.0,11.0,2021,5,6,0,0.0,0.0,0.0
20211222,2021-05-02,19:30,AREQUIPA,PE-34A,110.0,CHOQUE,0,0.0,19.0,2021,5,6,0,0.0,0.0,0.0
20211222,2021-05-02,03:30,JUNIN,PE-22B,118.0,CHOQUE,1,0.0,3.0,2021,5,6,1,0.0,0.0,0.0
20211222,2021-05-02,18:30,PUNO,PE-34A,275.0,DESPISTE,0,0.0,18.0,2021,5,6,0,0.0,0.0,0.0
20211222,2021-05-02,17:00,LA LIBERTAD,PE-1N,487.0,CHOQUE,0,0.0,17.0,2021,5,6,0,0.0,0.0,0.0
20211222,2021-05-02,11:30,SAN MARTIN,PE-5N,487.0,CHOQUE,0,3.0,11.0,2021,5,6,0,0.6,0.6,4.0
20211222,2021-05-02,19:00,SAN MARTIN,PE-5N,527.0,DESPISTE,0,0.0,19.0,2021,5,6,0,0.6,0.6,4.0
20211222,2021-05-03,23:00,JUNIN,PE-3SB,77.0,CHOQUE,0,1.0,23.0,2021,5,0,0,0.9,0.9,2.0
20211222,2021-05-03,19:00,ANCASH,PE-1N,381.0,CHOQUE,0,1.0,19.0,2021,5,0,0,7.1,7.1,9.0
20211222,2021-05-03,12:40,APURIMAC,PE-30A,398.0,DESPISTE,0,1.0,12.0,2021,5,0,0,0.0,0.0,0.0
20211222,2021-05-03,20:50,CUSCO,PE-3S,1091.0,ATROPELLO,1,0.0,20.0,2021,5,0,1,0.0,0.0,0.0
20211222,2021-05-04,N.I.,LIMA,PE-1NA,17.0,DESPISTE,0,0.0,,2021,5,1,0,0.0,0.0,0.0
20211222,2021-05-04,N.I.,LIMA,PE-1N,18.0,DESPISTE,0,0.0,,2021,5,1,0,0.0,0.0,0.0
20211222,2021-05-04,19:15,JUNIN,PE-3SA,19.0,CHOQUE,0,3.0,19.0,2021,5,1,0,0.4,0.4,3.0
20211222,2021-05-04,10:30,LIMA,PE-1N,24.0,ESPECIAL,0,1.0,10.0,2021,5,1,0,0.0,0.0,0.0
20211222,2021-05-04,07:10,AREQUIPA,AR-113,28.0,CHOQUE,0,0.0,7.0,2021,5,1,0,0.0,0.0,0.0
20211222,2021-05-04,08:20,UCAYALI,PE-18C,75.0,DESPISTE,0,0.0,8.0,2021,5,1,0,0.0,0.0,0.0
20211222,2021-05-04,16:00,LA LIBERTAD,PE-10A,111.0,DESPISTE,0,1.0,16.0,2021,5,1,0,0.0,0.0,0.0
20211222,2021-05-04,21:30,PASCO,PE-3N,127.0,CHOQUE,0,2.0,21.0,2021,5,1,0,0.6,0.6,6.0
20211222,2021-05-04,07:30,LIMA,PE-1N,159.0,DESPISTE,0,2.0,7.0,2021,5,1,0,0.0,0.0,0.0
20211222,2021-05-04,11:30,CUSCO,PE-28B,171.0,DESPISTE,0,0.0,11.0,2021,5,1,0,0.4,0.4,2.0
20211222,2021-05-04,15:50,AMAZONAS,PE-5N,365.0,CHOQUE,0,1.0,15.0,2021,5,1,0,0.0,0.0,0.0
20211222,2021-05-04,12:59,APURIMAC,PE-30A,383.0,CHOQUE,0,1.0,12.0,2021,5,1,0,0.0,0.0,0.0
20211222,2021-05-05,05:00,LIMA,PE-1N,18.0,ESPECIAL,0,0.0,5.0,2021,5,2,0,0.0,0.0,0.0
20211222,2021-05-05,14:20,UCAYALI,PE-18C,36.0,ESPECIAL,0,0.0,14.0,2021,5,2,0,2.1,2.1,8.0
20211222,2021-05-05,22:00,PUNO,PE-34H,47.0,CHOQUE,0,1.0,22.0,2021,5,2,0,0.7,0.7,5.0
20211222,2021-05-05,13:30,CUSCO,PE-28B,185.0,DESPISTE,2,2.0,13.0,2021,5,2,1,0.0,0.0,0.0
20211222,2021-05-05,20:45,AYACUCHO,PE-30A,198.0,DESPISTE,0,2.0,20.0,2021,5,2,0,0.0,0.0,0.0
20211222,2021-05-05,13:30,ICA,PE-1S,241.0,CHOQUE,0,1.0,13.0,2021,5,2,0,0.0,0.0,0.0
20211222,2021-05-05,05:15,MADRE DE DIOS,PE-30C,311.0,DESPISTE,0,1.0,5.0,2021,5,2,0,2.8,2.8,12.0
20211222,2021-05-05,12:30,MADRE DE DIOS,PE-30C,448.0,DESPISTE,0,4.0,12.0,2021,5,2,0,2.8,2.8,12.0
20211222,2021-05-05,03:20,LA LIBERTAD,PE-1N,530.0,DESPISTE,0,1.0,3.0,2021,5,2,0,0.0,0.0,0.0
20211222,2021-05-05,13:50,LAMBAYEQUE,PE-1N,859.0,DESPISTE,0,0.0,13.0,2021,5,2,0,0.0,0.0,0.0
20211222,2021-05-05,18:30,CUSCO,PE-3S,897.0,DESPISTE,0,1.0,18.0,2021,5,2,0,0.0,0.0,0.0
20211222,2021-05-05,00:45,PUNO,PE-3S,1221.0,DESPISTE,0,0.0,0.0,2021,5,2,0,0.7,0.7,5.0
20211222,2021-05-06,18:00,CUSCO,PE-28F,20.0,DESPISTE,0,1.0,18.0,2021,5,3,0,3.8,3.8,11.0
20211222,2021-05-06,14:50,LAMBAYEQUE,PE-06A,32.0,CHOQUE,0,0.0,14.0,2021,5,3,0,0.2,0.2,1.0
20211222,2021-05-06,05:00,JUNIN,PE-3S,76.0,DESPISTE,0,0.0,5.0,2021,5,3,0,2.7,2.7,7.0
20211222,2021-05-06,09:25,LIMA,PE-22,82.0,DESPISTE,0,0.0,9.0,2021,5,3,0,0.0,0.0,0.0
20211222,2021-05-06,09:45,JUNIN,PE-3SB,102.0,DESPISTE,0,1.0,9.0,2021,5,3,0,2.7,2.7,7.0
20211222,2021-05-06,N.I.,TACNA,PE-1SD,136.0,DESPISTE,0,1.0,,2021,5,3,0,0.0,0.0,0.0
20211222,2021-05-06,07:45,AREQUIPA,PE-34A,167.0,ESPECIAL,0,0.0,7.0,2021,5,3,0,0.0,0.0,0.0
20211222,2021-05-06,04:30,MADRE DE DIOS,PE-30C,277.0,DESPISTE,0,0.0,4.0,2021,5,3,0,2.3,2.3,8.0
20211222,2021-05-06,04:49,HUANUCO,PE-18A,456.0,DESPISTE,0,0.0,4.0,2021,5,3,0,0.7,0.7,5.0
20211222,2021-05-06,N.I.,SAN MARTIN,PE-5N,649.0,CHOQUE,0,2.0,,2021,5,3,0,0.5,0.5,2.0
20211222,2021-05-07,07:20,ICA,PE-1SG,11.0,CHOQUE,0,1.0,7.0,2021,5,4,0,0.0,0.0,0.0
20211222,2021-05-07,02:15,ANCASH,AN-110,30.0,DESPISTE,0,0.0,2.0,2021,5,4,0,8.2,8.2,17.0
20211222,2021-05-07,09:00,PUNO,PE-34I,32.0,DESPISTE,0,0.0,9.0,2021,5,4,0,8.5,8.3,10.0
20211222,2021-05-07,10:20,PUNO,PE-34H,37.0,ATROPELLO,1,0.0,10.0,2021,5,4,1,8.5,8.3,10.0
20211222,2021-05-07,15:00,PIURA,PE-1N,43.0,DESPISTE,0,0.0,15.0,2021,5,4,0,0.0,0.0,0.0
20211222,2021-05-07,18:00,PIURA,PE-1N,55.0,DESPISTE,0,0.0,18.0,2021,5,4,0,0.0,0.0,0.0
20211222,2021-05-07,17:50,AYACUCHO,PE-30A,94.0,DESPISTE,0,0.0,17.0,2021,5,4,0,2.5,2.5,3.0
20211222,2021-05-07,02:00,AREQUIPA,PE-34A,132.0,CHOQUE,0,3.0,2.0,2021,5,4,0,0.0,0.0,0.0
20211222,2021-05-07,16:15,CUSCO,PE-28B,189.0,CHOQUE,0,1.0,16.0,2021,5,4,0,4.3,4.1,7.0
20211222,2021-05-07,09:30,AMAZONAS,PE-5N,212.0,DESPISTE,0,0.0,9.0,2021,5,4,0,0.2,0.2,2.0
20211222,2021-05-07,05:35,HUANUCO,PE-3N,245.0,DESPISTE,0,2.0,5.0,2021,5,4,0,0.4,0.4,4.0
20211222,2021-05-07,02:24,PUNO,PE-34A,249.0,CHOQUE,0,3.0,2.0,2021,5,4,0,8.5,8.3,10.0
20211222,2021-05-07,08:00,PUNO,PE-36A,296.0,DESPISTE,0,0.0,8.0,2021,5,4,0,8.5,8.3,10.0
20211222,2021-05-07,16:00,MADRE DE DIOS,PE-30C,450.0,DESPISTE,0,2.0,16.0,2021,5,4,0,0.0,0.0,0.0
20211222,2021-05-07,04:55,ICA,PE-1S,456.0,ATROPELLO,1,0.0,4.0,2021,5,4,1,0.0,0.0,0.0
20211222,2021-05-07,03:05,LA LIBERTAD,PE-1N,515.0,CHOQUE,2,0.0,3.0,2021,5,4,1,0.1,0.1,1.0
20211222,2021-05-07,19:40,LA LIBERTAD,PE-1N,602.0,CHOQUE,0,5.0,19.0,2021,5,4,0,0.1,0.1,1.0
20211222,2021-05-07,15:00,AREQUIPA,PE-1S,1030.0,CHOQUE,0,3.0,15.0,2021,5,4,0,0.0,0.0,0.0
20211222,2021-05-07,18:20,PUNO,PE-3S,1486.0,ATROPELLO,0,1.0,18.0,2021,5,4,0,8.5,8.3,10.0
20211222,2021-05-08,07:00,AREQUIPA,PE-34A,3.0,DESPISTE,0,0.0,7.0,2021,5,5,0,0.0,0.0,0.0
20211222,2021-05-08,19:30,LAMBAYEQUE,PE-06A,15.0,CHOQUE,0,2.0,19.0,2021,5,5,0,0.0,0.0,0.0
20211222,2021-05-08,21:00,UCAYALI,PE-18C,19.0,CHOQUE,0,0.0,21.0,2021,5,5,0,0.0,0.0,0.0
20211222,2021-05-08,08:30,LIMA,PE-1S,26.0,CHOQUE,0,3.0,8.0,2021,5,5,0,0.0,0.0,0.0
20211222,2021-05-08,17:30,LAMBAYEQUE,PE-1NJ,51.0,CHOQUE,0,1.0,17.0,2021,5,5,0,0.0,0.0,0.0
20211222,2021-05-08,04:05,LIMA,PE-22,120.0,CHOQUE,0,0.0,4.0,2021,5,5,0,0.0,0.0,0.0
20211222,2021-05-08,22:50,LIMA,PE-1S,126.0,DESPISTE,0,6.0,22.0,2021,5,5,0,0.0,0.0,0.0
20211222,2021-05-08,03:40,LIMA,PE-1N,129.0,CHOQUE,0,0.0,3.0,2021,5,5,0,0.0,0.0,0.0
20211222,2021-05-08,09:50,AREQUIPA,PE-34A,134.0,DESPISTE,0,0.0,9.0,2021,5,5,0,0.0,0.0,0.0
20211222,2021-05-08,17:10,ANCASH,PE-3N,145.0,DESPISTE,0,1.0,17.0,2021,5,5,0,5.3,5.3,8.0
20211222,2021-05-08,06:00,ICA,PE-1S,204.0,CHOQUE,0,1.0,6.0,2021,5,5,0,0.0,0.0,0.0
20211222,2021-05-08,04:50,ICA,PE-1SE,213.0,CHOQUE,0,2.0,4.0,2021,5,5,0,0.0,0.0,0.0
20211222,2021-05-08,18:00,PUNO,PE-34A,236.0,CHOQUE,0,2.0,18.0,2021,5,5,0,9.9,5.9,8.0
20211222,2021-05-08,09:50,ANCASH,PE-1N,246.0,DESPISTE,0,0.0,9.0,2021,5,5,0,5.3,5.3,8.0
20211222,2021-05-08,23:20,ICA,PE-1S,326.0,CHOQUE,0,2.0,23.0,2021,5,5,0,0.0,0.0,0.0
20211222,2021-05-08,06:47,AMAZONAS,PE-08B,340.0,DESPISTE,0,2.0,6.0,2021,5,5,0,3.6,3.6,10.0
20211222,2021-05-08,15:40,AYACUCHO,PE-3S,396.0,CHOQUE,0,1.0,15.0,2021,5,5,0,0.0,0.0,0.0
20211222,2021-05-08,02:00,ANCASH,PE-1N,398.0,DESPISTE,0,0.0,2.0,2021,5,5,0,5.3,5.3,8.0
20211222,2021-05-08,20:00,SAN MARTIN,PE-5N,473.0,CHOQUE,1,0.0,20.0,2021,5,5,1,1.7,1.7,8.0
20211222,2021-05-08,14:35,SAN MARTIN,PE-5N,683.0,DESPISTE,0,3.0,14.0,2021,5,5,0,1.7,1.7,8.0
20211222,2021-05-08,03:40,SAN MARTIN,PE-5N,725.0,DESPISTE,0,0.0,3.0,2021,5,5,0,1.7,1.7,8.0
20211222,2021-05-08,05:00,APURIMAC,PE-3S,818.0,CHOQUE,1,3.0,5.0,2021,5,5,1,1.1,1.1,7.0
20211222,2021-05-08,01:00,PIURA,PE-1N,984.0,CHOQUE,0,2.0,1.0,2021,5,5,0,0.0,0.0,0.0
20211222,2021-05-08,09:20,PUNO,PE-3S,1462.0,CHOQUE,0,1.0,9.0,2021,5,5,0,9.9,5.9,8.0
20211222,2021-05-09,23:50,PUNO,PE-34G,2.0,DESPISTE,0,1.0,23.0,2021,5,6,0,0.3,0.3,2.0
20211222,2021-05-09,23:00,CAJAMARCA,PE-5N,32.0,DESPISTE,0,1.0,23.0,2021,5,6,0,0.2,0.2,1.0
20211222,2021-05-09,16:35,JUNIN,PE-22,157.0,CHOQUE,0,1.0,16.0,2021,5,6,0,0.1,0.1,1.0
20211222,2021-05-09,04:50,PUNO,PE-34A,244.0,DESPISTE,0,3.0,4.0,2021,5,6,0,0.3,0.3,2.0
20211222,2021-05-09,07:15,ANCASH,PE-1N,306.0,DESPISTE,0,0.0,7.0,2021,5,6,0,1.1,1.1,6.0
20211222,2021-05-09,05:00,ANCASH,PE-1N,384.0,CHOQUE,0,0.0,5.0,2021,5,6,0,1.1,1.1,6.0
20211222,2021-05-09,11:35,ICA,PE-1S,419.0,DESPISTE,0,0.0,11.0,2021,5,6,0,0.0,0.0,0.0
20211222,2021-05-09,12:00,AREQUIPA,PE-1S,526.0,CHOQUE,0,0.0,12.0,2021,5,6,0,0.0,0.0,0.0
20211222,2021-05-09,17:30,AREQUIPA,PE-1S,631.0,DESPISTE,0,0.0,17.0,2021,5,6,0,0.0,0.0,0.0
20211222,2021-05-09,09:00,AREQUIPA,PE-1S,690.0,ESPECIAL,0,0.0,9.0,2021,5,6,0,0.0,0.0,0.0
20211222,2021-05-09,05:00,CUSCO,PE-3S,898.0,DESPISTE,0,1.0,5.0,2021,5,6,0,0.0,0.0,0.0
20211222,2021-05-10,09:40,CAJAMARCA,PE-08B,9.0,CHOQUE,0,1.0,9.0,2021,5,0,0,0.0,0.0,0.0
20211222,2021-05-10,13:00,CAJAMARCA,PE-08B,14.0,CHOQUE,0,1.0,13.0,2021,5,0,0,0.0,0.0,0.0
20211222,2021-05-10,18:35,UCAYALI,PE-18C,19.0,CHOQUE,0,3.0,18.0,2021,5,0,0,0.0,0.0,0.0
20211222,2021-05-10,22:20,UCAYALI,PE-18C,22.0,DESPISTE,0,0.0,22.0,2021,5,0,0,0.0,0.0,0.0
20211222,2021-05-10,23:35,LIMA,PE-1N,40.0,CHOQUE,0,1.0,23.0,2021,5,0,0,0.0,0.0,0.0
20211222,2021-05-10,15:55,JUNIN,PE-3S,42.0,CHOQUE,0,9.0,15.0,2021,5,0,0,0.9,0.9,4.0
20211222,2021-05-10,05:30,CUSCO,PE-28F,55.0,DESPISTE,0,1.0,5.0,2021,5,0,0,0.5,0.5,2.0
20211222,2021-05-10,15:50,AREQUIPA,PE-34A,62.0,DESPISTE,0,0.0,15.0,2021,5,0,0,0.0,0.0,0.0
20211222,2021-05-10,05:50,LIMA,PE-1S,94.0,CHOQUE,0,1.0,5.0,2021,5,0,0,0.0,0.0,0.0
20211222,2021-05-10,14:00,JUNIN,PE-22B,102.0,CHOQUE,0,1.0,14.0,2021,5,0,0,0.9,0.9,4.0
20211222,2021-05-10,08:24,AREQUIPA,PE-34A,179.0,CHOQUE,0,0.0,8.0,2021,5,0,0,0.0,0.0,0.0
20211222,2021-05-10,13:00,ICA,PE-1S,186.0,CHOQUE,0,0.0,13.0,2021,5,0,0,0.0,0.0,0.0
20211222,2021-05-10,10:15,ANCASH,PE-1N,241.0,DESPISTE,0,4.0,10.0,2021,5,0,0,0.3,0.3,2.0
20211222,2021-05-10,08:50,PUNO,PE-34A,243.0,DESPISTE,0,0.0,8.0,2021,5,0,0,0.3,0.3,3.0
20211222,2021-05-10,10:20,ANCASH,PE-3N,248.0,CHOQUE,0,0.0,10.0,2021,5,0,0,0.3,0.3,2.0
20211222,2021-05-10,07:45,ANCASH,PE-1N,329.0,DESPISTE,0,1.0,7.0,2021,5,0,0,0.3,0.3,2.0
20211222,2021-05-10,10:50,ANCASH,PE-1N,344.0,DESPISTE,0,0.0,10.0,2021,5,0,0,0.3,0.3,2.0
20211222,2021-05-10,08:00,ANCASH,PE-1N,415.0,DESPISTE,0,2.0,8.0,2021,5,0,0,0.3,0.3,2.0
20211222,2021-05-10,22:08,LA LIBERTAD,PE-1N,515.0,CHOQUE,2,2.0,22.0,2021,5,0,1,0.0,0.0,0.0
20211222,2021-05-10,11:30,SAN MARTIN,PE-5N,518.0,CHOQUE,0,2.0,11.0,2021,5,0,0,0.1,0.1,1.0
20211222,2021-05-10,00:30,LA LIBERTAD,PE-1N,721.0,DESPISTE,0,1.0,0.0,2021,5,0,0,0.0,0.0,0.0
20211222,2021-05-10,06:00,LAMBAYEQUE,PE-1N,752.0,DESPISTE,1,5.0,6.0,2021,5,0,1,0.0,0.0,0.0
20211222,2021-05-10,07:00,LAMBAYEQUE,PE-1N,822.0,DESPISTE,1,0.0,7.0,2021,5,0,1,0.0,0.0,0.0
20211222,2021-05-10,22:00,PIURA,PE-1N,973.0,CHOQUE,1,0.0,22.0,2021,5,0,1,0.0,0.0,0.0
20211222,2021-05-11,06:10,JUNIN,PE-3SA,3.0,CHOQUE,0,0.0,6.0,2021,5,1,0,0.1,0.1,1.0
20211222,2021-05-11,10:00,LAMBAYEQUE,PE-1NJ,23.0,CHOQUE,0,0.0,10.0,2021,5,1,0,0.0,0.0,0.0
20211222,2021-05-11,07:12,LIMA,PE-22,26.0,CHOQUE,0,0.0,7.0,2021,5,1,0,0.0,0.0,0.0
20211222,2021-05-11,13:25,PIURA,PE-1N,33.0,DESPISTE,0,1.0,13.0,2021,5,1,0,0.0,0.0,0.0
20211222,2021-05-11,09:20,LIMA,PE-22,43.0,CHOQUE,0,11.0,9.0,2021,5,1,0,0.0,0.0,0.0
20211222,2021-05-11,10:50,LIMA,PE-22,48.0,CHOQUE,0,1.0,10.0,2021,5,1,0,0.0,0.0,0.0
20211222,2021-05-11,21:35,LIMA,PE-1S,49.0,ESPECIAL,0,0.0,21.0,2021,5,1,0,0.0,0.0,0.0
20211222,2021-05-11,07:45,LIMA,PE-1N,106.0,DESPISTE,0,4.0,7.0,2021,5,1,0,0.0,0.0,0.0
20211222,2021-05-11,17:55,HUANCAVELICA,PE-3S,204.0,DESPISTE,0,1.0,17.0,2021,5,1,0,0.1,0.1,1.0
20211222,2021-05-11,11:50,ANCASH,PE-1N,320.0,ESPECIAL,0,0.0,11.0,2021,5,1,0,0.1,0.1,1.0
20211222,2021-05-11,17:59,ICA,PE-1S,364.0,CHOQUE,1,1.0,17.0,2021,5,1,1,0.0,0.0,0.0
20211222,2021-05-11,15:10,UCAYALI,PE-5N,432.0,CHOQUE,0,1.0,15.0,2021,5,1,0,0.0,0.0,0.0
20211222,2021-05-11,08:50,HUANUCO,PE-5N,483.0,CHOQUE,0,1.0,8.0,2021,5,1,0,0.0,0.0,0.0
20211222,2021-05-11,17:30,SAN MARTIN,PE-5N,620.0,CHOQUE,0,2.0,17.0,2021,5,1,0,0.0,0.0,0.0
20211222,2021-05-12,16:45,JUNIN,PE-3S,68.0,CHOQUE,0,0.0,16.0,2021,5,2,0,0.0,0.0,0.0
20211222,2021-05-12,19:30,LIMA,PE-1N,108.0,DESPISTE,0,0.0,19.0,2021,5,2,0,0.0,0.0,0.0
20211222,2021-05-12,04:40,CAJAMARCA,PE-08,131.0,DESPISTE,0,0.0,4.0,2021,5,2,0,0.0,0.0,0.0
20211222,2021-05-12,16:40,PUNO,PE-38,220.0,DESPISTE,0,1.0,16.0,2021,5,2,0,0.1,0.1,1.0
20211222,2021-05-12,23:30,PUNO,PE-34B,291.0,CHOQUE,1,0.0,23.0,2021,5,2,1,0.1,0.1,1.0
20211222,2021-05-12,09:20,APURIMAC,PE-30A,344.0,CHOQUE,0,2.0,9.0,2021,5,2,0,0.5,0.5,5.0
20211222,2021-05-12,11:00,ANCASH,PE-3N,571.0,CHOQUE,0,0.0,11.0,2021,5,2,0,0.8,0.8,3.0
20211222,2021-05-12,18:00,AREQUIPA,PE-1S,735.0,DESPISTE,1,0.0,18.0,2021,5,2,1,0.0,0.0,0.0
20211222,2021-05-12,15:40,LAMBAYEQUE,PE-1N,737.0,DESPISTE,0,0.0,15.0,2021,5,2,0,0.0,0.0,0.0
20211222,2021-05-13,06:35,JUNIN,PE-3S,5.0,CHOQUE,0,3.0,6.0,2021,5,3,0,0.1,0.1,1.0
20211222,2021-05-13,17:30,CAJAMARCA,PE-08B,9.0,CHOQUE,0,1.0,17.0,2021,5,3,0,0.1,0.1,1.0
20211222,2021-05-13,18:00,JUNIN,PE-5N,18.0,DESPISTE,0,1.0,18.0,2021,5,3,0,0.1,0.1,1.0
20211222,2021-05-13,11:40,JUNIN,PE-3SA,27.0,DESPISTE,0,0.0,11.0,2021,5,3,0,0.1,0.1,1.0
20211222,2021-05-13,18:15,HUANUCO,PE-18A,78.0,DESPISTE,0,0.0,18.0,2021,5,3,0,0.7,0.7,7.0
20211222,2021-05-13,00:00,LAMBAYEQUE,PE-1NJ,88.0,DESPISTE,0,1.0,0.0,2021,5,3,0,0.0,0.0,0.0
20211222,2021-05-13,16:35,TACNA,PE-1SD,115.0,CHOQUE,0,1.0,16.0,2021,5,3,0,0.0,0.0,0.0
20211222,2021-05-13,16:35,AREQUIPA,PE-34A,162.0,DESPISTE,0,0.0,16.0,2021,5,3,0,0.0,0.0,0.0
20211222,2021-05-13,00:30,ICA,PE-1S,226.0,DESPISTE,0,1.0,0.0,2021,5,3,0,0.0,0.0,0.0
20211222,2021-05-13,01:50,ANCASH,PE-1N,238.0,CHOQUE,0,0.0,1.0,2021,5,3,0,0.8,0.8,2.0
20211222,2021-05-13,09:40,LA LIBERTAD,PE-1N,556.0,DESPISTE,0,0.0,9.0,2021,5,3,0,0.0,0.0,0.0
20211222,2021-05-13,22:00,PIURA,PE-1NL,1057.0,CHOQUE,0,1.0,22.0,2021,5,3,0,0.0,0.0,0.0
20211222,2021-05-13,17:50,AREQUIPA,PE-1S,1085.0,DESPISTE,0,2.0,17.0,2021,5,3,0,0.0,0.0,0.0
20211222,2021-05-14,15:30,CAJAMARCA,PE-5N,8.0,CHOQUE,0,1.0,15.0,2021,5,4,0,0.2,0.2,2.0
20211222,2021-05-14,08:15,JUNIN,PE-3N,11.0,DESPISTE,0,3.0,8.0,2021,5,4,0,0.1,0.1,1.0
20211222,2021-05-14,16:40,HUANUCO,PE-18A,50.0,CHOQUE,0,0.0,16.0,2021,5,4,0,1.2,1.2,8.0
20211222,2021-05-14,08:30,LIMA,PE-1N,57.0,CHOQUE,0,0.0,8.0,2021,5,4,0,0.0,0.0,0.0
20211222,2021-05-14,15:00,PUNO,PE-34H,65.0,DESPISTE,0,0.0,15.0,2021,5,4,0,3.9,3.2,4.0
20211222,2021-05-14,17:20,ANCASH,PE-16,106.0,DESPISTE,0,1.0,17.0,2021,5,4,0,0.2,0.2,2.0
20211222,2021-05-14,22:10,HUANUCO,PE-18A,118.0,CHOQUE,0,2.0,22.0,2021,5,4,0,1.2,1.2,8.0
20211222,2021-05-14,21:30,LIMA,PE-1N,121.0,CHOQUE,0,6.0,21.0,2021,5,4,0,0.0,0.0,0.0
20211222,2021-05-14,21:45,ICA,PE-1S,455.0,CHOQUE,0,2.0,21.0,2021,5,4,0,0.0,0.0,0.0
20211222,2021-05-14,21:50,AREQUIPA,PE-1S,705.0,CHOQUE,0,1.0,21.0,2021,5,4,0,0.0,0.0,0.0
20211222,2021-05-14,04:40,APURIMAC,PE-3S,771.0,DESPISTE,0,1.0,4.0,2021,5,4,0,3.2,3.2,5.0
20211222,2021-05-14,05:27,CUSCO,PE-3S,1101.0,CHOQUE,0,3.0,5.0,2021,5,4,0,1.5,1.5,6.0
20211222,2021-05-15,08:30,AREQUIPA,PE-1SG,23.0,CHOQUE,0,0.0,8.0,2021,5,5,0,0.0,0.0,0.0
20211222,2021-05-15,23:50,LIMA,PE-22,43.0,DESPISTE,0,2.0,23.0,2021,5,5,0,0.0,0.0,0.0
20211222,2021-05-15,23:50,LIMA,PE-1N,43.0,DESPISTE,0,2.0,23.0,2021,5,5,0,0.0,0.0,0.0
20211222,2021-05-15,12:00,LAMBAYEQUE,PE-1NJ,53.0,DESPISTE,0,3.0,12.0,2021,5,5,0,0.1,0.1,1.0
20211222,2021-05-15,15:15,AREQUIPA,PE-34A,60.0,DESPISTE,0,0.0,15.0,2021,5,5,0,0.0,0.0,0.0
20211222,2021-05-15,06:20,JUNIN,PE-3S,71.0,DESPISTE,0,0.0,6.0,2021,5,5,0,2.2,2.2,9.0
20211222,2021-05-15,04:50,LIMA,PE-1S,74.0,DESPISTE,0,1.0,4.0,2021,5,5,0,0.0,0.0,0.0
20211222,2021-05-15,N.I.,LIMA,PE-1N,87.0,CHOQUE,0,1.0,,2021,5,5,0,0.0,0.0,0.0
20211222,2021-05-15,04:00,LIMA,PE-22,89.0,DESPISTE,0,0.0,4.0,2021,5,5,0,0.0,0.0,0.0
20211222,2021-05-15,19:30,MOQUEGUA,PE-36A,114.0,DESPISTE,0,1.0,19.0,2021,5,5,0,0.0,0.0,0.0
20211222,2021-05-15,17:00,JUNIN,PE-3S,142.0,CHOQUE,0,0.0,17.0,2021,5,5,0,2.2,2.2,9.0
20211222,2021-05-15,00:15,TACNA,PE-38,157.0,DESPISTE,0,1.0,0.0,2021,5,5,0,0.0,0.0,0.0
20211222,2021-05-15,10:10,PIURA,PE-1NJ,245.0,CHOQUE,0,0.0,10.0,2021,5,5,0,1.1,1.1,1.0
20211222,2021-05-15,21:20,MADRE DE DIOS,PE-30C,302.0,CHOQUE,0,2.0,21.0,2021,5,5,0,0.0,0.0,0.0
20211222,2021-05-15,05:30,APURIMAC,PE-3S,553.0,VOLCADURA,0,0.0,5.0,2021,5,5,0,0.0,0.0,0.0
20211222,2021-05-15,19:40,ANCASH,PE-3N,608.0,CHOQUE,2,1.0,19.0,2021,5,5,1,1.6,1.6,5.0
20211222,2021-05-15,08:20,LAMBAYEQUE,PE-1N,741.0,DESPISTE,0,0.0,8.0,2021,5,5,0,0.1,0.1,1.0
20211222,2021-05-15,18:15,AREQUIPA,PE-1S,813.0,CHOQUE,0,1.0,18.0,2021,5,5,0,0.0,0.0,0.0
20211222,2021-05-15,21:30,PIURA,PE-1NL,1116.0,CHOQUE,0,4.0,21.0,2021,5,5,0,1.1,1.1,1.0
20211222,2021-05-16,18:30,UCAYALI,PE-18C,15.0,ATROPELLO,0,1.0,18.0,2021,5,6,0,1.4,1.4,6.0
20211222,2021-05-16,18:35,UCAYALI,PE-18C,19.0,DESPISTE,0,1.0,18.0,2021,5,6,0,1.4,1.4,6.0
20211222,2021-05-16,18:40,CUSCO,PE-28G,24.0,VOLCADURA,0,0.0,18.0,2021,5,6,0,0.5,0.5,1.0
20211222,2021-05-16,18:35,JUNIN,PE-3N,29.0,CHOQUE,0,0.0,18.0,2021,5,6,0,0.2,0.2,2.0
20211222,2021-05-16,14:30,UCAYALI,PE-18C,34.0,CHOQUE,0,1.0,14.0,2021,5,6,0,1.4,1.4,6.0
20211222,2021-05-16,08:30,CAJAMARCA,PE-08B,46.0,CHOQUE,0,1.0,8.0,2021,5,6,0,6.9,6.9,8.0
20211222,2021-05-16,N.I.,LAMBAYEQUE,PE-1NJ,56.0,CHOQUE,1,0.0,,2021,5,6,1,0.6,0.6,4.0
20211222,2021-05-16,10:30,JUNIN,PE-3S,77.0,DESPISTE,0,1.0,10.0,2021,5,6,0,0.2,0.2,2.0
20211222,2021-05-16,N.I.,LIMA,PE-1N,77.0,CHOQUE,0,1.0,,2021,5,6,0,0.0,0.0,0.0
20211222,2021-05-16,N.I.,LIMA,PE-1N,82.0,DESPISTE,0,2.0,,2021,5,6,0,0.0,0.0,0.0
20211222,2021-05-16,11:40,AREQUIPA,PE-34A,100.0,DESPISTE,1,0.0,11.0,2021,5,6,1,0.0,0.0,0.0
20211222,2021-05-16,17:35,JUNIN,PE-22,138.0,CHOQUE,0,1.0,17.0,2021,5,6,0,0.2,0.2,2.0
20211222,2021-05-16,15:13,HUANCAVELICA,PE-3S,171.0,DESPISTE,3,0.0,15.0,2021,5,6,1,0.6,0.6,4.0
20211222,2021-05-16,20:00,AMAZONAS,PE-5N,277.0,DESPISTE,1,3.0,20.0,2021,5,6,1,0.1,0.1,1.0
20211222,2021-05-16,11:20,ANCASH,PE-1N,316.0,ESPECIAL,0,0.0,11.0,2021,5,6,0,0.2,0.2,2.0
20211222,2021-05-16,13:30,APURIMAC,PE-30A,428.0,CHOQUE,0,3.0,13.0,2021,5,6,0,1.0,1.0,6.0
20211222,2021-05-17,14:00,PIURA,PE-02,0.0,DESPISTE,0,1.0,14.0,2021,5,0,0,0.0,0.0,0.0
20211222,2021-05-17,03:20,AREQUIPA,PE-34A,9.0,CHOQUE,0,0.0,3.0,2021,5,0,0,0.0,0.0,0.0
20211222,2021-05-17,09:30,UCAYALI,PE-18C,24.0,CHOQUE,0,4.0,9.0,2021,5,0,0,3.5,3.5,13.0
20211222,2021-05-17,00:30,CAJAMARCA,PE-08,31.0,CHOQUE,0,1.0,0.0,2021,5,0,0,5.8,5.8,6.0
20211222,2021-05-17,19:45,LAMBAYEQUE,PE-1NJ,33.0,DESPISTE,0,0.0,19.0,2021,5,0,0,0.0,0.0,0.0
20211222,2021-05-17,00:30,LA LIBERTAD,PE-10A,53.0,DESPISTE,1,1.0,0.0,2021,5,0,1,0.0,0.0,0.0
20211222,2021-05-17,07:35,JUNIN,PE-3S,60.0,CHOQUE,0,0.0,7.0,2021,5,0,0,0.0,0.0,0.0
20211222,2021-05-17,05:30,CAJAMARCA,PE-08,78.0,DESPISTE,0,2.0,5.0,2021,5,0,0,5.8,5.8,6.0
20211222,2021-05-17,13:00,ANCASH,PE-16,98.0,CHOQUE,0,0.0,13.0,2021,5,0,0,1.0,1.0,6.0
20211222,2021-05-17,14:40,LAMBAYEQUE,PE-1NJ,149.0,DESPISTE,0,1.0,14.0,2021,5,0,0,0.0,0.0,0.0
20211222,2021-05-17,23:00,AMAZONAS,PE-5N,270.0,CHOQUE,0,0.0,23.0,2021,5,0,0,0.4,0.4,3.0
20211222,2021-05-17,07:00,AREQUIPA,PE-1S,690.0,DESPISTE,0,2.0,7.0,2021,5,0,0,0.0,0.0,0.0
20211222,2021-05-18,16:40,SAN MARTIN,PE-5NB,10.0,CHOQUE,0,0.0,16.0,2021,5,1,0,0.5,0.5,4.0
20211222,2021-05-18,08:20,LIMA,PE-1N,80.0,CHOQUE,0,1.0,8.0,2021,5,1,0,0.0,0.0,0.0
20211222,2021-05-18,21:55,CAJAMARCA,PE-3N,92.0,CHOQUE,1,0.0,21.0,2021,5,1,1,1.4,1.4,8.0
20211222,2021-05-18,15:15,ANCASH,PE-16,117.0,CHOQUE,0,3.0,15.0,2021,5,1,0,3.1,3.1,12.0
20211222,2021-05-18,20:20,LIMA,PE-22,120.0,DESPISTE,0,0.0,20.0,2021,5,1,0,0.0,0.0,0.0
20211222,2021-05-18,13:19,LIMA,PE-1N,128.0,DESPISTE,0,2.0,13.0,2021,5,1,0,0.0,0.0,0.0
20211222,2021-05-18,22:00,JUNIN,PE-22,160.0,VOLCADURA,0,1.0,22.0,2021,5,1,0,0.3,0.3,2.0
20211222,2021-05-18,07:00,ICA,PE-1S,183.0,CHOQUE,0,0.0,7.0,2021,5,1,0,0.0,0.0,0.0
20211222,2021-05-18,18:30,ICA,PE-1S,271.0,DESPISTE,0,0.0,18.0,2021,5,1,0,0.0,0.0,0.0
20211222,2021-05-18,21:30,MADRE DE DIOS,PE-30C,322.0,CHOQUE,0,0.0,21.0,2021,5,1,0,2.0,2.0,3.0
20211222,2021-05-18,11:30,ANCASH,PE-1N,408.0,DESPISTE,0,0.0,11.0,2021,5,1,0,3.1,3.1,12.0
20211222,2021-05-18,15:30,SAN MARTIN,PE-5N,450.0,ATROPELLO,0,2.0,15.0,2021,5,1,0,0.5,0.5,4.0
20211222,2021-05-18,18:10,CUSCO,PE-3S,965.0,CHOQUE,0,2.0,18.0,2021,5,1,0,0.0,0.0,0.0
20211222,2021-05-19,04:30,JUNIN,PE-3N,10.0,CHOQUE,0,2.0,4.0,2021,5,2,0,0.1,0.1,1.0
20211222,2021-05-19,19:00,JUNIN,PE-3S,57.0,DESPISTE,0,1.0,19.0,2021,5,2,0,0.1,0.1,1.0
20211222,2021-05-19,20:10,LIMA,PE-1S,103.0,DESPISTE,0,3.0,20.0,2021,5,2,0,0.0,0.0,0.0
20211222,2021-05-19,05:30,PIURA,PE-1NJ,223.0,CHOQUE,2,2.0,5.0,2021,5,2,1,0.0,0.0,0.0
20211222,2021-05-19,05:00,AYACUCHO,PE-28A,303.0,DESPISTE,0,2.0,5.0,2021,5,2,0,0.0,0.0,0.0
20211222,2021-05-19,07:00,ANCASH,PE-1N,373.0,CHOQUE,0,0.0,7.0,2021,5,2,0,0.4,0.4,3.0
20211222,2021-05-19,04:00,SAN MARTIN,PE-5N,667.0,DESPISTE,0,0.0,4.0,2021,5,2,0,0.5,0.5,3.0
20211222,2021-05-19,15:15,MOQUEGUA,PE-1S,1164.0,CHOQUE,0,2.0,15.0,2021,5,2,0,0.0,0.0,0.0
20211222,2021-05-20,09:20,LIMA,PE-1NB,1.0,VOLCADURA,0,1.0,9.0,2021,5,3,0,0.0,0.0,0.0
20211222,2021-05-20,01:30,LIMA,PE-1S,13.0,DESPISTE,0,1.0,1.0,2021,5,3,0,0.0,0.0,0.0
20211222,2021-05-20,19:00,LIMA,PE-1S,83.0,DESPISTE,0,2.0,19.0,2021,5,3,0,0.0,0.0,0.0
20211222,2021-05-20,20:07,LIMA,PE-1N,102.0,DESPISTE,0,1.0,20.0,2021,5,3,0,0.0,0.0,0.0
20211222,2021-05-20,13:50,JUNIN,PE-22,133.0,CHOQUE,0,0.0,13.0,2021,5,3,0,0.0,0.0,0.0
20211222,2021-05-20,23:30,CUSCO,PE-28B,142.0,DESPISTE,2,0.0,23.0,2021,5,3,1,0.6,0.6,2.0
20211222,2021-05-20,15:25,LIMA,PE-1N,143.0,CHOQUE,0,2.0,15.0,2021,5,3,0,0.0,0.0,0.0
20211222,2021-05-20,12:33,LIMA,PE-1N,144.0,CHOQUE,0,3.0,12.0,2021,5,3,0,0.0,0.0,0.0
20211222,2021-05-20,05:15,PIURA,PE-1NJ,202.0,CHOQUE,0,2.0,5.0,2021,5,3,0,0.0,0.0,0.0
20211222,2021-05-20,21:15,PUNO,PE-34A,202.0,CHOQUE,0,1.0,21.0,2021,5,3,0,0.0,0.0,0.0
20211222,2021-05-20,07:50,ANCASH,PE-1N,397.0,DESPISTE,0,10.0,7.0,2021,5,3,0,0.0,0.0,0.0
20211222,2021-05-20,12:00,LA LIBERTAD,PE-1N,552.0,CHOQUE,0,0.0,12.0,2021,5,3,0,0.2,0.2,2.0
20211222,2021-05-21,16:30,PASCO,PA-558,0.0,ESPECIAL,0,1.0,16.0,2021,5,4,0,0.1,0.1,1.0
20211222,2021-05-21,19:40,AREQUIPA,PE-34C,1.0,CHOQUE,0,2.0,19.0,2021,5,4,0,0.0,0.0,0.0
20211222,2021-05-21,22:50,ANCASH,PE-14A,6.0,CHOQUE,0,1.0,22.0,2021,5,4,0,0.2,0.2,1.0
20211222,2021-05-21,16:20,UCAYALI,PE-18C,26.0,DESPISTE,0,0.0,16.0,2021,5,4,0,0.2,0.2,2.0
20211222,2021-05-21,17:10,LIMA,PE-1N,45.0,CHOQUE,0,2.0,17.0,2021,5,4,0,0.0,0.0,0.0
20211222,2021-05-21,06:15,UCAYALI,PE-18C,52.0,CHOQUE,0,1.0,6.0,2021,5,4,0,0.2,0.2,2.0
20211222,2021-05-21,05:00,LA LIBERTAD,PE-10A,73.0,DESPISTE,0,0.0,5.0,2021,5,4,0,0.0,0.0,0.0
20211222,2021-05-21,20:50,TACNA,PE-1SD,114.0,CHOQUE,0,0.0,20.0,2021,5,4,0,0.0,0.0,0.0
20211222,2021-05-21,08:20,JUNIN,PE-22B,117.0,DESPISTE,0,3.0,8.0,2021,5,4,0,0.0,0.0,0.0
20211222,2021-05-21,16:00,MADRE DE DIOS,PE-30C,326.0,CHOQUE,0,1.0,16.0,2021,5,4,0,1.5,1.5,10.0
20211222,2021-05-21,03:30,ANCASH,PE-1N,399.0,DESPISTE,0,0.0,3.0,2021,5,4,0,0.2,0.2,1.0
20211222,2021-05-21,21:20,AREQUIPA,PE-1S,977.0,CHOQUE,0,2.0,21.0,2021,5,4,0,0.0,0.0,0.0
20211222,2021-05-22,05:30,LIMA,PE-1N,0.0,ESPECIAL,0,0.0,5.0,2021,5,5,0,0.0,0.0,0.0
20211222,2021-05-22,16:05,CAJAMARCA,PE-5N,23.0,DESPISTE,0,0.0,16.0,2021,5,5,0,1.4,1.4,3.0
20211222,2021-05-22,16:25,LORETO,LO-103,33.0,ATROPELLO,1,0.0,16.0,2021,5,5,1,4.8,4.8,9.0
20211222,2021-05-22,18:45,LA LIBERTAD,PE-10A,56.0,DESPISTE,3,0.0,18.0,2021,5,5,1,0.0,0.0,0.0
20211222,2021-05-22,00:10,LIMA,PE-1S,60.0,ESPECIAL,0,0.0,0.0,2021,5,5,0,0.0,0.0,0.0
20211222,2021-05-22,14:30,LIMA,PE-1N,97.0,CHOQUE,0,0.0,14.0,2021,5,5,0,0.0,0.0,0.0
20211222,2021-05-22,20:20,LIMA,PE-22,103.0,CHOQUE,0,0.0,20.0,2021,5,5,0,0.0,0.0,0.0
20211222,2021-05-22,03:50,MOQUEGUA,PE-36A,106.0,DESPISTE,0,0.0,3.0,2021,5,5,0,0.0,0.0,0.0
20211222,2021-05-22,06:00,ICA,PE-1S,223.0,ATROPELLO,0,1.0,6.0,2021,5,5,0,0.0,0.0,0.0
20211222,2021-05-22,16:40,ICA,PE-1S,270.0,CHOQUE,0,4.0,16.0,2021,5,5,0,0.0,0.0,0.0
20211222,2021-05-22,23:14,ICA,PE-1S,275.0,ESPECIAL,0,0.0,23.0,2021,5,5,0,0.0,0.0,0.0
20211222,2021-05-22,10:15,APURIMAC,PE-30A,284.0,CHOQUE,1,0.0,10.0,2021,5,5,1,0.0,0.0,0.0
20211222,2021-05-22,00:18,LA LIBERTAD,PE-1N,544.0,DESPISTE,0,2.0,0.0,2021,5,5,0,0.0,0.0,0.0
20211222,2021-05-22,10:00,AREQUIPA,PE-1S,924.0,DESPISTE,0,1.0,10.0,2021,5,5,0,0.0,0.0,0.0
20211222,2021-05-22,14:45,AREQUIPA,PE-1S,977.0,DESPISTE,0,0.0,14.0,2021,5,5,0,0.0,0.0,0.0
20211222,2021-05-22,21:00,PUNO,PE-3S,1200.0,VOLCADURA,0,4.0,21.0,2021,5,5,0,0.0,0.0,0.0
20211222,2021-05-22,09:10,TACNA,PE-1S,1251.0,DESPISTE,0,1.0,9.0,2021,5,5,0,0.0,0.0,0.0
20211222,2021-05-23,21:00,CAJAMARCA,PE-5N,13.0,CHOQUE,1,0.0,21.0,2021,5,6,1,5.4,5.4,8.0
20211222,2021-05-23,15:30,AMAZONAS,PE-08C,35.0,DESPISTE,0,1.0,15.0,2021,5,6,0,2.1,2.1,8.0
20211222,2021-05-23,08:00,AREQUIPA,PE-1SJ,48.0,DESPISTE,0,0.0,8.0,2021,5,6,0,0.0,0.0,0.0
20211222,2021-05-23,06:50,CAJAMARCA,PE-08,48.0,DESPISTE,0,0.0,6.0,2021,5,6,0,5.4,5.4,8.0
20211222,2021-05-23,15:45,LIMA,PE-1S,56.0,DESPISTE,0,1.0,15.0,2021,5,6,0,0.0,0.0,0.0
20211222,2021-05-23,12:20,CAJAMARCA,PE-08,81.0,DESPISTE,0,1.0,12.0,2021,5,6,0,5.4,5.4,8.0
20211222,2021-05-23,N.I.,LIMA,PE-1N,81.0,DESPISTE,0,1.0,,2021,5,6,0,0.0,0.0,0.0
20211222,2021-05-23,00:15,LIMA,PE-22,84.0,CHOQUE,0,3.0,0.0,2021,5,6,0,0.0,0.0,0.0
20211222,2021-05-23,09:30,CAJAMARCA,PE-3N,94.0,DESPISTE,0,0.0,9.0,2021,5,6,0,5.4,5.4,8.0
20211222,2021-05-23,18:30,LIMA,PE-22,110.0,CHOQUE,0,0.0,18.0,2021,5,6,0,0.0,0.0,0.0
20211222,2021-05-23,20:15,LIMA,PE-1S,116.0,CHOQUE,0,2.0,20.0,2021,5,6,0,0.0,0.0,0.0
20211222,2021-05-23,21:30,JUNIN,PE-22,138.0,DESPISTE,0,0.0,21.0,2021,5,6,0,3.1,3.1,8.0
20211222,2021-05-23,17:00,LIMA,PE-1N,138.0,CHOQUE,0,0.0,17.0,2021,5,6,0,0.0,0.0,0.0
20211222,2021-05-23,22:45,PASCO,PE-3N,142.0,DESPISTE,0,3.0,22.0,2021,5,6,0,1.5,1.5,7.0
20211222,2021-05-23,19:55,ANCASH,PE-1N,257.0,ESPECIAL,0,0.0,19.0,2021,5,6,0,0.4,0.4,4.0
20211222,2021-05-23,13:20,ICA,PE-1S,428.0,DESPISTE,0,3.0,13.0,2021,5,6,0,0.0,0.0,0.0
20211222,2021-05-23,11:30,ICA,PE-1S,453.0,CHOQUE,0,4.0,11.0,2021,5,6,0,0.0,0.0,0.0
20211222,2021-05-23,09:00,SAN MARTIN,PE-5N,484.0,DESPISTE,0,0.0,9.0,2021,5,6,0,1.3,1.3,8.0
20211222,2021-05-23,17:45,LA LIBERTAD,PE-1N,502.0,CHOQUE,1,1.0,17.0,2021,5,6,1,0.0,0.0,0.0
20211222,2021-05-23,14:15,AREQUIPA,PE-1S,630.0,DESPISTE,0,1.0,14.0,2021,5,6,0,0.0,0.0,0.0
20211222,2021-05-23,11:35,AREQUIPA,PE-1S,740.0,DESPISTE,0,0.0,11.0,2021,5,6,0,0.0,0.0,0.0
20211222,2021-05-24,10:00,JUNIN,PE-5S,14.0,CHOQUE,1,0.0,10.0,2021,5,0,1,2.0,2.0,9.0
20211222,2021-05-24,14:00,MOQUEGUA,PE-36A,30.0,DESPISTE,0,0.0,14.0,2021,5,0,0,0.0,0.0,0.0
20211222,2021-05-24,07:30,TACNA,PE-1SD,54.0,CHOQUE,0,1.0,7.0,2021,5,0,0,0.0,0.0,0.0
20211222,2021-05-24,15:00,LIMA,PE-1S,61.0,CHOQUE,0,0.0,15.0,2021,5,0,0,0.0,0.0,0.0
20211222,2021-05-24,04:30,LIMA,PE-22,111.0,DESPISTE,0,2.0,4.0,2021,5,0,0,0.0,0.0,0.0
20211222,2021-05-24,17:45,CUSCO,PE-30C,199.0,DESPISTE,0,4.0,17.0,2021,5,0,0,0.7,0.7,5.0
20211222,2021-05-24,04:40,PIURA,PE-1NJ,199.0,DESPISTE,0,2.0,4.0,2021,5,0,0,0.0,0.0,0.0
20211222,2021-05-24,15:10,ANCASH,PE-1N,278.0,DESPISTE,0,4.0,15.0,2021,5,0,0,1.8,1.8,3.0
20211222,2021-05-24,16:45,ICA,PE-1S,424.0,ESPECIAL,0,0.0,16.0,2021,5,0,0,0.0,0.0,0.0
20211222,2021-05-24,06:30,LA LIBERTAD,PE-1N,528.0,CHOQUE,0,6.0,6.0,2021,5,0,0,0.0,0.0,0.0
20211222,2021-05-24,09:13,ANCASH,PE-3N,607.0,DESPISTE,0,0.0,9.0,2021,5,0,0,1.8,1.8,3.0
20211222,2021-05-24,19:15,SAN MARTIN,PE-5N,654.0,CHOQUE,0,1.0,19.0,2021,5,0,0,2.0,2.0,10.0
20211222,2021-05-24,08:50,APURIMAC,PE-3S,779.0,DESPISTE,0,0.0,8.0,2021,5,0,0,0.7,0.7,4.0
20211222,2021-05-24,03:30,LAMBAYEQUE,PE-1N,813.0,DESPISTE,0,1.0,3.0,2021,5,0,0,0.0,0.0,0.0
20211222,2021-05-25,10:30,CAJAMARCA,PE-08B,9.0,DESPISTE,0,6.0,10.0,2021,5,1,0,0.3,0.3,3.0
20211222,2021-05-25,N.I.,LIMA,PE-1NB,13.0,CHOQUE,0,2.0,,2021,5,1,0,0.0,0.0,0.0
20211222,2021-05-25,06:00,PASCO,PE-5N,50.0,DESPISTE,0,0.0,6.0,2021,5,1,0,4.9,3.8,14.0
20211222,2021-05-25,06:30,LIMA,PE-1S,63.0,DESPISTE,0,2.0,6.0,2021,5,1,0,0.0,0.0,0.0
20211222,2021-05-25,10:00,CUSCO,PE-28G,68.0,CHOQUE,0,0.0,10.0,2021,5,1,0,5.3,4.9,6.0
20211222,2021-05-25,03:00,LAMBAYEQUE,PE-1NJ,87.0,CHOQUE,0,3.0,3.0,2021,5,1,0,0.0,0.0,0.0
20211222,2021-05-25,04:30,LIMA,PE-1N,87.0,CHOQUE,0,0.0,4.0,2021,5,1,0,0.0,0.0,0.0
20211222,2021-05-25,14:50,LIMA,PE-22,95.0,CHOQUE,0,1.0,14.0,2021,5,1,0,0.0,0.0,0.0
20211222,2021-05-25,12:40,LIMA,PE-22,124.0,CHOQUE,0,0.0,12.0,2021,5,1,0,0.0,0.0,0.0
20211222,2021-05-25,17:20,LIMA,PE-1N,200.0,CHOQUE,0,2.0,17.0,2021,5,1,0,0.0,0.0,0.0
20211222,2021-05-25,14:40,ANCASH,PE-1N,321.0,DESPISTE,0,1.0,14.0,2021,5,1,0,0.5,0.5,4.0
20211222,2021-05-25,21:45,AYACUCHO,PE-3S,419.0,DESPISTE,0,2.0,21.0,2021,5,1,0,2.1,2.1,11.0
20211222,2021-05-25,12:45,AREQUIPA,PE-1S,604.0,CHOQUE,1,0.0,12.0,2021,5,1,1,0.0,0.0,0.0
20211222,2021-05-25,00:50,LA LIBERTAD,PE-1N,695.0,CHOQUE,0,0.0,0.0,2021,5,1,0,0.0,0.0,0.0
20211222,2021-05-25,17:50,LAMBAYEQUE,PE-1N,819.0,CHOQUE,2,1.0,17.0,2021,5,1,1,0.0,0.0,0.0
20211222,2021-05-25,22:50,APURIMAC,PE-3S,838.0,CHOQUE,0,1.0,22.0,2021,5,1,0,4.0,4.0,11.0
20211222,2021-05-25,20:06,AREQUIPA,PE-1S,978.0,CHOQUE,0,2.0,20.0,2021,5,1,0,0.0,0.0,0.0
20211222,2021-05-25,04:30,AREQUIPA,PE-1S,1012.0,CHOQUE,5,6.0,4.0,2021,5,1,1,0.0,0.0,0.0
20211222,2021-05-25,09:30,TACNA,PE-1S,1290.0,DESPISTE,0,3.0,9.0,2021,5,1,0,0.0,0.0,0.0
20211222,2021-05-26,07:40,ICA,IC-505,11.0,CHOQUE,0,2.0,7.0,2021,5,2,0,0.1,0.1,1.0
20211222,2021-05-26,05:15,LIMA,PE-1S,21.0,DESPISTE,0,0.0,5.0,2021,5,2,0,0.0,0.0,0.0
20211222,2021-05-26,22:45,LIMA,PE-1NB,53.0,CHOQUE,0,2.0,22.0,2021,5,2,0,0.0,0.0,0.0
20211222,2021-05-26,15:00,LIMA,PE-1N,123.0,CHOQUE,0,1.0,15.0,2021,5,2,0,0.0,0.0,0.0
20211222,2021-05-26,07:30,AREQUIPA,PE-34A,163.0,DESPISTE,0,2.0,7.0,2021,5,2,0,0.0,0.0,0.0
20211222,2021-05-26,15:20,MOQUEGUA,PE-36A,168.0,CHOQUE,0,1.0,15.0,2021,5,2,0,0.0,0.0,0.0
20211222,2021-05-26,18:50,CUSCO,PE-28G,224.0,CHOQUE,0,1.0,18.0,2021,5,2,0,0.6,0.6,5.0
20211222,2021-05-26,08:20,MOQUEGUA,PE-1SD,224.0,DESPISTE,0,0.0,8.0,2021,5,2,0,0.0,0.0,0.0
20211222,2021-05-26,11:23,AYACUCHO,PE-3S,229.0,DESPISTE,0,0.0,11.0,2021,5,2,0,0.0,0.0,0.0
20211222,2021-05-26,19:00,MADRE DE DIOS,PE-30C,320.0,CHOQUE,0,0.0,19.0,2021,5,2,0,0.0,0.0,0.0
20211222,2021-05-26,07:40,HUANUCO,PE-5N,468.0,DESPISTE,0,1.0,7.0,2021,5,2,0,0.0,0.0,0.0
20211222,2021-05-26,18:00,PUNO,PE-3S,1351.0,CHOQUE,0,2.0,18.0,2021,5,2,0,0.0,0.0,0.0
20211222,2021-05-27,19:00,UCAYALI,PE-5SA,24.0,CHOQUE,0,1.0,19.0,2021,5,3,0,0.0,0.0,0.0
20211222,2021-05-27,12:27,AREQUIPA,PE-34A,83.0,CHOQUE,0,3.0,12.0,2021,5,3,0,0.0,0.0,0.0
20211222,2021-05-27,19:00,LIMA,PE-1S,107.0,CHOQUE,0,1.0,19.0,2021,5,3,0,0.0,0.0,0.0
20211222,2021-05-27,19:20,LIMA,PE-1S,108.0,CHOQUE,0,2.0,19.0,2021,5,3,0,0.0,0.0,0.0
20211222,2021-05-27,18:30,AREQUIPA,PE-34A,117.0,DESPISTE,0,0.0,18.0,2021,5,3,0,0.0,0.0,0.0
20211222,2021-05-27,07:10,AYACUCHO,PE-30A,117.0,CHOQUE,0,0.0,7.0,2021,5,3,0,0.0,0.0,0.0
20211222,2021-05-27,02:00,PIURA,PE-1N,138.0,DESPISTE,0,0.0,2.0,2021,5,3,0,0.0,0.0,0.0
20211222,2021-05-27,07:00,JUNIN,PE-3S,154.0,DESPISTE,0,1.0,7.0,2021,5,3,0,0.0,0.0,0.0
20211222,2021-05-27,01:40,AREQUIPA,PE-34A,185.0,CHOQUE,1,0.0,1.0,2021,5,3,1,0.0,0.0,0.0
20211222,2021-05-27,10:45,ANCASH,PE-1N,411.0,CHOQUE,0,1.0,10.0,2021,5,3,0,0.0,0.0,0.0
20211222,2021-05-28,19:30,CAJAMARCA,PE-3N,6.0,ATROPELLO,0,0.0,19.0,2021,5,4,0,0.0,0.0,0.0
20211222,2021-05-28,17:45,AREQUIPA,PE-1SD,13.0,CHOQUE,1,3.0,17.0,2021,5,4,1,0.0,0.0,0.0
20211222,2021-05-28,10:30,LORETO,LO-103,15.0,CHOQUE,0,0.0,10.0,2021,5,4,0,0.4,0.4,4.0
20211222,2021-05-28,20:20,UCAYALI,PE-18C,15.0,DESPISTE,0,1.0,20.0,2021,5,4,0,0.0,0.0,0.0
20211222,2021-05-28,18:50,LIMA,PE-1S,24.0,ATROPELLO,0,0.0,18.0,2021,5,4,0,0.0,0.0,0.0
20211222,2021-05-28,07:50,JUNIN,PE-3SA,26.0,CHOQUE,0,0.0,7.0,2021,5,4,0,0.0,0.0,0.0
20211222,2021-05-28,06:00,PUNO,PE-34B,37.0,DESPISTE,3,0.0,6.0,2021,5,4,1,1.0,1.0,3.0
20211222,2021-05-28,12:30,LORETO,LO-103,41.0,DESPISTE,0,2.0,12.0,2021,5,4,0,0.4,0.4,4.0
20211222,2021-05-28,21:00,LIMA,PE-1N,59.0,ATROPELLO,0,1.0,21.0,2021,5,4,0,0.0,0.0,0.0
20211222,2021-05-28,11:45,LIMA,PE-1S,92.0,CHOQUE,0,0.0,11.0,2021,5,4,0,0.0,0.0,0.0
20211222,2021-05-28,23:00,JUNIN,PE-5S,99.0,CHOQUE,2,4.0,23.0,2021,5,4,1,0.0,0.0,0.0
20211222,2021-05-28,20:50,LIMA,PE-22,103.0,CHOQUE,0,1.0,20.0,2021,5,4,0,0.0,0.0,0.0
20211222,2021-05-28,13:30,CUSCO,PE-28B,116.0,CHOQUE,0,0.0,13.0,2021,5,4,0,0.0,0.0,0.0
20211222,2021-05-28,17:00,ANCASH,PE-16,124.0,CHOQUE,0,2.0,17.0,2021,5,4,0,0.0,0.0,0.0
20211222,2021-05-28,15:00,LIMA,PE-22,132.0,DESPISTE,0,4.0,15.0,2021,5,4,0,0.0,0.0,0.0
20211222,2021-05-28,07:30,JUNIN,PE-24A,153.0,DESPISTE,2,4.0,7.0,2021,5,4,1,0.0,0.0,0.0
20211222,2021-05-28,00:55,LIMA,PE-1S,166.0,CHOQUE,2,0.0,0.0,2021,5,4,1,0.0,0.0,0.0
20211222,2021-05-28,17:55,AREQUIPA,PE-34A,179.0,DESPISTE,0,0.0,17.0,2021,5,4,0,0.0,0.0,0.0
20211222,2021-05-28,01:50,ANCASH,PE-1N,240.0,DESPISTE,0,1.0,1.0,2021,5,4,0,0.0,0.0,0.0
20211222,2021-05-28,08:45,CUSCO,PE-28B,362.0,DESPISTE,0,0.0,8.0,2021,5,4,0,0.0,0.0,0.0
20211222,2021-05-28,10:00,ICA,PE-1S,377.0,CHOQUE,0,6.0,10.0,2021,5,4,0,0.0,0.0,0.0
20211222,2021-05-28,16:45,LA LIBERTAD,PE-1N,479.0,DESPISTE,0,1.0,16.0,2021,5,4,0,0.0,0.0,0.0
20211222,2021-05-28,10:50,MADRE DE DIOS,PE-30C,517.0,DESPISTE,0,0.0,10.0,2021,5,4,0,0.0,0.0,0.0
20211222,2021-05-28,19:00,LA LIBERTAD,PE-1N,544.0,CHOQUE,0,1.0,19.0,2021,5,4,0,0.0,0.0,0.0
20211222,2021-05-28,08:20,LA LIBERTAD,PE-1N,580.0,CHOQUE,0,2.0,8.0,2021,5,4,0,0.0,0.0,0.0
20211222,2021-05-28,19:30,AREQUIPA,PE-1S,768.0,CHOQUE,0,1.0,19.0,2021,5,4,0,0.0,0.0,0.0
20211222,2021-05-28,18:30,AREQUIPA,PE-1S,796.0,DESPISTE,0,0.0,18.0,2021,5,4,0,0.0,0.0,0.0
20211222,2021-05-28,04:40,LAMBAYEQUE,PE-1N,848.0,CHOQUE,0,3.0,4.0,2021,5,4,0,0.0,0.0,0.0
20211222,2021-05-28,02:30,AREQUIPA,PE-1S,865.0,DESPISTE,0,2.0,2.0,2021,5,4,0,0.0,0.0,0.0
20211222,2021-05-28,08:15,PUNO,PE-3S,1381.0,CHOQUE,0,5.0,8.0,2021,5,4,0,1.0,1.0,3.0
20211222,2021-05-29,22:18,CAJAMARCA,PE-3N,5.0,CHOQUE,0,1.0,22.0,2021,5,5,0,0.0,0.0,0.0
20211222,2021-05-29,10:50,LIMA,PE-1S,20.0,CHOQUE,0,1.0,10.0,2021,5,5,0,0.1,0.1,1.0
20211222,2021-05-29,14:30,PIURA,PE-1N,40.0,CHOQUE,0,0.0,14.0,2021,5,5,0,0.0,0.0,0.0
20211222,2021-05-29,05:00,LIMA,PE-22,52.0,DESPISTE,0,2.0,5.0,2021,5,5,0,0.1,0.1,1.0
20211222,2021-05-29,20:05,JUNIN,PE-5S,60.0,CHOQUE,1,0.0,20.0,2021,5,5,1,0.0,0.0,0.0
20211222,2021-05-29,19:00,LIMA,PE-1N,81.0,CHOQUE,0,2.0,19.0,2021,5,5,0,0.1,0.1,1.0
20211222,2021-05-29,01:40,HUANUCO,PE-18A,83.0,DESPISTE,0,0.0,1.0,2021,5,5,0,0.2,0.2,2.0
20211222,2021-05-29,06:00,AREQUIPA,PE-34A,126.0,DESPISTE,0,1.0,6.0,2021,5,5,0,0.0,0.0,0.0
20211222,2021-05-29,13:30,LIMA,PE-1S,135.0,CHOQUE,0,1.0,13.0,2021,5,5,0,0.1,0.1,1.0
20211222,2021-05-29,06:30,PASCO,PE-3N,136.0,DESPISTE,0,1.0,6.0,2021,5,5,0,0.0,0.0,0.0
20211222,2021-05-29,20:10,LIMA,PE-1N,180.0,CHOQUE,0,1.0,20.0,2021,5,5,0,0.1,0.1,1.0
20211222,2021-05-29,21:05,LIMA,PE-1N,183.0,CHOQUE,2,0.0,21.0,2021,5,5,1,0.1,0.1,1.0
20211222,2021-05-29,13:25,ANCASH,PE-1N,237.0,DESPISTE,1,4.0,13.0,2021,5,5,1,0.0,0.0,0.0
20211222,2021-05-29,05:00,AYACUCHO,PE-30A,262.0,DESPISTE,0,0.0,5.0,2021,5,5,0,0.0,0.0,0.0
20211222,2021-05-29,14:40,ICA,PE-1S,319.0,CHOQUE,0,3.0,14.0,2021,5,5,0,0.0,0.0,0.0
20211222,2021-05-29,08:00,ANCASH,PE-1N,344.0,DESPISTE,0,0.0,8.0,2021,5,5,0,0.0,0.0,0.0
20211222,2021-05-29,19:20,SAN MARTIN,PE-5N,505.0,CHOQUE,0,2.0,19.0,2021,5,5,0,0.1,0.1,1.0
20211222,2021-05-29,20:25,AREQUIPA,PE-1S,624.0,CHOQUE,2,0.0,20.0,2021,5,5,1,0.0,0.0,0.0
20211222,2021-05-29,17:50,LAMBAYEQUE,PE-1N,841.0,CHOQUE,0,0.0,17.0,2021,5,5,0,0.0,0.0,0.0
20211222,2021-05-29,10:30,AREQUIPA,PE-1S,954.0,DESPISTE,0,1.0,10.0,2021,5,5,0,0.0,0.0,0.0
20211222,2021-05-29,02:40,TACNA,PE-1S,1224.0,CHOQUE,0,0.0,2.0,2021,5,5,0,0.0,0.0,0.0
20211222,2021-05-30,13:00,ANCASH,PE-3N,12.0,N.I.,1,2.0,13.0,2021,5,6,1,0.2,0.2,2.0
20211222,2021-05-30,14:00,UCAYALI,PE-18C,15.0,DESPISTE,0,1.0,14.0,2021,5,6,0,0.3,0.3,2.0
20211222,2021-05-30,06:45,UCAYALI,PE-18C,17.0,CHOQUE,0,2.0,6.0,2021,5,6,0,0.3,0.3,2.0
20211222,2021-05-30,00:30,LAMBAYEQUE,PE-1NJ,50.0,DESPISTE,0,2.0,0.0,2021,5,6,0,0.0,0.0,0.0
20211222,2021-05-30,04:30,LIMA,PE-1N,75.0,ATROPELLO,0,0.0,4.0,2021,5,6,0,0.0,0.0,0.0
20211222,2021-05-30,12:30,JUNIN,PE-3NG,85.0,DESPISTE,0,28.0,12.0,2021,5,6,0,0.1,0.1,1.0
20211222,2021-05-30,07:15,AREQUIPA,PE-34A,88.0,CHOQUE,0,0.0,7.0,2021,5,6,0,0.0,0.0,0.0
20211222,2021-05-30,16:00,CAJAMARCA,PE-08B,95.0,DESPISTE,0,1.0,16.0,2021,5,6,0,0.2,0.2,2.0
20211222,2021-05-30,18:05,JUNIN,PE-5S,104.0,CHOQUE,0,3.0,18.0,2021,5,6,0,0.1,0.1,1.0
20211222,2021-05-30,09:30,HUANUCO,PE-18A,134.0,CHOQUE,0,2.0,9.0,2021,5,6,0,0.8,0.8,7.0
20211222,2021-05-30,06:40,LIMA,PE-1S,151.0,DESPISTE,0,0.0,6.0,2021,5,6,0,0.0,0.0,0.0
20211222,2021-05-30,06:50,AREQUIPA,PE-34A,173.0,DESPISTE,0,0.0,6.0,2021,5,6,0,0.0,0.0,0.0
20211222,2021-05-30,11:50,TUMBES,PE-1N,199.0,DESPISTE,0,1.0,11.0,2021,5,6,0,0.0,0.0,0.0
20211222,2021-05-30,04:30,ICA,PE-1S,200.0,CHOQUE,0,1.0,4.0,2021,5,6,0,0.0,0.0,0.0
20211222,2021-05-30,19:40,PIURA,PE-1NJ,208.0,CHOQUE,0,1.0,19.0,2021,5,6,0,0.0,0.0,0.0
20211222,2021-05-30,06:45,PUNO,PE-34A,223.0,DESPISTE,0,0.0,6.0,2021,5,6,0,0.0,0.0,0.0
20211222,2021-05-30,17:30,PUNO,PE-34B,274.0,DESPISTE,0,3.0,17.0,2021,5,6,0,0.0,0.0,0.0
20211222,2021-05-30,14:00,HUANUCO,PE-3N,372.0,CHOQUE,0,2.0,14.0,2021,5,6,0,0.8,0.8,7.0
20211222,2021-05-30,11:20,LA LIBERTAD,PE-1N,485.0,ESPECIAL,0,1.0,11.0,2021,5,6,0,0.0,0.0,0.0
20211222,2021-05-30,13:30,CUSCO,PE-3S,912.0,DESPISTE,0,0.0,13.0,2021,5,6,0,0.0,0.0,0.0
20211222,2021-05-30,18:20,PUNO,PE-3S,1212.0,CHOQUE,0,4.0,18.0,2021,5,6,0,0.0,0.0,0.0
20211222,2021-05-31,19:30,AREQUIPA,PE-34C,4.0,DESPISTE,0,0.0,19.0,2021,5,0,0,0.0,0.0,0.0
20211222,2021-05-31,07:15,UCAYALI,PE-18C,50.0,CHOQUE,0,0.0,7.0,2021,5,0,0,22.0,22.0,16.0
20211222,2021-05-31,19:30,ANCASH,PE-14A,68.0,DESPISTE,0,1.0,19.0,2021,5,0,0,0.3,0.3,2.0
20211222,2021-05-31,16:00,LAMBAYEQUE,PE-1NJ,86.0,CHOQUE,0,1.0,16.0,2021,5,0,0,0.0,0.0,0.0
20211222,2021-05-31,12:22,MOQUEGUA,PE-36A,108.0,DESPISTE,0,2.0,12.0,2021,5,0,0,0.0,0.0,0.0
20211222,2021-05-31,02:15,PUNO,PE-34A,175.0,CHOQUE,0,0.0,2.0,2021,5,0,0,0.0,0.0,0.0
20211222,2021-05-31,11:20,PUNO,PE-36A,304.0,ATROPELLO,0,1.0,11.0,2021,5,0,0,0.0,0.0,0.0
20211222,2021-05-31,09:15,UCAYALI,PE-18C,510.0,CHOQUE,0,0.0,9.0,2021,5,0,0,22.0,22.0,16.0
20211222,2021-05-31,16:30,SAN MARTIN,PE-5N,559.0,DESPISTE,0,5.0,16.0,2021,5,0,0,1.5,1.5,5.0
20211222,2021-05-31,07:00,LA LIBERTAD,PE-1N,561.0,CHOQUE,0,2.0,7.0,2021,5,0,0,0.0,0.0,0.0
20211222,2021-05-31,12:20,CAJAMARCA,PE-3N,1561.0,ESPECIAL,0,2.0,12.0,2021,5,0,0,1.4,1.4,6.0
20211222,2021-06-01,02:20,JUNIN,PE-3N,3.0,DESPISTE,0,0.0,2.0,2021,6,1,0,0.0,0.0,0.0
20211222,2021-06-01,22:50,CAJAMARCA,PE-08B,12.0,CHOQUE,0,0.0,22.0,2021,6,1,0,0.3,0.3,2.0
20211222,2021-06-01,06:00,JUNIN,PE-3S,13.0,DESPISTE,0,0.0,6.0,2021,6,1,0,0.0,0.0,0.0
20211222,2021-06-01,18:10,PIURA,PE-02,30.0,DESPISTE,0,1.0,18.0,2021,6,1,0,0.0,0.0,0.0
20211222,2021-06-01,11:40,LIMA,PE-1N,47.0,DESPISTE,0,1.0,11.0,2021,6,1,0,0.0,0.0,0.0
20211222,2021-06-01,22:57,PIURA,PE-1N,126.0,DESPISTE,0,0.0,22.0,2021,6,1,0,0.0,0.0,0.0
20211222,2021-06-01,16:20,PASCO,PE-3N,139.0,CHOQUE,0,1.0,16.0,2021,6,1,0,0.7,0.7,4.0
20211222,2021-06-01,17:55,LIMA,PE-1S,156.0,DESPISTE,0,0.0,17.0,2021,6,1,0,0.0,0.0,0.0
20211222,2021-06-01,07:30,AYACUCHO,PE-30A,253.0,CHOQUE,0,0.0,7.0,2021,6,1,0,0.0,0.0,0.0
20211222,2021-06-01,17:00,ANCASH,PE-1N,391.0,DESPISTE,0,0.0,17.0,2021,6,1,0,1.3,1.3,3.0
20211222,2021-06-01,04:00,LA LIBERTAD,PE-1N,450.0,ATROPELLO,0,0.0,4.0,2021,6,1,0,0.0,0.0,0.0
20211222,2021-06-01,23:30,LAMBAYEQUE,PE-1N,830.0,CHOQUE,0,1.0,23.0,2021,6,1,0,0.0,0.0,0.0
20211222,2021-06-02,16:40,CAJAMARCA,PE-08,40.0,DESPISTE,0,0.0,16.0,2021,6,2,0,0.8,0.8,3.0
20211222,2021-06-02,14:30,JUNIN,PE-3N,48.0,CHOQUE,0,2.0,14.0,2021,6,2,0,0.0,0.0,0.0
20211222,2021-06-02,14:45,JUNIN,PE-3N,49.0,DESPISTE,0,1.0,14.0,2021,6,2,0,0.0,0.0,0.0
20211222,2021-06-02,08:20,LIMA,PE-1N,110.0,CHOQUE,0,0.0,8.0,2021,6,2,0,0.2,0.2,2.0
20211222,2021-06-02,07:50,LIMA,PE-22,119.0,DESPISTE,0,0.0,7.0,2021,6,2,0,0.2,0.2,2.0
20211222,2021-06-02,14:00,LIMA,PE-1N,143.0,DESPISTE,0,0.0,14.0,2021,6,2,0,0.2,0.2,2.0
20211222,2021-06-02,21:20,LIMA,PE-1N,153.0,ATROPELLO,1,0.0,21.0,2021,6,2,1,0.2,0.2,2.0
20211222,2021-06-02,02:30,JUNIN,PE-22,168.0,DESPISTE,0,5.0,2.0,2021,6,2,0,0.0,0.0,0.0
20211222,2021-06-02,04:00,ANCASH,PE-1N,272.0,DESPISTE,0,0.0,4.0,2021,6,2,0,0.8,0.8,3.0
20211222,2021-06-02,00:15,ICA,PE-1S,325.0,CHOQUE,0,1.0,0.0,2021,6,2,0,0.0,0.0,0.0
20211222,2021-06-02,17:45,ICA,PE-1S,351.0,CHOQUE,0,2.0,17.0,2021,6,2,0,0.0,0.0,0.0
20211222,2021-06-02,13:50,ICA,PE-1S,364.0,CHOQUE,0,2.0,13.0,2021,6,2,0,0.0,0.0,0.0
20211222,2021-06-02,08:30,ANCASH,PE-1N,372.0,DESPISTE,0,2.0,8.0,2021,6,2,0,0.8,0.8,3.0
20211222,2021-06-02,12:00,LA LIBERTAD,PE-1N,580.0,CHOQUE,1,2.0,12.0,2021,6,2,1,0.0,0.0,0.0
20211222,2021-06-02,19:30,SAN MARTIN,PE-5N,705.0,DESPISTE,0,1.0,19.0,2021,6,2,0,1.4,1.4,8.0
20211222,2021-06-02,11:00,SAN MARTIN,PE-5N,753.0,ATROPELLO,0,1.0,11.0,2021,6,2,0,1.4,1.4,8.0
20211222,2021-06-02,09:46,TACNA,PE-1S,1245.0,DESPISTE,0,1.0,9.0,2021,6,2,0,0.0,0.0,0.0
20211222,2021-06-02,18:00,TACNA,PE-1S,1331.0,CHOQUE,3,1.0,18.0,2021,6,2,1,0.0,0.0,0.0
20211222,2021-06-03,01:30,LIMA,PE-1S,4.0,CHOQUE,0,1.0,1.0,2021,6,3,0,0.0,0.0,0.0
20211222,2021-06-03,19:30,LA LIBERTAD,PE-1N,618.0,DESPISTE,0,0.0,19.0,2021,6,3,0,0.0,0.0,0.0
20211222,2021-06-03,21:05,SAN MARTIN,PE-5N,639.0,DESPISTE,0,1.0,21.0,2021,6,3,0,3.1,3.1,11.0
20211222,2021-06-03,08:00,CUSCO,PE-3S,931.0,CHOQUE,1,0.0,8.0,2021,6,3,1,0.2,0.2,1.0
20211222,2021-06-03,11:15,CUSCO,PE-3S,942.0,CHOQUE,0,3.0,11.0,2021,6,3,0,0.2,0.2,1.0
20211222,2021-06-03,05:50,AREQUIPA,PE-1S,990.0,ATROPELLO,0,1.0,5.0,2021,6,3,0,0.0,0.0,0.0
20211222,2021-06-04,00:50,LIMA,PE-1S,23.0,DESPISTE,0,1.0,0.0,2021,6,4,0,0.0,0.0,0.0
20211222,2021-06-04,17:30,AMAZONAS,PE-8B,37.0,ESPECIAL,0,2.0,17.0,2021,6,4,0,0.1,0.1,1.0
20211222,2021-06-04,08:20,LIMA,PE-1S,42.0,DESPISTE,0,0.0,8.0,2021,6,4,0,0.0,0.0,0.0
20211222,2021-06-04,17:20,LIMA,PE-1S,42.0,CHOQUE,0,1.0,17.0,2021,6,4,0,0.0,0.0,0.0
20211222,2021-06-04,21:00,LIMA,PE-22,44.0,CHOQUE,0,2.0,21.0,2021,6,4,0,0.0,0.0,0.0
20211222,2021-06-04,23:10,CUSCO,PE-28F,49.0,CHOQUE,0,4.0,23.0,2021,6,4,0,0.3,0.3,2.0
20211222,2021-06-04,07:20,JUNIN,PE-3N,50.0,CHOQUE,0,2.0,7.0,2021,6,4,0,0.3,0.3,1.0
20211222,2021-06-04,13:30,AYACUCHO,PE-30A,84.0,DESPISTE,0,1.0,13.0,2021,6,4,0,0.0,0.0,0.0
20211222,2021-06-04,17:50,HUANUCO,PE-3N,214.0,CHOQUE,0,3.0,17.0,2021,6,4,0,0.5,0.5,5.0
20211222,2021-06-04,15:00,CUSCO,PE-28B,243.0,DESPISTE,0,1.0,15.0,2021,6,4,0,0.3,0.3,2.0
20211222,2021-06-04,10:00,HUANUCO,PE-5N,268.0,CHOQUE,0,0.0,10.0,2021,6,4,0,0.5,0.5,5.0
20211222,2021-06-04,05:00,ANCASH,PE-1N,272.0,CHOQUE,0,2.0,5.0,2021,6,4,0,0.1,0.1,1.0
20211222,2021-06-04,17:30,AMAZONAS,PE-5N,315.0,DESPISTE,0,0.0,17.0,2021,6,4,0,0.1,0.1,1.0
20211222,2021-06-04,15:20,LA LIBERTAD,PE-10C,319.0,DESPISTE,1,0.0,15.0,2021,6,4,1,0.0,0.0,0.0
20211222,2021-06-04,11:50,ANCASH,PE-1N,422.0,CHOQUE,0,0.0,11.0,2021,6,4,0,0.1,0.1,1.0
20211222,2021-06-04,06:45,LAMBAYEQUE,PE-1N,737.0,ATROPELLO,1,0.0,6.0,2021,6,4,1,0.0,0.0,0.0
20211222,2021-06-04,04:15,LAMBAYEQUE,PE-1N,743.0,CHOQUE,0,2.0,4.0,2021,6,4,0,0.0,0.0,0.0
20211222,2021-06-04,22:50,APURIMAC,PE-3S,832.0,CHOQUE,0,0.0,22.0,2021,6,4,0,0.1,0.1,1.0
20211222,2021-06-04,17:25,LAMBAYEQUE,PE-1N,874.0,ATROPELLO,0,1.0,17.0,2021,6,4,0,0.0,0.0,0.0
20211222,2021-06-04,13:35,AREQUIPA,PE-1S,939.0,CHOQUE,0,3.0,13.0,2021,6,4,0,0.0,0.0,0.0
20211222,2021-06-04,17:30,MOQUEGUA,PE-1S,1132.0,DESPISTE,0,2.0,17.0,2021,6,4,0,0.0,0.0,0.0
20211222,2021-06-04,12:10,TACNA,PE-1S,1311.0,CHOQUE,0,0.0,12.0,2021,6,4,0,0.0,0.0,0.0
20211222,2021-06-05,13:00,PIURA,PE-02A,4.0,CHOQUE,0,2.0,13.0,2021,6,5,0,0.0,0.0,0.0
20211222,2021-06-05,09:20,ICA,PE-28A,7.0,CHOQUE,0,1.0,9.0,2021,6,5,0,0.0,0.0,0.0
20211222,2021-06-05,17:30,CAJAMARCA,PE-08A,12.0,DESPISTE,0,0.0,17.0,2021,6,5,0,0.8,0.8,4.0
20211222,2021-06-05,18:15,HUANCAVELICA,PE-3SD,36.0,ATROPELLO,1,0.0,18.0,2021,6,5,1,0.2,0.2,2.0
20211222,2021-06-05,15:30,PUNO,PE-34H,45.0,CHOQUE,0,0.0,15.0,2021,6,5,0,0.0,0.0,0.0
20211222,2021-06-05,17:00,LIMA,PE-18,73.0,CHOQUE,0,4.0,17.0,2021,6,5,0,0.0,0.0,0.0
20211222,2021-06-05,22:00,HUANCAVELICA,PE-28B,89.0,CHOQUE,0,0.0,22.0,2021,6,5,0,0.2,0.2,2.0
20211222,2021-06-05,21:00,LAMBAYEQUE,PE-ANJ,120.0,ESPECIAL,0,1.0,21.0,2021,6,5,0,0.0,0.0,0.0
20211222,2021-06-05,05:45,AYACUCHO,PE-30A,122.0,DESPISTE,0,1.0,5.0,2021,6,5,0,0.0,0.0,0.0
20211222,2021-06-05,10:00,JUNIN,PE-22,136.0,DESPISTE,0,1.0,10.0,2021,6,5,0,0.1,0.1,1.0
20211222,2021-06-05,17:30,PASCO,PE-3N,157.0,DESPISTE,0,0.0,17.0,2021,6,5,0,1.5,1.5,8.0
20211222,2021-06-05,18:35,LIMA,PE-1N,196.0,CHOQUE,1,0.0,18.0,2021,6,5,1,0.0,0.0,0.0
20211222,2021-06-05,09:00,ANCASH,PE-1N,237.0,DESPISTE,0,2.0,9.0,2021,6,5,0,0.4,0.4,2.0
20211222,2021-06-05,02:15,ANCASH,PE-1N,408.0,ESPECIAL,0,0.0,2.0,2021,6,5,0,0.4,0.4,2.0
20211222,2021-06-05,16:45,LA LIBERTAD,PE-1N,590.0,CHOQUE,0,1.0,16.0,2021,6,5,0,0.0,0.0,0.0
20211222,2021-06-05,20:20,AREQUIPA,PE-1S,983.0,CHOQUE,0,0.0,20.0,2021,6,5,0,0.0,0.0,0.0
20211222,2021-06-05,23:00,AREQUIPA,PE-1S,997.0,CHOQUE,1,1.0,23.0,2021,6,5,1,0.0,0.0,0.0
20211222,2021-06-06,07:15,JUNIN,PE-3N,32.0,CHOQUE,0,0.0,7.0,2021,6,6,0,5.0,5.0,8.0
20211222,2021-06-06,19:50,PUNO,PE-34I,51.0,CHOQUE,0,2.0,19.0,2021,6,6,0,0.0,0.0,0.0
20211222,2021-06-06,12:25,JUNIN,PE-5S,100.0,CHOQUE,0,1.0,12.0,2021,6,6,0,5.0,5.0,8.0
20211222,2021-06-06,07:34,LIMA,PE-1N,111.0,CHOQUE,0,0.0,7.0,2021,6,6,0,0.0,0.0,0.0
20211222,2021-06-06,03:30,PIURA,PE-1NJ,217.0,DESPISTE,0,1.0,3.0,2021,6,6,0,2.8,2.8,3.0
20211222,2021-06-06,19:30,PUNO,PE-34A,226.0,CHOQUE,0,0.0,19.0,2021,6,6,0,0.0,0.0,0.0
20211222,2021-06-06,08:10,PIURA,PE-1NJ,237.0,CHOQUE,0,2.0,8.0,2021,6,6,0,2.8,2.8,3.0
20211222,2021-06-06,04:20,ICA,PE-1S,364.0,DESPISTE,0,0.0,4.0,2021,6,6,0,0.0,0.0,0.0
20211222,2021-06-06,11:50,APURIMAC,PE.30A,385.0,DESPISTE,0,0.0,11.0,2021,6,6,0,0.0,0.0,0.0
20211222,2021-06-06,19:00,MADRE DE DIOS,PE-30C,438.0,CHOQUE,2,0.0,19.0,2021,6,6,1,1.0,1.0,5.0
20211222,2021-06-06,15:50,ICA,PE-1S,456.0,DESPISTE,0,0.0,15.0,2021,6,6,0,0.0,0.0,0.0
20211222,2021-06-06,03:00,PIURA,PE-1N,903.0,DESPISTE,0,4.0,3.0,2021,6,6,0,2.8,2.8,3.0
20211222,2021-06-07,04:45,CAJAMARCA,PE-3N,4.0,DESPISTE,0,0.0,4.0,2021,6,0,0,0.4,0.4,4.0
20211222,2021-06-07,14:40,LIMA,LM-100,15.0,CHOQUE,0,15.0,14.0,2021,6,0,0,0.0,0.0,0.0
20211222,2021-06-07,05:30,JUNIN,PE-4S,27.0,DESPISTE,0,1.0,5.0,2021,6,0,0,0.7,0.7,4.0
20211222,2021-06-07,16:10,TACNA,PE-1SD,33.0,CHOQUE,0,2.0,16.0,2021,6,0,0,0.0,0.0,0.0
20211222,2021-06-07,07:30,PUNO,PE-34H,45.0,CHOQUE,0,3.0,7.0,2021,6,0,0,0.0,0.0,0.0
20211222,2021-06-07,12:15,CUSCO,PE-28B,64.0,ATROPELLO,0,0.0,12.0,2021,6,0,0,0.2,0.2,2.0
20211222,2021-06-07,03:00,AREQUIPA,PE-34A,66.0,DESPISTE,0,0.0,3.0,2021,6,0,0,0.0,0.0,0.0
20211222,2021-06-07,19:50,LIMA,PE-1N,68.0,ESPECIAL,0,0.0,19.0,2021,6,0,0,0.0,0.0,0.0
20211222,2021-06-07,09:45,AREQUIPA,PE-34A,80.0,DESPISTE,1,2.0,9.0,2021,6,0,1,0.0,0.0,0.0
20211222,2021-06-07,19:22,LAMBAYEQUE,PE-1NJ,100.0,CHOQUE,0,2.0,19.0,2021,6,0,0,1.9,1.9,6.0
20211222,2021-06-07,00:40,PASCO,PE-3N,137.0,CHOQUE,0,0.0,0.0,2021,6,0,0,3.1,3.0,8.0
20211222,2021-06-07,19:40,LIMA,PE-1N,187.0,DESPISTE,0,1.0,19.0,2021,6,0,0,0.0,0.0,0.0
20211222,2021-06-07,23:10,AMAZONAS,PE-08B,305.0,DESPISTE,0,1.0,23.0,2021,6,0,0,0.7,0.7,6.0
20211222,2021-06-07,04:00,ICA,PE-1S,343.0,DESPISTE,0,0.0,4.0,2021,6,0,0,0.0,0.0,0.0
20211222,2021-06-07,14:30,ANCASH,PE-1N,423.0,CHOQUE,0,3.0,14.0,2021,6,0,0,0.1,0.1,1.0
20211222,2021-06-07,12:30,MADRE DE DIOS,PE-30C,493.0,CHOQUE,0,2.0,12.0,2021,6,0,0,3.8,3.8,12.0
20211222,2021-06-07,19:50,SAN MARTIN,PE-5N,641.0,CHOQUE,0,1.0,19.0,2021,6,0,0,0.6,0.6,3.0
20211222,2021-06-07,15:50,LAMBAYEQUE,PE-1N,832.0,CHOQUE,1,0.0,15.0,2021,6,0,1,1.9,1.9,6.0
20211222,2021-06-07,19:00,PUNO,PE-1S,1351.0,CHOQUE,0,0.0,19.0,2021,6,0,0,0.0,0.0,0.0
20211222,2021-06-08,12:40,LA LIBERTAD,LI-127,0.0,DESPISTE,18,5.0,12.0,2021,6,1,1,0.0,0.0,0.0
20211222,2021-06-08,22:00,PUNO,PE-34H,12.0,DESPISTE,0,0.0,22.0,2021,6,1,0,0.0,0.0,0.0
20211222,2021-06-08,19:15,LORETO,LO-103,27.0,DESPISTE,0,1.0,19.0,2021,6,1,0,3.4,3.4,9.0
20211222,2021-06-08,09:30,AREQUIPA,PE-34,33.0,CHOQUE,0,1.0,9.0,2021,6,1,0,0.0,0.0,0.0
20211222,2021-06-08,04:30,SAN MARTIN,PE-5NB,36.0,DESPISTE,0,1.0,4.0,2021,6,1,0,4.3,4.3,7.0
20211222,2021-06-08,16:00,SAN MARTIN,PE-5NB,41.0,DESPISTE,0,0.0,16.0,2021,6,1,0,4.3,4.3,7.0
20211222,2021-06-08,19:10,LIMA,PE-1N,60.0,DESPISTE,0,4.0,19.0,2021,6,1,0,0.0,0.0,0.0
20211222,2021-06-08,14:20,LIMA,PE-22,88.0,CHOQUE,0,0.0,14.0,2021,6,1,0,0.0,0.0,0.0
20211222,2021-06-08,09:10,LIMA,PE-1N,103.0,DESPISTE,0,5.0,9.0,2021,6,1,0,0.0,0.0,0.0
20211222,2021-06-08,00:03,LIMA,PE-1S,105.0,CHOQUE,0,0.0,0.0,2021,6,1,0,0.0,0.0,0.0
20211222,2021-06-08,08:00,AREQUIPA,PE-34A,181.0,DESPISTE,0,1.0,8.0,2021,6,1,0,0.0,0.0,0.0
20211222,2021-06-08,22:00,PUNO,PE-34A,218.0,CHOQUE,0,1.0,22.0,2021,6,1,0,0.0,0.0,0.0
20211222,2021-06-08,17:45,ICA,PE-1S,439.0,DESPISTE,0,1.0,17.0,2021,6,1,0,0.0,0.0,0.0
20211222,2021-06-08,20:45,UCAYALI,PE-5N,444.0,ATROPELLO,0,0.0,20.0,2021,6,1,0,1.4,1.4,7.0
20211222,2021-06-08,12:30,LA LIBERTAD,PE-1N,632.0,DESPISTE,0,0.0,12.0,2021,6,1,0,0.0,0.0,0.0
20211222,2021-06-08,18:30,AREQUIPA,PE-1S,936.0,DESPISTE,0,1.0,18.0,2021,6,1,0,0.0,0.0,0.0
20211222,2021-06-09,11:00,LIMA,PE-1N,5.0,CHOQUE,1,0.0,11.0,2021,6,2,1,0.0,0.0,0.0
20211222,2021-06-09,18:45,UCAYALI,PE-18C,19.0,DESPISTE,0,1.0,18.0,2021,6,2,0,0.8,0.8,3.0
20211222,2021-06-09,23:30,LIMA,PE-1S,23.0,DESPISTE,0,1.0,23.0,2021,6,2,0,0.0,0.0,0.0
20211222,2021-06-09,15:00,AREQUIPA,PE-34A,27.0,DESPISTE,0,0.0,15.0,2021,6,2,0,0.0,0.0,0.0
20211222,2021-06-09,18:30,AREQUIPA,PE-1SD,33.0,DESPISTE,0,0.0,18.0,2021,6,2,0,0.0,0.0,0.0
20211222,2021-06-09,21:50,LIMA,PE-1N,64.0,CHOQUE,0,1.0,21.0,2021,6,2,0,0.0,0.0,0.0
20211222,2021-06-09,18:07,LIMA,PE-22,78.0,CHOQUE,0,1.0,18.0,2021,6,2,0,0.0,0.0,0.0
20211222,2021-06-09,04:30,TUMBES,PE-1N,169.0,DESPISTE,0,4.0,4.0,2021,6,2,0,0.0,0.0,0.0
20211222,2021-06-09,15:30,LIMA,PE-1N,195.0,DESPISTE,0,3.0,15.0,2021,6,2,0,0.0,0.0,0.0
20211222,2021-06-09,11:00,LA LIBERTAD,PE-1N,613.0,CHOQUE,1,2.0,11.0,2021,6,2,1,0.0,0.0,0.0
20211222,2021-06-09,20:00,AREQUIPA,PE-1S,940.0,ATROPELLO,1,1.0,20.0,2021,6,2,1,0.0,0.0,0.0
20211222,2021-06-09,04:30,AREQUIPA,PE-1S,1067.0,DESPISTE,0,0.0,4.0,2021,6,2,0,0.0,0.0,0.0
20211222,2021-06-10,11:40,CAJAMARCA,PE-1NG,13.0,DESPISTE,0,2.0,11.0,2021,6,3,0,0.3,0.3,3.0
20211222,2021-06-10,07:00,PUNO,PU-100,17.0,DESPISTE,2,0.0,7.0,2021,6,3,1,0.0,0.0,0.0
20211222,2021-06-10,19:15,JUNIN,PE-3N,33.0,CHOQUE,1,4.0,19.0,2021,6,3,1,0.0,0.0,0.0
20211222,2021-06-10,20:15,LIMA,PE-1S,33.0,DESPISTE,0,1.0,20.0,2021,6,3,0,0.0,0.0,0.0
20211222,2021-06-10,19:20,JUNIN,PE-3N,37.0,CHOQUE,0,0.0,19.0,2021,6,3,0,0.0,0.0,0.0
20211222,2021-06-10,17:10,HUANUCO,PE-18A,69.0,CHOQUE,1,0.0,17.0,2021,6,3,1,0.4,0.4,3.0
20211222,2021-06-10,08:50,AREQUIPA,PE-34A,84.0,DESPISTE,0,1.0,8.0,2021,6,3,0,0.0,0.0,0.0
20211222,2021-06-10,21:30,AREQUIPA,PE-34A,87.0,CHOQUE,0,0.0,21.0,2021,6,3,0,0.0,0.0,0.0
20211222,2021-06-10,15:25,LIMA,PE-22,116.0,CHOQUE,0,2.0,15.0,2021,6,3,0,0.0,0.0,0.0
20211222,2021-06-10,12:10,LIMA,PE-1N,154.0,CHOQUE,0,1.0,12.0,2021,6,3,0,0.0,0.0,0.0
20211222,2021-06-10,06:00,ICA,PE-1S,356.0,CHOQUE,0,0.0,6.0,2021,6,3,0,0.0,0.0,0.0
20211222,2021-06-10,13:30,APURIMAC,PE-30A,385.0,CHOQUE,0,3.0,13.0,2021,6,3,0,0.0,0.0,0.0
20211222,2021-06-10,13:45,LA LIBERTAD,PE-1N,484.0,DESPISTE,0,0.0,13.0,2021,6,3,0,0.0,0.0,0.0
20211222,2021-06-10,18:00,SAN MARTIN,PE-5N,656.0,CHOQUE,1,0.0,18.0,2021,6,3,1,0.3,0.3,2.0
20211222,2021-06-10,05:40,SAN MARTIN,PE-5N,659.0,DESPISTE,0,0.0,5.0,2021,6,3,0,0.3,0.3,2.0
20211222,2021-06-10,07:04,SAN MARTIN,PE-5N,659.0,CHOQUE,0,0.0,7.0,2021,6,3,0,0.3,0.3,2.0
20211222,2021-06-10,17:05,SAN MARTIN,PE-5N,755.0,CHOQUE,0,2.0,17.0,2021,6,3,0,0.3,0.3,2.0
20211222,2021-06-10,22:30,CUSCO,PE-3S,1100.0,CHOQUE,0,0.0,22.0,2021,6,3,0,0.0,0.0,0.0
20211222,2021-06-11,03:15,UCAYALI,PE-18C,39.0,DESPISTE,0,0.0,3.0,2021,6,4,0,12.7,12.7,16.0
20211222,2021-06-11,07:50,CAJAMARCA,PE-08,86.0,CHOQUE,0,1.0,7.0,2021,6,4,0,0.0,0.0,0.0
20211222,2021-06-11,01:30,LIMA,PE-22,112.0,CHOQUE,0,0.0,1.0,2021,6,4,0,0.0,0.0,0.0
20211222,2021-06-11,18:00,CAJAMARCA,PE-08,165.0,DESPISTE,0,0.0,18.0,2021,6,4,0,0.0,0.0,0.0
20211222,2021-06-11,07:30,LIMA,PE-1N,212.0,ESPECIAL,0,0.0,7.0,2021,6,4,0,0.0,0.0,0.0
20211222,2021-06-11,05:10,ANCASH,PE-1N,269.0,CHOQUE,2,5.0,5.0,2021,6,4,1,0.0,0.0,0.0
20211222,2021-06-11,06:30,ICA,PE-1S,276.0,DESPISTE,0,0.0,6.0,2021,6,4,0,0.0,0.0,0.0
20211222,2021-06-11,03:40,AREQUIPA,PE-1S,601.0,CHOQUE,0,0.0,3.0,2021,6,4,0,0.0,0.0,0.0
20211222,2021-06-11,11:30,MADRE DE DIOS,PE-30C,602.0,CHOQUE,0,1.0,11.0,2021,6,4,0,20.3,20.3,15.0
20211222,2021-06-11,08:15,APURIMAC,PE-3S,764.0,CHOQUE,0,0.0,8.0,2021,6,4,0,0.0,0.0,0.0
20211222,2021-06-11,06:30,AREQUIPA,PE-1S,997.0,CHOQUE,0,5.0,6.0,2021,6,4,0,0.0,0.0,0.0
20211222,2021-06-11,09:00,PIURA,PE-1N,1108.0,DESPISTE,0,0.0,9.0,2021,6,4,0,0.0,0.0,0.0
20211222,2021-06-11,19:30,PUNO,PE-3S,1306.0,CHOQUE,1,0.0,19.0,2021,6,4,1,0.0,0.0,0.0
20211222,2021-06-12,12:00,ICA,PE-28A,14.0,CHOQUE,0,4.0,12.0,2021,6,5,0,0.0,0.0,0.0
20211222,2021-06-12,17:45,CAJAMARCA,PE-08,71.0,CHOQUE,0,0.0,17.0,2021,6,5,0,0.7,0.7,6.0
20211222,2021-06-12,19:05,LIMA,PE-1N,84.0,CHOQUE,0,1.0,19.0,2021,6,5,0,0.0,0.0,0.0
20211222,2021-06-12,18:00,ANCASH,PE-16,100.0,DESPISTE,0,4.0,18.0,2021,6,5,0,0.0,0.0,0.0
20211222,2021-06-12,15:50,LIMA,PE-1N,111.0,CHOQUE,0,2.0,15.0,2021,6,5,0,0.0,0.0,0.0
20211222,2021-06-12,03:00,PASCO,PE-3N,137.0,CHOQUE,0,0.0,3.0,2021,6,5,0,0.6,0.6,6.0
20211222,2021-06-12,16:20,JUNIN,PE-22,154.0,CHOQUE,0,2.0,16.0,2021,6,5,0,0.1,0.1,1.0
20211222,2021-06-12,04:50,CAJAMARCA,PE-5N,159.0,CHOQUE,1,1.0,4.0,2021,6,5,1,0.7,0.7,6.0
20211222,2021-06-12,02:30,ANCASH,PE-1N,346.0,DESPISTE,0,2.0,2.0,2021,6,5,0,0.0,0.0,0.0
20211222,2021-06-12,17:30,AREQUIPA,PE-1S,914.0,CHOQUE,0,1.0,17.0,2021,6,5,0,0.0,0.0,0.0
20211222,2021-06-12,10:20,AREQUIPA,PE-1S,961.0,DESPISTE,0,0.0,10.0,2021,6,5,0,0.0,0.0,0.0
20211222,2021-06-13,09:50,PIURA,PE-1N,1.0,DESPISTE,0,1.0,9.0,2021,6,6,0,0.0,0.0,0.0
20211222,2021-06-13,20:35,UCAYALI,PE-18C,15.0,DESPISTE,0,2.0,20.0,2021,6,6,0,0.0,0.0,0.0
20211222,2021-06-13,17:40,PUNO,PE-36B,22.0,CHOQUE,0,5.0,17.0,2021,6,6,0,0.0,0.0,0.0
20211222,2021-06-13,05:45,JUNIN,PE-22A,64.0,DESPISTE,0,0.0,5.0,2021,6,6,0,0.0,0.0,0.0
20211222,2021-06-13,18:50,LIMA,PE-1N,77.0,CHOQUE,1,0.0,18.0,2021,6,6,1,0.0,0.0,0.0
20211222,2021-06-13,16:54,JUNIN,PE-3S,87.0,DESPISTE,0,1.0,16.0,2021,6,6,0,0.0,0.0,0.0
20211222,2021-06-13,18:45,LIMA,PE-1N,111.0,DESPISTE,0,1.0,18.0,2021,6,6,0,0.0,0.0,0.0
20211222,2021-06-13,14:30,LIMA,PE-22,119.0,DESPISTE,0,3.0,14.0,2021,6,6,0,0.0,0.0,0.0
20211222,2021-06-13,19:20,LIMA,PE-1N,203.0,CHOQUE,1,0.0,19.0,2021,6,6,1,0.0,0.0,0.0
20211222,2021-06-13,15:30,AMAZONAS,PE-5N,209.0,CHOQUE,0,1.0,15.0,2021,6,6,0,0.3,0.3,3.0
20211222,2021-06-13,18:40,HUANUCO,PE-5N,521.0,CHOQUE,0,2.0,18.0,2021,6,6,0,0.9,0.9,6.0
20211222,2021-06-13,20:10,ANCASH,PE-3N,561.0,CHOQUE,0,1.0,20.0,2021,6,6,0,0.2,0.2,1.0
20211222,2021-06-13,15:40,PIURA,PE-1N,1005.0,CHOQUE,0,0.0,15.0,2021,6,6,0,0.0,0.0,0.0
20211222,2021-06-13,07:42,PIURA,PE-1N,1017.0,DESPISTE,1,0.0,7.0,2021,6,6,1,0.0,0.0,0.0
20211222,2021-06-13,21:30,MOQUEGUA,PE-1S,1167.0,DESPISTE,0,2.0,21.0,2021,6,6,0,0.0,0.0,0.0
20211222,2021-06-13,22:20,TACNA,PE-1S,1213.0,DESPISTE,0,2.0,22.0,2021,6,6,0,0.0,0.0,0.0
20211222,2021-06-14,20:45,CAJAMARCA,PE-06,8.0,ATROPELLO,1,0.0,20.0,2021,6,0,1,0.5,0.5,3.0
20211222,2021-06-14,09:00,JUNIN,PE-3S,14.0,CHOQUE,0,3.0,9.0,2021,6,0,0,0.0,0.0,0.0
20211222,2021-06-14,11:30,LIMA,PE-1S,27.0,CHOQUE,0,0.0,11.0,2021,6,0,0,0.0,0.0,0.0
20211222,2021-06-14,12:40,LIMA,PE-22,47.0,CHOQUE,0,1.0,12.0,2021,6,0,0,0.0,0.0,0.0
20211222,2021-06-14,22:20,MOQUEGUA,PE-36A,54.0,DESPISTE,0,1.0,22.0,2021,6,0,0,0.0,0.0,0.0
20211222,2021-06-14,03:45,AREQUIPA,PE-34A,89.0,DESPISTE,0,1.0,3.0,2021,6,0,0,0.0,0.0,0.0
20211222,2021-06-14,10:30,JUNIN,PE-3S,114.0,CHOQUE,0,1.0,10.0,2021,6,0,0,0.0,0.0,0.0
20211222,2021-06-14,06:30,CAJAMARCA,PE-3N,120.0,CHOQUE,1,2.0,6.0,2021,6,0,1,0.5,0.5,3.0
20211222,2021-06-14,20:05,LA LIBERTAD,PE-3N,169.0,CHOQUE,0,0.0,20.0,2021,6,0,0,0.1,0.1,1.0
20211222,2021-06-14,10:30,CUSCO,PE-28B,173.0,DESPISTE,0,1.0,10.0,2021,6,0,0,0.0,0.0,0.0
20211222,2021-06-14,11:10,LIMA,PE-1N,215.0,DESPISTE,0,1.0,11.0,2021,6,0,0,0.0,0.0,0.0
20211222,2021-06-14,17:20,ANCASH,PE-1N,408.0,CHOQUE,0,1.0,17.0,2021,6,0,0,0.3,0.3,3.0
20211222,2021-06-14,16:40,ANCASH,PE-3N,561.0,CHOQUE,0,0.0,16.0,2021,6,0,0,0.3,0.3,3.0
20211222,2021-06-14,16:50,AREQUIPA,PE-1S,646.0,DESPISTE,0,1.0,16.0,2021,6,0,0,0.0,0.0,0.0
20211222,2021-06-14,14:25,SAN MARTIN,PE-5N,651.0,CHOQUE,0,4.0,14.0,2021,6,0,0,3.0,3.0,12.0
20211222,2021-06-14,10:45,LA LIBERTAD,PE-1N,720.0,DESPISTE,0,1.0,10.0,2021,6,0,0,0.1,0.1,1.0
20211222,2021-06-14,18:50,LAMBAYEQUE,PE-1N,806.0,CHOQUE,0,1.0,18.0,2021,6,0,0,0.0,0.0,0.0
20211222,2021-06-14,20:45,AREQUIPA,PE-1S,897.0,CHOQUE,0,6.0,20.0,2021,6,0,0,0.0,0.0,0.0
20211222,2021-06-14,06:00,AREQUIPA,PE-1S,940.0,DESPISTE,0,1.0,6.0,2021,6,0,0,0.0,0.0,0.0
20211222,2021-06-14,14:30,AREQUIPA,PE-1S,946.0,CHOQUE,1,1.0,14.0,2021,6,0,1,0.0,0.0,0.0
20211222,2021-06-14,05:30,MOQUEGUA,PE-1S,1151.0,CHOQUE,0,0.0,5.0,2021,6,0,0,0.0,0.0,0.0
20211222,2021-06-15,20:40,AREQUIPA,PE-1SD,5.0,CHOQUE,1,0.0,20.0,2021,6,1,1,0.0,0.0,0.0
20211222,2021-06-15,18:30,JUNIN,PE-3S,75.0,CHOQUE,0,0.0,18.0,2021,6,1,0,0.1,0.1,1.0
20211222,2021-06-15,03:30,PIURA,PE-1NJ,212.0,DESPISTE,0,1.0,3.0,2021,6,1,0,0.7,0.7,4.0
20211222,2021-06-15,04:45,ANCASH,PE-1N,324.0,CHOQUE,0,2.0,4.0,2021,6,1,0,0.1,0.1,1.0
20211222,2021-06-15,02:25,ANCASH,PE-1N,396.0,DESPISTE,0,1.0,2.0,2021,6,1,0,0.1,0.1,1.0
20211222,2021-06-15,23:45,UCAYALI,PE-18C,680.0,CHOQUE,0,4.0,23.0,2021,6,1,0,0.5,0.5,4.0
20211222,2021-06-15,09:30,LAMBAYEQUE,PE-1N,822.0,CHOQUE,0,0.0,9.0,2021,6,1,0,0.0,0.0,0.0
20211222,2021-06-16,20:30,JUNIN,PE-5S,10.0,CHOQUE,0,1.0,20.0,2021,6,2,0,0.0,0.0,0.0
20211222,2021-06-16,10:00,LIMA,PE-1N,69.0,CHOQUE,1,0.0,10.0,2021,6,2,1,0.0,0.0,0.0
20211222,2021-06-16,18:50,LIMA,PE-22,88.0,DESPISTE,0,0.0,18.0,2021,6,2,0,0.0,0.0,0.0
20211222,2021-06-16,15:15,PASCO,PE-5N,88.0,CHOQUE,0,0.0,15.0,2021,6,2,0,0.1,0.1,1.0
20211222,2021-06-16,21:15,LIMA,PE-22,108.0,DESPISTE,0,0.0,21.0,2021,6,2,0,0.0,0.0,0.0
20211222,2021-06-16,12:00,LIMA,PE-1N,124.0,CHOQUE,0,1.0,12.0,2021,6,2,0,0.0,0.0,0.0
20211222,2021-06-16,07:15,LIMA,PE-1N,156.0,DESPISTE,0,0.0,7.0,2021,6,2,0,0.0,0.0,0.0
20211222,2021-06-16,06:40,ICA,PE-1S,175.0,CHOQUE,1,0.0,6.0,2021,6,2,1,0.0,0.0,0.0
20211222,2021-06-16,12:30,UCAYALI,PE-5N,373.0,DESPISTE,0,0.0,12.0,2021,6,2,0,0.2,0.2,2.0
20211222,2021-06-16,23:20,HUANUCO,PE-5N,456.0,DESPISTE,0,2.0,23.0,2021,6,2,0,1.1,1.1,6.0
20211222,2021-06-16,03:15,AREQUIPA,PE-1S,683.0,DESPISTE,0,3.0,3.0,2021,6,2,0,0.0,0.0,0.0
20211222,2021-06-16,05:20,LAMBAYEQUE,PE-1N,828.0,DESPISTE,0,0.0,5.0,2021,6,2,0,0.0,0.0,0.0
20211222,2021-06-16,09:10,AREQUIPA,PE-1S,855.0,CHOQUE,1,1.0,9.0,2021,6,2,1,0.0,0.0,0.0
20211222,2021-06-17,21:30,LIMA,PE-20C,0.0,CHOQUE,0,0.0,21.0,2021,6,3,0,0.0,0.0,0.0
20211222,2021-06-17,05:45,JUNIN,PE-3N,8.0,CHOQUE,0,0.0,5.0,2021,6,3,0,0.0,0.0,0.0
20211222,2021-06-17,14:10,LIMA,PE-22,52.0,DESPISTE,0,0.0,14.0,2021,6,3,0,0.0,0.0,0.0
20211222,2021-06-17,21:30,LIMA,PE-22,70.0,ESPECIAL,0,0.0,21.0,2021,6,3,0,0.0,0.0,0.0
20211222,2021-06-17,15:20,LIMA,PE-22,101.0,DESPISTE,0,1.0,15.0,2021,6,3,0,0.0,0.0,0.0
20211222,2021-06-17,10:15,LIMA,PE-22,127.0,DESPISTE,0,0.0,10.0,2021,6,3,0,0.0,0.0,0.0
20211222,2021-06-17,08:00,CUSCO,PE-28B,191.0,CHOQUE,0,5.0,8.0,2021,6,3,0,0.0,0.0,0.0
20211222,2021-06-17,22:30,AYACUCHO,PE-28A,273.0,CHOQUE,0,6.0,22.0,2021,6,3,0,0.0,0.0,0.0
20211222,2021-06-17,21:40,MADRE DE DIOS,PE-30C,295.0,DESPISTE,0,0.0,21.0,2021,6,3,0,0.5,0.5,2.0
20211222,2021-06-17,00:35,HUANUCO,PE-5N,502.0,DESPISTE,0,0.0,0.0,2021,6,3,0,0.0,0.0,0.0
20211222,2021-06-17,06:50,AREQUIPA,PE-1S,508.0,CHOQUE,0,0.0,6.0,2021,6,3,0,0.0,0.0,0.0
20211222,2021-06-17,21:55,LAMBAYEQUE,PE-1N,747.0,CHOQUE,0,1.0,21.0,2021,6,3,0,0.0,0.0,0.0
20211222,2021-06-17,17:00,LAMBAYEQUE,PE-1N,836.0,CHOQUE,0,0.0,17.0,2021,6,3,0,0.0,0.0,0.0
20211222,2021-06-17,15:20,PIURA,PE-1N,1003.0,CHOQUE,1,0.0,15.0,2021,6,3,1,0.0,0.0,0.0
20211222,2021-06-17,23:20,AREQUIPA,PE-1S,1041.0,DESPISTE,0,1.0,23.0,2021,6,3,0,0.0,0.0,0.0
20211222,2021-06-17,18:50,PUNO,PE-3S,1303.0,CHOQUE,0,2.0,18.0,2021,6,3,0,0.0,0.0,0.0
20211222,2021-06-18,03:45,LA LIBERTAD,LI-851,0.0,DESPISTE,1,0.0,3.0,2021,6,4,1,0.0,0.0,0.0
20211222,2021-06-18,08:20,LIMA,PE-1NA,4.0,CHOQUE,0,3.0,8.0,2021,6,4,0,0.0,0.0,0.0
20211222,2021-06-18,20:40,AREQUIPA,PE-34A,28.0,DESPISTE,0,1.0,20.0,2021,6,4,0,0.0,0.0,0.0
20211222,2021-06-18,00:10,CAJAMARCA,PE-5N,36.0,DESPISTE,0,1.0,0.0,2021,6,4,0,0.1,0.1,1.0
20211222,2021-06-18,18:25,HUANCAVELICA,PE-3SD,39.0,CHOQUE,0,1.0,18.0,2021,6,4,0,0.1,0.1,1.0
20211222,2021-06-18,03:30,AYACUCHO,PE-30A,40.0,DESPISTE,22,17.0,3.0,2021,6,4,1,0.0,0.0,0.0
20211222,2021-06-18,01:00,JUNIN,PE-3S,43.0,ATROPELLO,1,0.0,1.0,2021,6,4,1,0.1,0.1,1.0
20211222,2021-06-18,13:00,UCAYALI,PE-18C,51.0,DESPISTE,0,2.0,13.0,2021,6,4,0,1.0,1.0,7.0
20211222,2021-06-18,10:00,AREQUIPA,PE-34A,61.0,CHOQUE,0,0.0,10.0,2021,6,4,0,0.0,0.0,0.0
20211222,2021-06-18,19:30,LAMBAYEQUE,PE-1NJ,73.0,CHOQUE,0,2.0,19.0,2021,6,4,0,0.0,0.0,0.0
20211222,2021-06-18,20:10,LIMA,PE-22,101.0,CHOQUE,0,0.0,20.0,2021,6,4,0,0.0,0.0,0.0
20211222,2021-06-18,06:50,LIMA,PE-1N,130.0,DESPISTE,0,5.0,6.0,2021,6,4,0,0.0,0.0,0.0
20211222,2021-06-18,01:40,PUNO,PE-34A,187.0,DESPISTE,0,0.0,1.0,2021,6,4,0,0.0,0.0,0.0
20211222,2021-06-18,19:00,CUSCO,PE-28B,220.0,DESPISTE,0,2.0,19.0,2021,6,4,0,0.0,0.0,0.0
20211222,2021-06-18,21:40,MADRE DE DIOS,PE-30C,295.0,DESPISTE,0,0.0,21.0,2021,6,4,0,0.0,0.0,0.0
20211222,2021-06-18,10:05,AMAZONAS,PE-5N,330.0,DESPISTE,0,0.0,10.0,2021,6,4,0,0.0,0.0,0.0
20211222,2021-06-18,02:00,ANCASH,PE-1N,396.0,DESPISTE,0,0.0,2.0,2021,6,4,0,0.6,0.6,5.0
20211222,2021-06-18,11:20,ANCASH,PE-1N,408.0,DESPISTE,0,1.0,11.0,2021,6,4,0,0.6,0.6,5.0
20211222,2021-06-18,10:00,APURIMAC,PE-3S,729.0,CHOQUE,0,2.0,10.0,2021,6,4,0,0.0,0.0,0.0
20211222,2021-06-18,03:15,APURIMAC,PE-3S,811.0,ATROPELLO,0,0.0,3.0,2021,6,4,0,0.0,0.0,0.0
20211222,2021-06-18,19:40,AREQUIPA,PE-1S,903.0,ATROPELLO,0,0.0,19.0,2021,6,4,0,0.0,0.0,0.0
20211222,2021-06-18,23:00,PIURA,PE-1NL,1057.0,DESPISTE,0,3.0,23.0,2021,6,4,0,0.0,0.0,0.0
20211222,2021-06-18,06:15,PUNO,PE-3S,1196.0,DESPISTE,0,0.0,6.0,2021,6,4,0,0.0,0.0,0.0
20211222,2021-06-19,19:30,CUSCO,PE-28B,39.0,CHOQUE,0,1.0,19.0,2021,6,5,0,0.4,0.4,1.0
20211222,2021-06-19,11:50,LIMA,PE-18,41.0,CHOQUE,0,2.0,11.0,2021,6,5,0,0.0,0.0,0.0
20211222,2021-06-19,19:20,LIMA,PE-1S,46.0,DESPISTE,0,0.0,19.0,2021,6,5,0,0.0,0.0,0.0
20211222,2021-06-19,15:00,LIMA,PE-20A,57.0,DESPISTE,0,2.0,15.0,2021,6,5,0,0.0,0.0,0.0
20211222,2021-06-19,20:15,LAMBAYEQUE,PE-1NJ,77.0,CHOQUE,0,0.0,20.0,2021,6,5,0,0.0,0.0,0.0
20211222,2021-06-19,03:30,LIMA,PE-1N,99.0,ATROPELLO,0,0.0,3.0,2021,6,5,0,0.0,0.0,0.0
20211222,2021-06-19,20:05,CAJAMARCA,PE-3N,101.0,CHOQUE,0,0.0,20.0,2021,6,5,0,1.3,1.3,5.0
20211222,2021-06-19,17:30,LAMBAYEQUE,PE-1NJ,101.0,CHOQUE,0,1.0,17.0,2021,6,5,0,0.0,0.0,0.0
20211222,2021-06-19,19:30,JUNIN,PE-5S,102.0,CHOQUE,0,1.0,19.0,2021,6,5,0,0.1,0.1,1.0
20211222,2021-06-19,04:30,LIMA,PE-22,112.0,DESPISTE,0,0.0,4.0,2021,6,5,0,0.0,0.0,0.0
20211222,2021-06-19,15:25,LIMA,PE-1S,119.0,DESPISTE,0,1.0,15.0,2021,6,5,0,0.0,0.0,0.0
20211222,2021-06-19,16:30,PASCO,PE-3N,131.0,DESPISTE,0,0.0,16.0,2021,6,5,0,0.6,0.6,6.0
20211222,2021-06-19,14:50,CAJAMARCA,PE-06A,148.0,DESPISTE,0,1.0,14.0,2021,6,5,0,1.3,1.3,5.0
20211222,2021-06-19,19:10,ANCASH,PE-3N,192.0,CHOQUE,0,3.0,19.0,2021,6,5,0,0.3,0.3,2.0
20211222,2021-06-19,10:25,PUNO,PE-34A,243.0,DESPISTE,0,0.0,10.0,2021,6,5,0,0.0,0.0,0.0
20211222,2021-06-19,09:00,AMAZONAS,PE-08B,311.0,CHOQUE,0,1.0,9.0,2021,6,5,0,1.1,1.1,6.0
20211222,2021-06-19,15:00,MADRE DE DIOS,PE-30C,318.0,CHOQUE,0,0.0,15.0,2021,6,5,0,0.0,0.0,0.0
20211222,2021-06-19,17:20,SAN MARTIN,PE-5N,469.0,CHOQUE,0,2.0,17.0,2021,6,5,0,0.7,0.7,5.0
20211222,2021-06-19,15:00,LA LIBERTAD,PE-1N,708.0,CHOQUE,0,0.0,15.0,2021,6,5,0,0.0,0.0,0.0
20211222,2021-06-19,17:00,PIURA,PE-1NL,1045.0,DESPISTE,0,2.0,17.0,2021,6,5,0,0.0,0.0,0.0
20211222,2021-06-19,11:20,MOQUEGUA,PE-1S,1152.0,CHOQUE,0,0.0,11.0,2021,6,5,0,0.0,0.0,0.0
20211222,2021-06-19,08:40,CAJAMARCA,PE-3N,1206.0,DESPISTE,3,2.0,8.0,2021,6,5,1,1.3,1.3,5.0
20211222,2021-06-20,20:11,CAJAMARCA,PE-08B,10.0,ATROPELLO,0,0.0,20.0,2021,6,6,0,2.4,2.4,3.0
20211222,2021-06-20,18:50,JUNIN,PE-3SA,13.0,ATROPELLO,0,0.0,18.0,2021,6,6,0,0.0,0.0,0.0
20211222,2021-06-20,22:30,UCAYALI,PE-18C,24.0,DESPISTE,0,1.0,22.0,2021,6,6,0,1.1,1.1,7.0
20211222,2021-06-20,05:20,LIMA,PE-1S,34.0,DESPISTE,0,0.0,5.0,2021,6,6,0,0.3,0.3,3.0
20211222,2021-06-20,23:20,LIMA,PE-1S,50.0,DESPISTE,0,0.0,23.0,2021,6,6,0,0.3,0.3,3.0
20211222,2021-06-20,17:30,LAMBAYEQUE,PE-1NJ,63.0,CHOQUE,0,2.0,17.0,2021,6,6,0,0.0,0.0,0.0
20211222,2021-06-20,00:05,LIMA,PE-1S,93.0,DESPISTE,1,1.0,0.0,2021,6,6,1,0.3,0.3,3.0
20211222,2021-06-20,19:00,ANCASH,PE-16,115.0,CHOQUE,0,2.0,19.0,2021,6,6,0,0.1,0.1,1.0
20211222,2021-06-20,06:05,LIMA,PE-22,121.0,DESPISTE,0,0.0,6.0,2021,6,6,0,0.3,0.3,3.0
20211222,2021-06-20,00:30,HUANCAVELICA,PE-28A,168.0,ATROPELLO,1,0.0,0.0,2021,6,6,1,0.1,0.1,1.0
20211222,2021-06-20,23:40,LIMA,PE-1N,173.0,CHOQUE,0,1.0,23.0,2021,6,6,0,0.3,0.3,3.0
20211222,2021-06-20,09:10,ICA,PE-1S,178.0,DESPISTE,0,4.0,9.0,2021,6,6,0,0.0,0.0,0.0
20211222,2021-06-20,17:50,MOQUEGUA,PE-1SD,197.0,DESPISTE,0,1.0,17.0,2021,6,6,0,0.0,0.0,0.0
20211222,2021-06-20,11:10,MOQUEGUA,PE-36A,215.0,CHOQUE,0,0.0,11.0,2021,6,6,0,0.0,0.0,0.0
20211222,2021-06-20,20:40,AMAZONAS,PE-5N,256.0,DESPISTE,0,2.0,20.0,2021,6,6,0,0.0,0.0,0.0
20211222,2021-06-20,20:20,SAN MARTIN,PE-5N,377.0,CHOQUE,0,0.0,20.0,2021,6,6,0,1.5,1.5,7.0
20211222,2021-06-20,00:05,ANCASH,PE-1N,415.0,CHOQUE,1,0.0,0.0,2021,6,6,1,0.1,0.1,1.0
20211222,2021-06-20,13:30,AREQUIPA,PE-1S,598.0,CHOQUE,0,0.0,13.0,2021,6,6,0,0.0,0.0,0.0
20211222,2021-06-20,19:30,AREQUIPA,PE-1S,623.0,CHOQUE,0,1.0,19.0,2021,6,6,0,0.0,0.0,0.0
20211222,2021-06-20,09:15,SAN MARTIN,PE-5N,793.0,DESPISTE,0,1.0,9.0,2021,6,6,0,1.5,1.5,7.0
20211222,2021-06-20,20:30,AREQUIPA,PE-1S,863.0,DESPISTE,0,0.0,20.0,2021,6,6,0,0.0,0.0,0.0
20211222,2021-06-20,11:40,AREQUIPA,PE-1S,885.0,DESPISTE,0,2.0,11.0,2021,6,6,0,0.0,0.0,0.0
20211222,2021-06-20,21:30,PIURA,PE-1N,980.0,CHOQUE,0,0.0,21.0,2021,6,6,0,0.0,0.0,0.0
20211222,2021-06-20,20:30,AREQUIPA,PE-1S,1040.0,DESPISTE,0,0.0,20.0,2021,6,6,0,0.0,0.0,0.0
20211222,2021-06-20,20:35,PIURA,PE-1NL,1120.0,DESPISTE,0,1.0,20.0,2021,6,6,0,0.0,0.0,0.0
20211222,2021-06-20,16:35,PUNO,PE-3S,1348.0,DESPISTE,0,0.0,16.0,2021,6,6,0,0.0,0.0,0.0
20211222,2021-06-21,19:15,LORETO,LO-103,6.0,DESPISTE,0,1.0,19.0,2021,6,0,0,2.7,2.7,11.0
20211222,2021-06-21,N.I.,CAJAMARCA,PE-3N,12.0,CHOQUE,0,3.0,,2021,6,0,0,0.5,0.5,3.0
20211222,2021-06-21,06:39,LIMA,PE-1S,24.0,ATROPELLO,0,0.0,6.0,2021,6,0,0,0.0,0.0,0.0
20211222,2021-06-21,16:25,CAJAMARCA,PE-08A,29.0,DESPISTE,0,1.0,16.0,2021,6,0,0,0.5,0.5,3.0
20211222,2021-06-21,13:30,CAJAMARCA,PE-08A,32.0,CHOQUE,1,3.0,13.0,2021,6,0,1,0.5,0.5,3.0
20211222,2021-06-21,07:30,LIMA,PE-1N,71.0,DESPISTE,0,3.0,7.0,2021,6,0,0,0.0,0.0,0.0
20211222,2021-06-21,06:20,LAMBAYEQUE,PE-1NJ,80.0,CHOQUE,0,1.0,6.0,2021,6,0,0,0.0,0.0,0.0
20211222,2021-06-21,06:26,LIMA,PE-1S,93.0,CHOQUE,0,1.0,6.0,2021,6,0,0,0.0,0.0,0.0
20211222,2021-06-21,07:00,LIMA,PE-1N,104.0,DESPISTE,0,0.0,7.0,2021,6,0,0,0.0,0.0,0.0
20211222,2021-06-21,09:30,ANCASH,PE-3N,144.0,DESPISTE,0,0.0,9.0,2021,6,0,0,0.3,0.3,3.0
20211222,2021-06-21,07:10,LIMA,PE-1N,159.0,CHOQUE,0,2.0,7.0,2021,6,0,0,0.0,0.0,0.0
20211222,2021-06-21,09:14,ANCASH,PE-3N,165.0,DESPISTE,0,4.0,9.0,2021,6,0,0,0.3,0.3,3.0
20211222,2021-06-21,12:40,ANCASH,PE-1N,240.0,DESPISTE,0,3.0,12.0,2021,6,0,0,0.3,0.3,3.0
20211222,2021-06-21,16:00,MADRE DE DIOS,PE-30C,269.0,DESPISTE,0,0.0,16.0,2021,6,0,0,0.4,0.4,4.0
20211222,2021-06-21,19:00,ICA,PE-1S,329.0,ATROPELLO,0,1.0,19.0,2021,6,0,0,0.0,0.0,0.0
20211222,2021-06-21,04:40,APURIMAC,PE-30A,404.0,DESPISTE,0,0.0,4.0,2021,6,0,0,0.0,0.0,0.0
20211222,2021-06-21,17:30,ANCASH,PE-1N,440.0,CHOQUE,0,0.0,17.0,2021,6,0,0,0.3,0.3,3.0
20211222,2021-06-21,21:00,MADRE DE DIOS,PE-30C,493.0,CHOQUE,0,1.0,21.0,2021,6,0,0,0.4,0.4,4.0
20211222,2021-06-21,16:00,CUSCO,PE-3S,909.0,DESPISTE,0,1.0,16.0,2021,6,0,0,0.3,0.3,2.0
20211222,2021-06-22,07:00,PIURA,PE-1NL,7.0,CHOQUE,1,3.0,7.0,2021,6,1,1,0.0,0.0,0.0
20211222,2021-06-22,07:45,MOQUEGUA,PE-36A,18.0,CHOQUE,0,2.0,7.0,2021,6,1,0,0.0,0.0,0.0
20211222,2021-06-22,18:20,LIMA,PE-1NE,19.0,DESPISTE,0,1.0,18.0,2021,6,1,0,0.0,0.0,0.0
20211222,2021-06-22,10:30,AREQUIPA,AR-106,20.0,DESPISTE,0,2.0,10.0,2021,6,1,0,0.0,0.0,0.0
20211222,2021-06-22,17:45,LAMBAYEQUE,PE-06A,51.0,CHOQUE,0,1.0,17.0,2021,6,1,0,0.0,0.0,0.0
20211222,2021-06-22,23:00,LIMA,PE-1S,51.0,DESPISTE,0,1.0,23.0,2021,6,1,0,0.0,0.0,0.0
20211222,2021-06-22,04:20,LIMA,PE-22,55.0,CHOQUE,0,3.0,4.0,2021,6,1,0,0.0,0.0,0.0
20211222,2021-06-22,05:20,LIMA,PE-22,81.0,DESPISTE,0,0.0,5.0,2021,6,1,0,0.0,0.0,0.0
20211222,2021-06-22,22:10,LIMA,PE-1S,81.0,ESPECIAL,0,0.0,22.0,2021,6,1,0,0.0,0.0,0.0
20211222,2021-06-22,17:00,CAJAMARCA,PE-08B,85.0,VOLCADURA,0,0.0,17.0,2021,6,1,0,0.7,0.7,5.0
20211222,2021-06-22,01:00,LIMA,PE-22,85.0,ESPECIAL,1,1.0,1.0,2021,6,1,1,0.0,0.0,0.0
20211222,2021-06-22,10:40,ANCASH,PE-16,105.0,CHOQUE,0,0.0,10.0,2021,6,1,0,0.2,0.2,2.0
20211222,2021-06-22,00:25,LIMA,PE-1S,118.0,CHOQUE,2,3.0,0.0,2021,6,1,1,0.0,0.0,0.0
20211222,2021-06-22,15:30,PASCO,PE-3N,141.0,DESPISTE,0,0.0,15.0,2021,6,1,0,0.7,0.6,2.0
20211222,2021-06-22,04:00,AYACUCHO,PE-30A,257.0,DESPISTE,0,1.0,4.0,2021,6,1,0,0.0,0.0,0.0
20211222,2021-06-22,10:30,APURIMAC,PE-30A,385.0,CHOQUE,0,0.0,10.0,2021,6,1,0,0.2,0.2,1.0
20211222,2021-06-22,20:10,MADRE DE DIOS,PE-30C,396.0,CHOQUE,0,1.0,20.0,2021,6,1,0,0.9,0.9,7.0
20211222,2021-06-22,23:00,AYACUCHO,PE-3S,489.0,CHOQUE,1,4.0,23.0,2021,6,1,1,0.0,0.0,0.0
20211222,2021-06-22,16:30,SAN MARTIN,PE-5N,668.0,DESPISTE,0,2.0,16.0,2021,6,1,0,0.1,0.1,1.0
20211222,2021-06-22,05:30,LAMBAYEQUE,PE-1N,736.0,DESPISTE,0,0.0,5.0,2021,6,1,0,0.0,0.0,0.0
20211222,2021-06-22,06:30,LAMBAYEQUE,PE-1N,808.0,CHOQUE,0,1.0,6.0,2021,6,1,0,0.0,0.0,0.0
20211222,2021-06-22,10:05,AREQUIPA,PE-1S,860.0,CHOQUE,0,0.0,10.0,2021,6,1,0,0.0,0.0,0.0
20211222,2021-06-23,17:10,LORETO,LO-103,3.0,DESPISTE,0,1.0,17.0,2021,6,2,0,0.7,0.7,6.0
20211222,2021-06-23,16:45,ANCASH,PE-3N,12.0,DESPISTE,0,2.0,16.0,2021,6,2,0,0.0,0.0,0.0
20211222,2021-06-23,19:00,LORETO,LO-103,16.0,CHOQUE,1,0.0,19.0,2021,6,2,1,0.7,0.7,6.0
20211222,2021-06-23,09:20,LIMA,PE-1S,54.0,DESPISTE,0,1.0,9.0,2021,6,2,0,0.0,0.0,0.0
20211222,2021-06-23,20:00,CUSCO,PE-28B,57.0,CHOQUE,0,10.0,20.0,2021,6,2,0,0.0,0.0,0.0
20211222,2021-06-23,18:00,LAMBAYEQUE,PE-1NJ,92.0,CHOQUE,0,4.0,18.0,2021,6,2,0,0.0,0.0,0.0
20211222,2021-06-23,04:30,AREQUIPA,PE-34A,185.0,DESPISTE,0,0.0,4.0,2021,6,2,0,0.0,0.0,0.0
20211222,2021-06-23,04:50,ANCASH,PE-1N,335.0,DESPISTE,0,0.0,4.0,2021,6,2,0,0.0,0.0,0.0
20211222,2021-06-23,17:30,APURIMAC,PE-30A,385.0,DESPISTE,0,0.0,17.0,2021,6,2,0,0.0,0.0,0.0
20211222,2021-06-23,21:00,LA LIBERTAD,PE-1N,517.0,CHOQUE,0,1.0,21.0,2021,6,2,0,0.0,0.0,0.0
20211222,2021-06-23,06:00,LAMBAYEQUE,PE-1N,847.0,DESPISTE,0,4.0,6.0,2021,6,2,0,0.0,0.0,0.0
20211222,2021-06-23,13:00,PUNO,PE-3S,1355.0,DESPISTE,0,1.0,13.0,2021,6,2,0,0.0,0.0,0.0
20211222,2021-06-24,05:00,LAMBAYEQUE,PE-1NJ,1.0,CHOQUE,0,0.0,5.0,2021,6,3,0,0.0,0.0,0.0
20211222,2021-06-24,19:15,ANCASH,PE-3N,9.0,DESPISTE,0,2.0,19.0,2021,6,3,0,0.1,0.1,1.0
20211222,2021-06-24,22:50,CAJAMARCA,PE-3N,13.0,DESPISTE,0,1.0,22.0,2021,6,3,0,0.0,0.0,0.0
20211222,2021-06-24,16:35,LORETO,LO-103,13.0,CHOQUE,0,2.0,16.0,2021,6,3,0,0.6,0.6,4.0
20211222,2021-06-24,10:10,UCAYALI,PE-18C,17.0,ATROPELLO,0,1.0,10.0,2021,6,3,0,0.1,0.1,1.0
20211222,2021-06-24,08:50,CAJAMARCA,PE-3N,28.0,CHOQUE,0,1.0,8.0,2021,6,3,0,0.0,0.0,0.0
20211222,2021-06-24,10:00,LIMA,PE-1N,48.0,CHOQUE,0,0.0,10.0,2021,6,3,0,0.1,0.1,1.0
20211222,2021-06-24,15:10,ANCASH,PE-16,88.0,DESPISTE,0,0.0,15.0,2021,6,3,0,0.1,0.1,1.0
20211222,2021-06-24,16:50,CAJAMARCA,PE-3N,165.0,DESPISTE,0,5.0,16.0,2021,6,3,0,0.0,0.0,0.0
20211222,2021-06-24,11:35,ANCASH,PE-1N,253.0,DESPISTE,0,1.0,11.0,2021,6,3,0,0.1,0.1,1.0
20211222,2021-06-24,20:20,MADRE DE DIOS,PE-30C,394.0,CHOQUE,2,1.0,20.0,2021,6,3,1,0.4,0.4,4.0
20211222,2021-06-24,07:00,HUANUCO,PE-5N,483.0,DESPISTE,0,1.0,7.0,2021,6,3,0,0.0,0.0,0.0
20211222,2021-06-24,15:20,LA LIBERTAD,PE-1N,561.0,CHOQUE,3,7.0,15.0,2021,6,3,1,0.0,0.0,0.0
20211222,2021-06-24,09:00,APURIMAC,PE-3S,766.0,CHOQUE,0,3.0,9.0,2021,6,3,0,0.0,0.0,0.0
20211222,2021-06-24,10:00,CUSCO,PE-3S,928.0,DESPISTE,2,2.0,10.0,2021,6,3,1,0.1,0.1,1.0
20211222,2021-06-24,10:00,AREQUIPA,PE-1S,969.0,CHOQUE,0,2.0,10.0,2021,6,3,0,0.0,0.0,0.0
20211222,2021-06-24,18:30,PIURA,PE-1NL,1065.0,CHOQUE,0,1.0,18.0,2021,6,3,0,0.0,0.0,0.0
20211222,2021-06-25,06:00,CALLAO,PE-20C,5.0,CHOQUE,1,0.0,6.0,2021,6,4,1,0.0,0.0,0.0
20211222,2021-06-25,09:40,JUNIN,PE-3N,37.0,DESPISTE,0,1.0,9.0,2021,6,4,0,0.0,0.0,0.0
20211222,2021-06-25,13:55,CAJAMARCA,PE-3N,61.0,CHOQUE,0,2.0,13.0,2021,6,4,0,0.0,0.0,0.0
20211222,2021-06-25,10:50,LIMA,PE-1S,140.0,DESPISTE,0,0.0,10.0,2021,6,4,0,0.0,0.0,0.0
20211222,2021-06-25,11:05,JUNIN,PE-22,146.0,ATROPELLO,0,1.0,11.0,2021,6,4,0,0.0,0.0,0.0
20211222,2021-06-25,12:00,AMAZONAS,PE-5N,269.0,DESPISTE,0,2.0,12.0,2021,6,4,0,0.0,0.0,0.0
20211222,2021-06-25,07:45,HUANUCO,PE-5N,483.0,CHOQUE,0,1.0,7.0,2021,6,4,0,0.0,0.0,0.0
20211222,2021-06-25,15:00,CUSCO,PE-3S,940.0,DESPISTE,0,2.0,15.0,2021,6,4,0,0.1,0.1,1.0
20211222,2021-06-26,23:55,LA LIBERTAD,PE-10A,8.0,CHOQUE,0,2.0,23.0,2021,6,5,0,0.0,0.0,0.0
20211222,2021-06-26,07:50,AREQUIPA,PE-1SD,10.0,DESPISTE,0,1.0,7.0,2021,6,5,0,0.0,0.0,0.0
20211222,2021-06-26,20:30,LA LIBERTAD,PE-08,12.0,CHOQUE,0,0.0,20.0,2021,6,5,0,0.0,0.0,0.0
20211222,2021-06-26,19:40,AREQUIPA,PE-34A,20.0,DESPISTE,0,0.0,19.0,2021,6,5,0,0.0,0.0,0.0
20211222,2021-06-26,02:00,ANCASH,PE-16,62.0,ESPECIAL,0,0.0,2.0,2021,6,5,0,0.0,0.0,0.0
20211222,2021-06-26,12:10,LIMA,PE-1N,71.0,DESPISTE,0,0.0,12.0,2021,6,5,0,0.0,0.0,0.0
20211222,2021-06-26,08:20,CAJAMARCA,PE-08,81.0,CHOQUE,0,0.0,8.0,2021,6,5,0,0.1,0.1,1.0
20211222,2021-06-26,07:50,LIMA,PE-1N,104.0,DESPISTE,0,0.0,7.0,2021,6,5,0,0.0,0.0,0.0
20211222,2021-06-26,13:05,CAJAMARCA,PE-3N,105.0,DESPISTE,0,3.0,13.0,2021,6,5,0,0.1,0.1,1.0
20211222,2021-06-26,08:00,LIMA,PE-1N,111.0,CHOQUE,0,0.0,8.0,2021,6,5,0,0.0,0.0,0.0
20211222,2021-06-26,10:00,JUNIN,PE-22,154.0,ESPECIAL,0,0.0,10.0,2021,6,5,0,0.0,0.0,0.0
20211222,2021-06-26,19:35,ANCASH,PE-3N,165.0,DESPISTE,0,1.0,19.0,2021,6,5,0,0.0,0.0,0.0
20211222,2021-06-26,20:30,ICA,PE-1S,225.0,DESPISTE,0,1.0,20.0,2021,6,5,0,0.0,0.0,0.0
20211222,2021-06-26,17:30,ICA,PE-1S,245.0,CHOQUE,0,4.0,17.0,2021,6,5,0,0.0,0.0,0.0
20211222,2021-06-26,18:20,PUNO,PE-30C,249.0,CHOQUE,0,1.0,18.0,2021,6,5,0,0.0,0.0,0.0
20211222,2021-06-26,15:30,PUNO,PE-34B,338.0,DESPISTE,0,0.0,15.0,2021,6,5,0,0.0,0.0,0.0
20211222,2021-06-26,10:18,UCAYALI,PE-5N,455.0,CHOQUE,0,1.0,10.0,2021,6,5,0,0.3,0.3,3.0
20211222,2021-06-26,07:00,AREQUIPA,PE-1S,642.0,DESPISTE,0,0.0,7.0,2021,6,5,0,0.0,0.0,0.0
20211222,2021-06-26,05:40,AREQUIPA,PE-1S,789.0,CHOQUE,0,4.0,5.0,2021,6,5,0,0.0,0.0,0.0
20211222,2021-06-26,13:00,CUSCO,PE-3S,893.0,DESPISTE,0,24.0,13.0,2021,6,5,0,0.0,0.0,0.0
20211222,2021-06-26,04:00,PUNO,PE-3S,1371.0,DESPISTE,0,6.0,4.0,2021,6,5,0,0.0,0.0,0.0
20211222,2021-06-27,09:00,PASCO,PE-5NA,20.0,DESPISTE,0,3.0,9.0,2021,6,6,0,0.7,0.6,4.0
20211222,2021-06-27,14:30,UCAYALI,PE-18C,25.0,DESPISTE,0,1.0,14.0,2021,6,6,0,0.7,0.7,4.0
20211222,2021-06-27,10:00,CUSCO,PE-34F,35.0,DESPISTE,0,0.0,10.0,2021,6,6,0,0.1,0.1,1.0
20211222,2021-06-27,13:45,PUNO,PE-34H,43.0,DESPISTE,0,1.0,13.0,2021,6,6,0,0.0,0.0,0.0
20211222,2021-06-27,20:00,PIURA,PE-02,48.0,CHOQUE,0,2.0,20.0,2021,6,6,0,0.0,0.0,0.0
20211222,2021-06-27,21:30,AYACUCHO,PE-30A,73.0,DESPISTE,0,0.0,21.0,2021,6,6,0,0.0,0.0,0.0
20211222,2021-06-27,05:40,JUNIN,PE-5S,129.0,CHOQUE,0,1.0,5.0,2021,6,6,0,0.3,0.3,2.0
20211222,2021-06-27,20:30,AMAZONAS,PE-08B,323.0,CHOQUE,0,1.0,20.0,2021,6,6,0,0.7,0.7,5.0
20211222,2021-06-27,04:05,SAN MARTIN,PE-5N,454.0,CHOQUE,0,3.0,4.0,2021,6,6,0,0.7,0.7,3.0
20211222,2021-06-27,14:50,AREQUIPA,PE-1S,700.0,DESPISTE,0,0.0,14.0,2021,6,6,0,0.0,0.0,0.0
20211222,2021-06-27,10:50,AREQUIPA,PE-1S,724.0,CHOQUE,0,0.0,10.0,2021,6,6,0,0.0,0.0,0.0
20211222,2021-06-27,08:20,LAMBAYEQUE,PE-1N,836.0,DESPISTE,0,0.0,8.0,2021,6,6,0,0.0,0.0,0.0
20211222,2021-06-28,13:45,LAMBAYEQUE,PE-04B,5.0,DESPISTE,0,0.0,13.0,2021,6,0,0,0.0,0.0,0.0
20211222,2021-06-28,18:00,CUSCO,CU-125,15.0,DESPISTE,0,1.0,18.0,2021,6,0,0,0.3,0.3,2.0
20211222,2021-06-28,12:30,HUANCAVELICA,PE-26,28.0,DESPISTE,1,1.0,12.0,2021,6,0,1,2.3,2.3,10.0
20211222,2021-06-28,11:30,LAMBAYEQUE,PE-1NJ,81.0,CHOQUE,1,1.0,11.0,2021,6,0,1,0.0,0.0,0.0
20211222,2021-06-28,03:50,JUNIN,PE-3SB,99.0,DESPISTE,0,1.0,3.0,2021,6,0,0,2.4,2.4,10.0
20211222,2021-06-28,07:30,AYACUCHO,PE-30A,103.0,DESPISTE,0,1.0,7.0,2021,6,0,0,0.0,0.0,0.0
20211222,2021-06-28,15:30,PIURA,PE-1NJ,152.0,ATROPELLO,0,0.0,15.0,2021,6,0,0,0.0,0.0,0.0
20211222,2021-06-28,14:40,ANCASH,PE-3N,157.0,DESPISTE,0,6.0,14.0,2021,6,0,0,0.5,0.5,2.0
20211222,2021-06-28,14:30,HUANCAVELICA,PE-3S,157.0,DESPISTE,0,2.0,14.0,2021,6,0,0,2.3,2.3,10.0
20211222,2021-06-28,19:30,ANCASH,PE-3N,172.0,DESPISTE,0,1.0,19.0,2021,6,0,0,0.5,0.5,2.0
20211222,2021-06-28,16:45,MADRE DE DIOS,PE-30C,321.0,CHOQUE,0,1.0,16.0,2021,6,0,0,8.3,8.3,10.0
20211222,2021-06-28,17:30,ANCASH,PE-1N,396.0,DESPISTE,0,1.0,17.0,2021,6,0,0,0.5,0.5,2.0
20211222,2021-06-28,06:30,CUSCO,PE-3S,945.0,CHOQUE,0,1.0,6.0,2021,6,0,0,0.3,0.3,2.0
20211222,2021-06-29,18:30,LORETO,LO-103,8.0,DESPISTE,0,0.0,18.0,2021,6,1,0,19.5,19.5,18.0
20211222,2021-06-29,18:45,LIMA,PE-1NA,18.0,DESPISTE,0,2.0,18.0,2021,6,1,0,0.0,0.0,0.0
20211222,2021-06-29,08:00,UCAYALI,PE-18C,28.0,CHOQUE,0,3.0,8.0,2021,6,1,0,5.5,5.5,20.0
20211222,2021-06-29,21:30,LIMA,PE-1S,43.0,DESPISTE,0,0.0,21.0,2021,6,1,0,0.0,0.0,0.0
20211222,2021-06-29,20:45,LIMA,PE-1S,57.0,DESPISTE,0,2.0,20.0,2021,6,1,0,0.0,0.0,0.0
20211222,2021-06-29,12:43,PUNO,PE-36B,59.0,DESPISTE,0,0.0,12.0,2021,6,1,0,0.0,0.0,0.0
20211222,2021-06-29,11:20,JUNIN,PE-3S,63.0,CHOQUE,0,2.0,11.0,2021,6,1,0,0.0,0.0,0.0
20211222,2021-06-29,08:35,LIMA,PE-1N,78.0,CHOQUE,0,1.0,8.0,2021,6,1,0,0.0,0.0,0.0
20211222,2021-06-29,17:00,CAJAMARCA,PE-08B,85.0,CHOQUE,0,3.0,17.0,2021,6,1,0,0.2,0.2,2.0
20211222,2021-06-29,20:00,CUSCO,PE-28B,93.0,DESPISTE,0,1.0,20.0,2021,6,1,0,0.0,0.0,0.0
20211222,2021-06-29,08:00,JUNIN,PE-5S,127.0,CHOQUE,0,2.0,8.0,2021,6,1,0,0.0,0.0,0.0
20211222,2021-06-29,23:00,AMAZONAS,PE-5N,209.0,DESPISTE,0,2.0,23.0,2021,6,1,0,1.0,1.0,4.0
20211222,2021-06-29,14:30,AMAZONAS,PE-5N,365.0,CHOQUE,0,0.0,14.0,2021,6,1,0,1.0,1.0,4.0
20211222,2021-06-29,05:55,PUNO,PE-3S,1369.0,CHOQUE,0,0.0,5.0,2021,6,1,0,0.0,0.0,0.0
20211222,2021-06-30,19:30,UCAYALI,PE-18C,17.0,ATROPELLO,1,0.0,19.0,2021,6,2,1,0.0,0.0,0.0
20211222,2021-06-30,21:50,LIMA,PE-1S,32.0,CHOQUE,1,2.0,21.0,2021,6,2,1,0.0,0.0,0.0
20211222,2021-06-30,05:30,JUNIN,PE-22B,84.0,VOLCADURA,0,0.0,5.0,2021,6,2,0,0.0,0.0,0.0
20211222,2021-06-30,20:40,LIMA,PE-22,112.0,CHOQUE,0,0.0,20.0,2021,6,2,0,0.0,0.0,0.0
20211222,2021-06-30,05:56,JUNIN,PE-5S,118.0,DESPISTE,0,2.0,5.0,2021,6,2,0,0.0,0.0,0.0
20211222,2021-06-30,18:05,LIMA,PE-1S,129.0,DESPISTE,0,3.0,18.0,2021,6,2,0,0.0,0.0,0.0
20211222,2021-06-30,04:50,LIMA,PE-1N,162.0,VOLCADURA,0,0.0,4.0,2021,6,2,0,0.0,0.0,0.0
20211222,2021-06-30,12:25,CAJAMARCA,PE-06A,175.0,DESPISTE,0,0.0,12.0,2021,6,2,0,0.7,0.7,4.0
20211222,2021-06-30,09:00,HUANUCO,PE-18A,472.0,DESPISTE,0,0.0,9.0,2021,6,2,0,0.4,0.4,4.0
20211222,2021-06-30,17:57,SAN MARTIN,PE-5N,566.0,CHOQUE,0,5.0,17.0,2021,6,2,0,0.3,0.3,3.0
20211222,2021-07-01,05:30,JUNIN,PE-3S,5.0,DESPISTE,0,0.0,5.0,2021,7,3,0,0.0,0.0,0.0
20211222,2021-07-01,07:10,LIMA,PE-1NE,6.0,CHOQUE,0,1.0,7.0,2021,7,3,0,0.0,0.0,0.0
20211222,2021-07-01,22:45,JUNIN,PE-3N,60.0,CHOQUE,0,1.0,22.0,2021,7,3,0,0.0,0.0,0.0
20211222,2021-07-01,07:30,LIMA,PE-1N,67.0,CHOQUE,0,3.0,7.0,2021,7,3,0,0.0,0.0,0.0
20211222,2021-07-01,11:00,ICA,PE-28A,69.0,ESPECIAL,0,0.0,11.0,2021,7,3,0,0.0,0.0,0.0
20211222,2021-07-01,09:35,LIMA,PE-1S,91.0,DESPISTE,0,1.0,9.0,2021,7,3,0,0.0,0.0,0.0
20211222,2021-07-01,00:35,LIMA,PE-22,120.0,DESPISTE,1,0.0,0.0,2021,7,3,1,0.0,0.0,0.0
20211222,2021-07-01,16:10,LA LIBERTAD,PE-10A,123.0,CHOQUE,0,3.0,16.0,2021,7,3,0,0.0,0.0,0.0
20211222,2021-07-01,15:00,ANCASH,PE-1N,246.0,DESPISTE,1,3.0,15.0,2021,7,3,1,0.2,0.2,2.0
20211222,2021-07-01,05:30,ANCASH,PE-1N,353.0,CHOQUE,0,1.0,5.0,2021,7,3,0,0.2,0.2,2.0
20211222,2021-07-01,13:20,SAN MARTIN,PE-5N,749.0,DESPISTE,0,0.0,13.0,2021,7,3,0,0.1,0.1,1.0
20211222,2021-07-01,09:20,PUNO,PE-3S,1390.0,CHOQUE,0,0.0,9.0,2021,7,3,0,0.0,0.0,0.0
20211222,2021-07-01,07:20,PUNO,PE-3S,1401.0,DESPISTE,0,0.0,7.0,2021,7,3,0,0.0,0.0,0.0
20211222,2021-07-02,23:50,LA LIBERTAD,PE-08,5.0,CHOQUE,0,2.0,23.0,2021,7,4,0,0.0,0.0,0.0
20211222,2021-07-02,16:30,LIMA,PE-1S,23.0,ATROPELLO,0,0.0,16.0,2021,7,4,0,0.0,0.0,0.0
20211222,2021-07-02,13:30,JUNIN,PE-3N,32.0,DESPISTE,0,0.0,13.0,2021,7,4,0,0.0,0.0,0.0
20211222,2021-07-02,13:06,LIMA,PE-22,51.0,DESPISTE,0,1.0,13.0,2021,7,4,0,0.0,0.0,0.0
20211222,2021-07-02,04:30,LIMA,PE-22,92.0,DESPISTE,0,0.0,4.0,2021,7,4,0,0.0,0.0,0.0
20211222,2021-07-02,14:00,PUNO,PE-34B,155.0,DESPISTE,0,2.0,14.0,2021,7,4,0,0.0,0.0,0.0
20211222,2021-07-02,00:00,ICA,PE-1S,188.0,ESPECIAL,0,0.0,0.0,2021,7,4,0,0.0,0.0,0.0
20211222,2021-07-02,10:20,PUNO,PE-34A,217.0,CHOQUE,0,0.0,10.0,2021,7,4,0,0.0,0.0,0.0
20211222,2021-07-02,17:25,ANCASH,PE-1N,396.0,DESPISTE,0,0.0,17.0,2021,7,4,0,0.0,0.0,0.0
20211222,2021-07-02,00:30,ICA,PE-1S,442.0,VOLCADURA,0,1.0,0.0,2021,7,4,0,0.0,0.0,0.0
20211222,2021-07-02,21:50,HUANUCO,PE-5N,481.0,DESPISTE,0,1.0,21.0,2021,7,4,0,0.0,0.0,0.0
20211222,2021-07-02,21:35,LA LIBERTAD,PE-1N,519.0,VOLCADURA,0,0.0,21.0,2021,7,4,0,0.0,0.0,0.0
20211222,2021-07-02,17:00,AREQUIPA,PE-1S,862.0,DESPISTE,0,1.0,17.0,2021,7,4,0,0.0,0.0,0.0
20211222,2021-07-02,07:45,PIURA,PE-1N,954.0,CHOQUE,0,3.0,7.0,2021,7,4,0,0.0,0.0,0.0
20211222,2021-07-02,07:45,PIURA,PE-1N,1020.0,ESPECIAL,0,0.0,7.0,2021,7,4,0,0.0,0.0,0.0
20211222,2021-07-03,20:15,PUNO,PE-102,2.0,CHOQUE,0,1.0,20.0,2021,7,5,0,0.0,0.0,0.0
20211222,2021-07-03,22:50,MOQUEGUA,PE-36,7.0,CHOQUE,0,12.0,22.0,2021,7,5,0,0.0,0.0,0.0
20211222,2021-07-03,22:00,LIMA,PE-1NA,17.0,ESPECIAL,0,0.0,22.0,2021,7,5,0,0.0,0.0,0.0
20211222,2021-07-03,14:30,LIMA,PE-1N,26.0,DESPISTE,0,1.0,14.0,2021,7,5,0,0.0,0.0,0.0
20211222,2021-07-03,01:40,CUSCO,PE-34F,29.0,DESPISTE,1,1.0,1.0,2021,7,5,1,0.0,0.0,0.0
20211222,2021-07-03,20:00,CAJAMARCA,PE-5N,36.0,CHOQUE,0,2.0,20.0,2021,7,5,0,0.0,0.0,0.0
20211222,2021-07-03,05:50,LIMA,PE-1S,39.0,CHOQUE,0,0.0,5.0,2021,7,5,0,0.0,0.0,0.0
20211222,2021-07-03,18:40,LIMA,PE-20A,48.0,CHOQUE,0,1.0,18.0,2021,7,5,0,0.0,0.0,0.0
20211222,2021-07-03,12:40,HUANCAVELICA,PE-3SM,52.0,CHOQUE,0,1.0,12.0,2021,7,5,0,0.0,0.0,0.0
20211222,2021-07-03,19:45,LIMA,PE-20A,69.0,CHOQUE,0,2.0,19.0,2021,7,5,0,0.0,0.0,0.0
20211222,2021-07-03,N.I.,CAJAMARCA,PE-3N,89.0,CHOQUE,0,1.0,,2021,7,5,0,0.0,0.0,0.0
20211222,2021-07-03,20:00,LIMA,PE-1N,140.0,DESPISTE,0,2.0,20.0,2021,7,5,0,0.0,0.0,0.0
20211222,2021-07-03,19:05,AREQUIPA,PE-34A,172.0,CHOQUE,0,1.0,19.0,2021,7,5,0,0.0,0.0,0.0
20211222,2021-07-03,02:50,ANCASH,PE-1N,245.0,CHOQUE,0,0.0,2.0,2021,7,5,0,0.0,0.0,0.0
20211222,2021-07-03,10:30,AMAZONAS,PE-5N,332.0,CHOQUE,0,4.0,10.0,2021,7,5,0,0.0,0.0,0.0
20211222,2021-07-03,13:45,ANCASH,PE-1N,338.0,DESPISTE,0,0.0,13.0,2021,7,5,0,0.0,0.0,0.0
20211222,2021-07-03,06:10,ANCASH,PE-1N,383.0,DESPISTE,0,2.0,6.0,2021,7,5,0,0.0,0.0,0.0
20211222,2021-07-03,20:38,LAMBAYEQUE,PE-1N,817.0,CHOQUE,1,2.0,20.0,2021,7,5,1,0.0,0.0,0.0
20211222,2021-07-03,13:35,PIURA,PE-1NL,1093.0,CHOQUE,0,3.0,13.0,2021,7,5,0,0.0,0.0,0.0
20211222,2021-07-04,06:30,CALLAO,PE-20,4.0,DESPISTE,0,1.0,6.0,2021,7,6,0,0.0,0.0,0.0
20211222,2021-07-04,06:00,LIMA,PE-22,29.0,CHOQUE,0,5.0,6.0,2021,7,6,0,0.0,0.0,0.0
20211222,2021-07-04,17:20,CAJAMARCA,PE-08B,38.0,DESPISTE,0,2.0,17.0,2021,7,6,0,0.0,0.0,0.0
20211222,2021-07-04,13:45,LIMA,PE-20A,46.0,DESPISTE,0,1.0,13.0,2021,7,6,0,0.0,0.0,0.0
20211222,2021-07-04,13:50,LIMA,PE-1S,83.0,DESPISTE,0,8.0,13.0,2021,7,6,0,0.0,0.0,0.0
20211222,2021-07-04,17:40,LIMA,PE-1N,185.0,DESPISTE,0,0.0,17.0,2021,7,6,0,0.0,0.0,0.0
20211222,2021-07-04,10:30,MOQUEGUA,PE-1SD,202.0,DESPISTE,0,1.0,10.0,2021,7,6,0,0.0,0.0,0.0
20211222,2021-07-04,04:30,MADRE DE DIOS,PE-30C,324.0,CHOQUE,0,1.0,4.0,2021,7,6,0,0.0,0.0,0.0
20211222,2021-07-04,15:40,APURIMAC,PE-30A,355.0,DESPISTE,0,2.0,15.0,2021,7,6,0,0.0,0.0,0.0
20211222,2021-07-04,13:30,SAN MARTIN,PE-5N,381.0,CHOQUE,0,0.0,13.0,2021,7,6,0,0.0,0.0,0.0
20211222,2021-07-04,19:30,SAN MARTIN,PE-5N,500.0,CHOQUE,0,1.0,19.0,2021,7,6,0,0.0,0.0,0.0
20211222,2021-07-04,11:20,SAN MARTIN,PE-5N,609.0,CHOQUE,0,0.0,11.0,2021,7,6,0,0.0,0.0,0.0
20211222,2021-07-04,17:20,AREQUIPA,PE-1S,1018.0,CHOQUE,1,0.0,17.0,2021,7,6,1,0.0,0.0,0.0
20211222,2021-07-05,20:50,LIMA,PE-1N,1.0,DESPISTE,0,0.0,20.0,2021,7,0,0,0.0,0.0,0.0
20211222,2021-07-05,06:10,LA LIBERTAD,PE-08,18.0,CHOQUE,1,0.0,6.0,2021,7,0,1,0.0,0.0,0.0
20211222,2021-07-05,21:15,LIMA,PE-22,112.0,DESPISTE,0,0.0,21.0,2021,7,0,0,0.0,0.0,0.0
20211222,2021-07-05,15:18,LIMA,PE-1N,182.0,CHOQUE,0,0.0,15.0,2021,7,0,0,0.0,0.0,0.0
20211222,2021-07-05,20:10,LIMA,PE-1N,200.0,CHOQUE,0,2.0,20.0,2021,7,0,0,0.0,0.0,0.0
20211222,2021-07-05,05:00,AYACUCHO,PE-28A,292.0,CHOQUE,0,1.0,5.0,2021,7,0,0,0.0,0.0,0.0
20211222,2021-07-05,07:30,APURIMAC,PE-30A,383.0,CHOQUE,0,2.0,7.0,2021,7,0,0,0.0,0.0,0.0
20211222,2021-07-05,19:00,SAN MARTIN,PE-5N,483.0,CHOQUE,0,1.0,19.0,2021,7,0,0,0.0,0.0,0.0
20211222,2021-07-05,11:30,AREQUIPA,PE-1S,597.0,ESPECIAL,0,0.0,11.0,2021,7,0,0,0.0,0.0,0.0
20211222,2021-07-05,07:00,LA LIBERTAD,PE-1N,689.0,CHOQUE,0,3.0,7.0,2021,7,0,0,0.0,0.0,0.0
20211222,2021-07-06,15:30,LIMA,PE-1S,26.0,DESPISTE,0,1.0,15.0,2021,7,1,0,0.0,0.0,0.0
20211222,2021-07-06,15:05,ICA,PE-1S,269.0,DESPISTE,0,2.0,15.0,2021,7,1,0,0.0,0.0,0.0
20211222,2021-07-06,12:58,ANCASH,PE-1N,427.0,CHOQUE,0,0.0,12.0,2021,7,1,0,0.0,0.0,0.0
20211222,2021-07-06,09:50,SAN MARTIN,PE-5N,452.0,CHOQUE,0,1.0,9.0,2021,7,1,0,0.0,0.0,0.0
20211222,2021-07-06,20:30,AREQUIPA,PE-1S,649.0,DESPISTE,0,2.0,20.0,2021,7,1,0,0.0,0.0,0.0
20211222,2021-07-06,15:00,LAMBAYEQUE,PE-1N,768.0,CHOQUE,0,0.0,15.0,2021,7,1,0,0.0,0.0,0.0
20211222,2021-07-06,00:25,AREQUIPA,PE-1S,1062.0,CHOQUE,0,2.0,0.0,2021,7,1,0,0.0,0.0,0.0
20211222,2021-07-07,20:20,LIMA,PE-1NA,10.0,CHOQUE,0,0.0,20.0,2021,7,2,0,0.0,0.0,0.0
20211222,2021-07-07,18:00,TACNA,PE-38,15.0,CHOQUE,6,16.0,18.0,2021,7,2,1,0.0,0.0,0.0
20211222,2021-07-07,15:30,LAMBAYEQUE,PE-1NJ,44.0,CHOQUE,0,1.0,15.0,2021,7,2,0,0.0,0.0,0.0
20211222,2021-07-07,04:39,LIMA,PE-1S,98.0,DESPISTE,0,0.0,4.0,2021,7,2,0,0.0,0.0,0.0
20211222,2021-07-07,07:00,MADRE DE DIOS,PE-30C,321.0,CHOQUE,1,0.0,7.0,2021,7,2,1,0.0,0.0,0.0
20211222,2021-07-07,07:45,APURIMAC,PE-30A,328.0,CHOQUE,0,2.0,7.0,2021,7,2,0,0.0,0.0,0.0
20211222,2021-07-07,18:00,AREQUIPA,PE-1S,609.0,DESPISTE,0,0.0,18.0,2021,7,2,0,0.0,0.0,0.0
20211222,2021-07-07,07:50,LA LIBERTAD,PE-1N,644.0,CHOQUE,1,0.0,7.0,2021,7,2,1,0.0,0.0,0.0
20211222,2021-07-07,10:56,CUSCO,PE-3S,1070.0,CHOQUE,0,0.0,10.0,2021,7,2,0,0.0,0.0,0.0
20211222,2021-07-08,14:30,TACNA,PE-38,3.0,DESPISTE,1,4.0,14.0,2021,7,3,1,0.2,0.2,2.0
20211222,2021-07-08,11:25,MOQUEGUA,PE-36A,13.0,CHOQUE,0,0.0,11.0,2021,7,3,0,0.0,0.0,0.0
20211222,2021-07-08,18:30,PUNO,PE-34H,38.0,CHOQUE,0,0.0,18.0,2021,7,3,0,0.0,0.0,0.0
20211222,2021-07-08,05:00,LIMA,PE-22,50.0,CHOQUE,1,7.0,5.0,2021,7,3,1,0.0,0.0,0.0
20211222,2021-07-08,18:10,LIMA,PE-1N,62.0,DESPISTE,0,0.0,18.0,2021,7,3,0,0.0,0.0,0.0
20211222,2021-07-08,20:00,LIMA,PE-1S,71.0,DESPISTE,0,2.0,20.0,2021,7,3,0,0.0,0.0,0.0
20211222,2021-07-08,06:20,LIMA,PE-1S,72.0,CHOQUE,0,0.0,6.0,2021,7,3,0,0.0,0.0,0.0
20211222,2021-07-08,23:39,LIMA,PE-22,82.0,DESPISTE,0,0.0,23.0,2021,7,3,0,0.0,0.0,0.0
20211222,2021-07-08,16:30,JUNIN,PE-22B,101.0,DESPISTE,0,0.0,16.0,2021,7,3,0,0.0,0.0,0.0
20211222,2021-07-08,00:00,LIMA,PE-22,121.0,CHOQUE,0,1.0,0.0,2021,7,3,0,0.0,0.0,0.0
20211222,2021-07-08,12:30,PASCO,PE-3N,132.0,DESPISTE,0,0.0,12.0,2021,7,3,0,0.0,0.0,0.0
20211222,2021-07-08,10:01,MOQUEGUA,PE-1SD,222.0,DESPISTE,0,0.0,10.0,2021,7,3,0,0.0,0.0,0.0
20211222,2021-07-08,15:10,ICA,PE-1S,362.0,DESPISTE,0,0.0,15.0,2021,7,3,0,0.0,0.0,0.0
20211222,2021-07-08,06:20,LA LIBERTAD,PE-1N,532.0,CHOQUE,0,0.0,6.0,2021,7,3,0,0.0,0.0,0.0
20211222,2021-07-08,19:00,SAN MARTIN,PE-5N,757.0,CHOQUE,0,3.0,19.0,2021,7,3,0,1.0,1.0,8.0
20211222,2021-07-08,20:10,AREQUIPA,PE-1S,778.0,ESPECIAL,0,0.0,20.0,2021,7,3,0,0.0,0.0,0.0
20211222,2021-07-08,09:10,CUSCO,PE-3S,1125.0,CHOQUE,0,0.0,9.0,2021,7,3,0,0.0,0.0,0.0
20211222,2021-07-09,14:50,JUNIN,PE-3N,0.0,ESPECIAL,0,1.0,14.0,2021,7,4,0,0.0,0.0,0.0
20211222,2021-07-09,23:30,CALLAO,PE-20,19.0,CHOQUE,0,1.0,23.0,2021,7,4,0,0.0,0.0,0.0
20211222,2021-07-09,11:45,ANCASH,AN-110,36.0,DESPISTE,0,0.0,11.0,2021,7,4,0,0.5,0.5,3.0
20211222,2021-07-09,12:45,LA LIBERTAD,PE-10A,65.0,CHOQUE,0,0.0,12.0,2021,7,4,0,0.0,0.0,0.0
20211222,2021-07-09,12:20,JUNIN,PE-5S,76.0,CHOQUE,0,3.0,12.0,2021,7,4,0,0.0,0.0,0.0
20211222,2021-07-09,07:15,LIMA,PE-1N,82.0,CHOQUE,0,1.0,7.0,2021,7,4,0,0.0,0.0,0.0
20211222,2021-07-09,11:45,LIMA,PE-1S,82.0,DESPISTE,0,4.0,11.0,2021,7,4,0,0.0,0.0,0.0
20211222,2021-07-09,23:25,AREQUIPA,PE-34A,85.0,VOLCADURA,0,0.0,23.0,2021,7,4,0,0.0,0.0,0.0
20211222,2021-07-09,02:00,LIMA,PE-1S,115.0,CHOQUE,0,0.0,2.0,2021,7,4,0,0.0,0.0,0.0
20211222,2021-07-09,03:35,HUANUCO,PE-18A,122.0,CHOQUE,1,0.0,3.0,2021,7,4,1,0.2,0.2,2.0
20211222,2021-07-09,16:30,LIMA,PE-22,125.0,CHOQUE,0,0.0,16.0,2021,7,4,0,0.0,0.0,0.0
20211222,2021-07-09,08:00,AREQUIPA,PE-34A,147.0,CHOQUE,0,5.0,8.0,2021,7,4,0,0.0,0.0,0.0
20211222,2021-07-09,14:00,ICA,PE-1S,201.0,CHOQUE,1,2.0,14.0,2021,7,4,1,0.0,0.0,0.0
20211222,2021-07-09,14:30,MOQUEGUA,PE-1SD,221.0,DESPISTE,0,0.0,14.0,2021,7,4,0,0.0,0.0,0.0
20211222,2021-07-09,16:20,CUSCO,PE-30C,232.0,DESPISTE,0,1.0,16.0,2021,7,4,0,0.4,0.4,2.0
20211222,2021-07-09,02:10,AMAZONAS,PE-5N,322.0,DESPISTE,0,0.0,2.0,2021,7,4,0,0.3,0.3,3.0
20211222,2021-07-09,20:00,MADRE DE DIOS,PE-30C,330.0,CHOQUE,0,2.0,20.0,2021,7,4,0,0.7,0.7,4.0
20211222,2021-07-09,20:30,MADRE DE DIOS,PE-30C,413.0,ATROPELLO,0,5.0,20.0,2021,7,4,0,0.7,0.7,4.0
20211222,2021-07-09,05:00,LAMBAYEQUE,PE-1N,840.0,CHOQUE,0,1.0,5.0,2021,7,4,0,0.0,0.0,0.0
20211222,2021-07-09,16:01,AREQUIPA,PE-1S,976.0,CHOQUE,0,4.0,16.0,2021,7,4,0,0.0,0.0,0.0
20211222,2021-07-10,16:01,AREQUIPA,AR-105,1.0,DESPISTE,0,2.0,16.0,2021,7,5,0,0.0,0.0,0.0
20211222,2021-07-10,07:50,JUNIN,PE-5S,3.0,CHOQUE,0,1.0,7.0,2021,7,5,0,1.0,1.0,2.0
20211222,2021-07-10,00:20,JUNIN,PE-5S,11.0,CHOQUE,0,1.0,0.0,2021,7,5,0,1.0,1.0,2.0
20211222,2021-07-10,12:45,LA LIBERTAD,PE-10C,19.0,CHOQUE,0,1.0,12.0,2021,7,5,0,0.0,0.0,0.0
20211222,2021-07-10,17:00,LIMA,PE-20C,24.0,DESPISTE,0,2.0,17.0,2021,7,5,0,0.0,0.0,0.0
20211222,2021-07-10,08:30,ANCASH,PE-16,48.0,ESPECIAL,0,3.0,8.0,2021,7,5,0,0.0,0.0,0.0
20211222,2021-07-10,19:44,CAJAMARCA,PE-3N,73.0,VOLCADURA,0,1.0,19.0,2021,7,5,0,0.2,0.2,2.0
20211222,2021-07-10,10:30,HUANUCO,PE-18A,83.0,CHOQUE,0,0.0,10.0,2021,7,5,0,0.0,0.0,0.0
20211222,2021-07-10,20:20,LIMA,PE-1S,108.0,CHOQUE,1,3.0,20.0,2021,7,5,1,0.0,0.0,0.0
20211222,2021-07-10,13:45,LIMA,PE-1S,126.0,DESPISTE,0,4.0,13.0,2021,7,5,0,0.0,0.0,0.0
20211222,2021-07-10,02:30,TUMBES,PE-1N,205.0,CHOQUE,0,1.0,2.0,2021,7,5,0,0.0,0.0,0.0
20211222,2021-07-10,07:20,MOQUEGUA,PE-1SD,221.0,DESPISTE,0,1.0,7.0,2021,7,5,0,0.0,0.0,0.0
20211222,2021-07-10,10:40,PIURA,PE-1NJ,255.0,ATROPELLO,2,0.0,10.0,2021,7,5,1,0.0,0.0,0.0
20211222,2021-07-10,08:30,ANCASH,PE-1N,350.0,CHOQUE,1,17.0,8.0,2021,7,5,1,0.0,0.0,0.0
20211222,2021-07-10,12:00,MADRE DE DIOS,PE-30C,389.0,DESPISTE,0,2.0,12.0,2021,7,5,0,1.0,1.0,5.0
20211222,2021-07-10,17:20,SAN MARTIN,PE-5N,523.0,CHOQUE,0,2.0,17.0,2021,7,5,0,2.2,2.2,7.0
20211222,2021-07-10,22:55,CUSCO,PE-3S,943.0,CHOQUE,1,0.0,22.0,2021,7,5,1,0.0,0.0,0.0
20211222,2021-07-10,08:00,PIURA,PE-1NL,1051.0,CHOQUE,0,0.0,8.0,2021,7,5,0,0.0,0.0,0.0
20211222,2021-07-10,16:20,PUNO,PE-3S,1210.0,DESPISTE,0,1.0,16.0,2021,7,5,0,0.0,0.0,0.0
20211222,2021-07-11,23:30,LORETO,LO-103,6.0,DESPISTE,0,1.0,23.0,2021,7,6,0,6.9,6.9,12.0
20211222,2021-07-11,12:30,AREQUIPA,AR-105,23.0,CHOQUE,0,1.0,12.0,2021,7,6,0,0.0,0.0,0.0
20211222,2021-07-11,19:00,MOQUEGUA,PE-1SD,23.0,CHOQUE,0,1.0,19.0,2021,7,6,0,0.0,0.0,0.0
20211222,2021-07-11,12:20,LIMA,PE-1S,29.0,DESPISTE,0,0.0,12.0,2021,7,6,0,0.0,0.0,0.0
20211222,2021-07-11,08:30,LIMA,PE-1S,44.0,DESPISTE,0,0.0,8.0,2021,7,6,0,0.0,0.0,0.0
20211222,2021-07-11,23:40,JUNIN,PE-5S,62.0,CHOQUE,2,0.0,23.0,2021,7,6,1,0.2,0.2,2.0
20211222,2021-07-11,18:20,LIMA,PE-22,70.0,CHOQUE,0,4.0,18.0,2021,7,6,0,0.0,0.0,0.0
20211222,2021-07-11,20:30,LAMBAYEQUE,PE-1NJ,80.0,DESPISTE,0,1.0,20.0,2021,7,6,0,0.0,0.0,0.0
20211222,2021-07-11,18:00,LIMA,PE-22,111.0,CHOQUE,0,3.0,18.0,2021,7,6,0,0.0,0.0,0.0
20211222,2021-07-11,22:57,PIURA,PE-1N,119.0,DESPISTE,0,1.0,22.0,2021,7,6,0,0.0,0.0,0.0
20211222,2021-07-11,09:00,ANCASH,PE-1N,265.0,DESPISTE,0,1.0,9.0,2021,7,6,0,0.0,0.0,0.0
20211222,2021-07-11,09:00,LA LIBERTAD,PE-1N,604.0,DESPISTE,0,0.0,9.0,2021,7,6,0,0.0,0.0,0.0
20211222,2021-07-11,07:40,APURIMAC,PE-3S,846.0,CHOQUE,0,1.0,7.0,2021,7,6,0,0.6,0.6,6.0
20211222,2021-07-11,10:30,TACNA,PE-1S,1323.0,CHOQUE,0,2.0,10.0,2021,7,6,0,0.0,0.0,0.0
20211222,2021-07-12,09:00,HUANCAVELICA,PE-3SD,29.0,DESPISTE,0,4.0,9.0,2021,7,0,0,0.1,0.1,1.0
20211222,2021-07-12,02:40,CAJAMARCA,PE-06A,108.0,DESPISTE,0,2.0,2.0,2021,7,0,0,0.2,0.2,2.0
20211222,2021-07-12,17:45,CAJAMARCA,PE-08,124.0,CHOQUE,2,2.0,17.0,2021,7,0,1,0.2,0.2,2.0
20211222,2021-07-12,15:40,AYACUCHO,PE-30A,181.0,DESPISTE,0,0.0,15.0,2021,7,0,0,0.0,0.0,0.0
20211222,2021-07-12,07:00,AREQUIPA,PE-34A,182.0,CHOQUE,2,8.0,7.0,2021,7,0,1,0.0,0.0,0.0
20211222,2021-07-12,09:00,ICA,PE-1S,320.0,CHOQUE,1,0.0,9.0,2021,7,0,1,0.0,0.0,0.0
20211222,2021-07-12,07:45,AYACUCHO,PE-3S,351.0,CHOQUE,0,4.0,7.0,2021,7,0,0,0.0,0.0,0.0
20211222,2021-07-12,05:30,ANCASH,PE-1N,402.0,CHOQUE,1,3.0,5.0,2021,7,0,1,0.1,0.1,1.0
20211222,2021-07-12,02:00,MADRE DE DIOS,PE-30C,413.0,DESPISTE,0,0.0,2.0,2021,7,0,0,0.7,0.7,3.0
20211222,2021-07-12,10:20,APURIMAC,PE-3S,520.0,DESPISTE,0,0.0,10.0,2021,7,0,0,0.0,0.0,0.0
20211222,2021-07-12,16:40,LA LIBERTAD,PE-1N,651.0,CHOQUE,0,1.0,16.0,2021,7,0,0,0.0,0.0,0.0
20211222,2021-07-12,09:50,AREQUIPA,PE-1S,989.0,CHOQUE,0,1.0,9.0,2021,7,0,0,0.0,0.0,0.0
20211222,2021-07-12,16:00,PUNO,PE-3S,1341.0,CHOQUE,0,2.0,16.0,2021,7,0,0,0.0,0.0,0.0
20211222,2021-07-12,03:15,PUNO,PE-3S,1351.0,DESPISTE,0,0.0,3.0,2021,7,0,0,0.0,0.0,0.0
20211222,2021-07-13,21:00,LIMA,PE-16,8.0,CHOQUE,0,3.0,21.0,2021,7,1,0,0.0,0.0,0.0
20211222,2021-07-13,09:40,TACNA,PE-1SD,42.0,DESPISTE,0,1.0,9.0,2021,7,1,0,0.3,0.3,3.0
20211222,2021-07-13,08:00,PIURA,PE-02,43.0,CHOQUE,0,2.0,8.0,2021,7,1,0,0.0,0.0,0.0
20211222,2021-07-13,16:47,JUNIN,PE-3S,76.0,DESPISTE,0,1.0,16.0,2021,7,1,0,0.3,0.3,3.0
20211222,2021-07-13,08:00,MOQUEGUA,PE-36B,119.0,DESPISTE,0,0.0,8.0,2021,7,1,0,0.0,0.0,0.0
20211222,2021-07-13,13:30,CUSCO,PE-28B,133.0,CHOQUE,0,1.0,13.0,2021,7,1,0,0.0,0.0,0.0
20211222,2021-07-13,18:50,PASCO,PE-3N,144.0,DESPISTE,0,0.0,18.0,2021,7,1,0,0.3,0.3,3.0
20211222,2021-07-13,04:30,TUMBES,PE-1N,163.0,DESPISTE,0,0.0,4.0,2021,7,1,0,0.0,0.0,0.0
20211222,2021-07-13,17:20,PUNO,PE-38,222.0,ESPECIAL,0,0.0,17.0,2021,7,1,0,0.0,0.0,0.0
20211222,2021-07-13,20:30,ICA,PE-1S,243.0,DESPISTE,0,2.0,20.0,2021,7,1,0,0.0,0.0,0.0
20211222,2021-07-13,15:45,SAN MARTIN,PE-5N,560.0,DESPISTE,0,2.0,15.0,2021,7,1,0,0.6,0.6,4.0
20211222,2021-07-13,16:50,AREQUIPA,PE-1S,593.0,CHOQUE,0,1.0,16.0,2021,7,1,0,0.0,0.0,0.0
20211222,2021-07-13,13:00,SAN MARTIN,PE-5N,638.0,CHOQUE,0,1.0,13.0,2021,7,1,0,0.6,0.6,4.0
20211222,2021-07-13,19:15,SAN MARTIN,PE-5N,741.0,CHOQUE,0,1.0,19.0,2021,7,1,0,0.6,0.6,4.0
20211222,2021-07-13,12:30,APURIMAC,PE-3S,807.0,DESPISTE,0,5.0,12.0,2021,7,1,0,0.0,0.0,0.0
20211222,2021-07-13,04:58,AREQUIPA,PE-1S,941.0,DESPISTE,0,1.0,4.0,2021,7,1,0,0.0,0.0,0.0
20211222,2021-07-13,13:30,CUSCO,PE-3S,1089.0,CHOQUE,0,1.0,13.0,2021,7,1,0,0.0,0.0,0.0
20211222,2021-07-13,10:40,PUNO,PE-3S,1375.0,ESPECIAL,0,0.0,10.0,2021,7,1,0,0.0,0.0,0.0
20211222,2021-07-13,09:00,PUNO,PE-3S,1469.0,DESPISTE,1,0.0,9.0,2021,7,1,1,0.0,0.0,0.0
20211222,2021-07-14,10:30,CAJAMARCA,PE-3N,5.0,CHOQUE,0,0.0,10.0,2021,7,2,0,0.0,0.0,0.0
20211222,2021-07-14,03:30,LA LIBERTAD,PE-10C,15.0,DESPISTE,0,16.0,3.0,2021,7,2,0,0.0,0.0,0.0
20211222,2021-07-14,14:20,LIMA,PE-22,19.0,CHOQUE,0,0.0,14.0,2021,7,2,0,0.0,0.0,0.0
20211222,2021-07-14,18:40,LIMA,PE-1S,99.0,ATROPELLO,1,0.0,18.0,2021,7,2,1,0.0,0.0,0.0
20211222,2021-07-14,16:20,LIMA,PE-22,110.0,DESPISTE,0,1.0,16.0,2021,7,2,0,0.0,0.0,0.0
20211222,2021-07-14,11:30,AREQUIPA,PE-1SD,135.0,DESPISTE,0,2.0,11.0,2021,7,2,0,0.0,0.0,0.0
20211222,2021-07-14,23:00,PUNO,PE-34B,169.0,DESPISTE,0,0.0,23.0,2021,7,2,0,0.0,0.0,0.0
20211222,2021-07-14,16:30,PUNO,PE-34B,173.0,DESPISTE,0,0.0,16.0,2021,7,2,0,0.0,0.0,0.0
20211222,2021-07-14,18:30,MOQUEGUA,PE-1SD,198.0,CHOQUE,0,0.0,18.0,2021,7,2,0,0.0,0.0,0.0
20211222,2021-07-14,22:45,ICA,PE-1S,456.0,CHOQUE,0,1.0,22.0,2021,7,2,0,0.0,0.0,0.0
20211222,2021-07-14,09:00,LAMBAYEQUE,PE-1N,736.0,DESPISTE,0,0.0,9.0,2021,7,2,0,0.0,0.0,0.0
20211222,2021-07-14,17:30,AREQUIPA,PE-1S,913.0,CHOQUE,0,0.0,17.0,2021,7,2,0,0.0,0.0,0.0
20211222,2021-07-15,02:40,CAJAMARCA,PE-08A,2.0,DESPISTE,0,3.0,2.0,2021,7,3,0,0.0,0.0,0.0
20211222,2021-07-15,12:30,JUNIN,PE-3N,7.0,DESPISTE,0,1.0,12.0,2021,7,3,0,0.0,0.0,0.0
20211222,2021-07-15,22:00,LORETO,LO-103,7.0,CHOQUE,0,4.0,22.0,2021,7,3,0,0.4,0.4,3.0
20211222,2021-07-15,07:25,LIMA,PE-1S,10.0,CHOQUE,0,2.0,7.0,2021,7,3,0,0.0,0.0,0.0
20211222,2021-07-15,08:10,SAN MARTIN,PE-5NB,10.0,CHOQUE,0,1.0,8.0,2021,7,3,0,0.6,0.6,6.0
20211222,2021-07-15,18:00,ANCASH,PE-14,11.0,CHOQUE,2,1.0,18.0,2021,7,3,1,0.0,0.0,0.0
20211222,2021-07-15,07:40,AMAZONAS,PE-08C,35.0,CHOQUE,0,3.0,7.0,2021,7,3,0,0.0,0.0,0.0
20211222,2021-07-15,20:10,PUNO,PE-34H,51.0,DESPISTE,0,0.0,20.0,2021,7,3,0,0.0,0.0,0.0
20211222,2021-07-15,22:50,LIMA,PE-22,56.0,CHOQUE,0,2.0,22.0,2021,7,3,0,0.0,0.0,0.0
20211222,2021-07-15,13:32,HUANUCO,PE-18A,81.0,CHOQUE,0,1.0,13.0,2021,7,3,0,0.2,0.2,2.0
20211222,2021-07-15,20:10,PIURA,PE-1N,82.0,DESPISTE,0,2.0,20.0,2021,7,3,0,0.0,0.0,0.0
20211222,2021-07-15,11:15,APURIMAC,PE-30A,385.0,CHOQUE,0,1.0,11.0,2021,7,3,0,0.0,0.0,0.0
20211222,2021-07-15,15:30,SAN MARTIN,PE-5N,465.0,DESPISTE,1,0.0,15.0,2021,7,3,1,0.6,0.6,6.0
20211222,2021-07-15,06:20,ANCASH,PE-3N,601.0,CHOQUE,0,1.0,6.0,2021,7,3,0,0.0,0.0,0.0
20211222,2021-07-15,06:35,AREQUIPA,PE-1S,684.0,CHOQUE,0,2.0,6.0,2021,7,3,0,0.0,0.0,0.0
20211222,2021-07-15,19:00,AREQUIPA,PE-1S,725.0,ESPECIAL,0,0.0,19.0,2021,7,3,0,0.0,0.0,0.0
20211222,2021-07-15,17:00,AYACUCHO,PE-3S,765.0,CHOQUE,0,1.0,17.0,2021,7,3,0,0.0,0.0,0.0
20211222,2021-07-15,19:50,AREQUIPA,PE-1S,950.0,CHOQUE,0,4.0,19.0,2021,7,3,0,0.0,0.0,0.0
20211222,2021-07-15,14:30,AREQUIPA,PE-1S,1034.0,DESPISTE,0,0.0,14.0,2021,7,3,0,0.0,0.0,0.0
20211222,2021-07-15,08:40,MOQUEGUA,PE-1S,1167.0,DESPISTE,0,1.0,8.0,2021,7,3,0,0.0,0.0,0.0
20211222,2021-07-16,05:45,PUNO,PU-953,0.0,DESPISTE,2,9.0,5.0,2021,7,4,1,0.0,0.0,0.0
20211222,2021-07-16,08:50,AREQUIPA,PE-34A,95.0,CHOQUE,0,4.0,8.0,2021,7,4,0,0.0,0.0,0.0
20211222,2021-07-16,05:40,PASCO,PE-3N,107.0,CHOQUE,0,0.0,5.0,2021,7,4,0,0.0,0.0,0.0
20211222,2021-07-16,23:55,LIMA,PE-1S,138.0,CHOQUE,0,0.0,23.0,2021,7,4,0,0.0,0.0,0.0
20211222,2021-07-16,06:50,CAJAMARCA,PE-06A,160.0,ATROPELLO,0,1.0,6.0,2021,7,4,0,0.4,0.4,3.0
20211222,2021-07-16,18:45,PUNO,PE-34A,275.0,CHOQUE,0,1.0,18.0,2021,7,4,0,0.0,0.0,0.0
20211222,2021-07-16,18:30,CUSCO,PE-3S,890.0,DESPISTE,0,0.0,18.0,2021,7,4,0,0.0,0.0,0.0
20211222,2021-07-16,17:20,PUNO,PE-3S,1495.0,VOLCADURA,0,3.0,17.0,2021,7,4,0,0.0,0.0,0.0
20211222,2021-07-17,20:40,LORETO,LO-103,9.0,CHOQUE,0,2.0,20.0,2021,7,5,0,20.3,20.3,14.0
20211222,2021-07-17,19:30,AMAZONAS,PE-08C,14.0,CHOQUE,0,1.0,19.0,2021,7,5,0,0.1,0.1,1.0
20211222,2021-07-17,08:15,LAMBAYEQUE,PE-1NJ,24.0,CHOQUE,0,2.0,8.0,2021,7,5,0,0.1,0.1,1.0
20211222,2021-07-17,N.I.,LIMA,PE-1N,83.0,CHOQUE,0,2.0,,2021,7,5,0,0.0,0.0,0.0
20211222,2021-07-17,20:30,LIMA,PE-1N,85.0,CHOQUE,0,1.0,20.0,2021,7,5,0,0.0,0.0,0.0
20211222,2021-07-17,06:45,PUNO,PE-34B,97.0,DESPISTE,0,0.0,6.0,2021,7,5,0,0.0,0.0,0.0
20211222,2021-07-17,11:55,HUANUCO,PE-3N,221.0,CHOQUE,0,2.0,11.0,2021,7,5,0,0.0,0.0,0.0
20211222,2021-07-17,10:20,SAN MARTIN,PE-5N,544.0,CHOQUE,0,0.0,10.0,2021,7,5,0,3.1,3.1,5.0
20211222,2021-07-17,05:30,APURIMAC,PE-3S,832.0,DESPISTE,0,3.0,5.0,2021,7,5,0,0.0,0.0,0.0
20211222,2021-07-17,17:40,APURIMAC,PE-3S,847.0,ESPECIAL,0,0.0,17.0,2021,7,5,0,0.0,0.0,0.0
20211222,2021-07-17,02:10,LAMBAYEQUE,PE-1N,848.0,CHOQUE,0,1.0,2.0,2021,7,5,0,0.1,0.1,1.0
20211222,2021-07-17,06:30,AREQUIPA,PE-1S,1040.0,DESPISTE,0,0.0,6.0,2021,7,5,0,0.0,0.0,0.0
20211222,2021-07-17,02:35,TACNA,PE-1S,1323.0,DESPISTE,0,1.0,2.0,2021,7,5,0,0.0,0.0,0.0
20211222,2021-07-18,04:15,LA LIBERTAD,PE-08,4.0,DESPISTE,0,2.0,4.0,2021,7,6,0,0.0,0.0,0.0
20211222,2021-07-18,13:15,SAN MARTIN,PE-5NB,9.0,CHOQUE,0,0.0,13.0,2021,7,6,0,7.6,7.6,15.0
20211222,2021-07-18,N.I.,LIMA,PE-1NA,18.0,DESPISTE,0,0.0,,2021,7,6,0,0.0,0.0,0.0
20211222,2021-07-18,19:30,LIMA,PE-20A,37.0,CHOQUE,0,1.0,19.0,2021,7,6,0,0.0,0.0,0.0
20211222,2021-07-18,22:00,AREQUIPA,AR-105,42.0,VOLCADURA,0,0.0,22.0,2021,7,6,0,0.0,0.0,0.0
20211222,2021-07-18,00:35,PUNO,PE-36B,52.0,DESPISTE,0,0.0,0.0,2021,7,6,0,0.5,0.5,3.0
20211222,2021-07-18,05:00,UCAYALI,PE-18C,55.0,CHOQUE,0,1.0,5.0,2021,7,6,0,9.3,9.3,15.0
20211222,2021-07-18,16:30,LA LIBERTAD,PE-10A,58.0,DESPISTE,0,0.0,16.0,2021,7,6,0,0.0,0.0,0.0
20211222,2021-07-18,21:15,LIMA,PE-1N,67.0,CHOQUE,0,1.0,21.0,2021,7,6,0,0.0,0.0,0.0
20211222,2021-07-18,17:30,CAJAMARCA,PE-08B,96.0,DESPISTE,0,2.0,17.0,2021,7,6,0,0.4,0.4,3.0
20211222,2021-07-18,05:30,CUSCO,PE-30C,101.0,DESPISTE,0,0.0,5.0,2021,7,6,0,8.0,8.0,13.0
20211222,2021-07-18,18:30,PIURA,PE-1N,125.0,CHOQUE,0,0.0,18.0,2021,7,6,0,0.0,0.0,0.0
20211222,2021-07-18,20:30,PASCO,PE-3N,137.0,DESPISTE,0,1.0,20.0,2021,7,6,0,3.1,2.7,11.0
20211222,2021-07-18,12:00,CUSCO,PE-28B,185.0,CHOQUE,0,1.0,12.0,2021,7,6,0,8.0,8.0,13.0
20211222,2021-07-18,07:50,MOQUEGUA,PE-1SD,212.0,DESPISTE,0,2.0,7.0,2021,7,6,0,0.0,0.0,0.0
20211222,2021-07-18,06:00,ICA,PE-1S,223.0,DESPISTE,0,0.0,6.0,2021,7,6,0,0.0,0.0,0.0
20211222,2021-07-18,03:00,AREQUIPA,PE-1S,605.0,DESPISTE,0,0.0,3.0,2021,7,6,0,0.0,0.0,0.0
20211222,2021-07-18,13:40,TACNA,PE-1S,1225.0,DESPISTE,0,0.0,13.0,2021,7,6,0,0.2,0.2,2.0
20211222,2021-07-18,04:30,TACNA,PE-1S,1271.0,ATROPELLO,1,0.0,4.0,2021,7,6,1,0.2,0.2,2.0
20211222,2021-07-19,07:54,CAJAMARCA,PE-08B,8.0,CHOQUE,0,1.0,7.0,2021,7,0,0,0.0,0.0,0.0
20211222,2021-07-19,04:45,LA LIBERTAD,PE-08,24.0,DESPISTE,0,1.0,4.0,2021,7,0,0,0.0,0.0,0.0
20211222,2021-07-19,19:00,LAMBAYEQUE,PE-1NJ,51.0,ESPECIAL,0,0.0,19.0,2021,7,0,0,0.0,0.0,0.0
20211222,2021-07-19,01:05,JUNIN,PE-3N,57.0,CHOQUE,0,1.0,1.0,2021,7,0,0,5.2,5.2,8.0
20211222,2021-07-19,04:50,AREQUIPA,PE-34A,86.0,DESPISTE,0,0.0,4.0,2021,7,0,0,0.0,0.0,0.0
20211222,2021-07-19,15:10,LIMA,PE-22,100.0,CHOQUE,0,1.0,15.0,2021,7,0,0,0.0,0.0,0.0
20211222,2021-07-19,07:20,AREQUIPA,PE-34A,110.0,DESPISTE,0,3.0,7.0,2021,7,0,0,0.0,0.0,0.0
20211222,2021-07-19,12:40,LIMA,PE-22,112.0,CHOQUE,0,1.0,12.0,2021,7,0,0,0.0,0.0,0.0
20211222,2021-07-19,18:00,PASCO,PE-3N,138.0,CHOQUE,0,4.0,18.0,2021,7,0,0,1.0,0.9,7.0
20211222,2021-07-19,21:00,LA LIBERTAD,PE-10C,144.0,VOLCADURA,0,1.0,21.0,2021,7,0,0,0.0,0.0,0.0
20211222,2021-07-19,06:50,CUSCO,PE-3SG,243.0,DESPISTE,0,0.0,6.0,2021,7,0,0,1.7,1.7,7.0
20211222,2021-07-19,11:30,AYACUCHO,PE-3S,400.0,DESPISTE,0,1.0,11.0,2021,7,0,0,0.0,0.0,0.0
20211222,2021-07-19,13:30,LA LIBERTAD,PE-1N,476.0,DESPISTE,0,4.0,13.0,2021,7,0,0,0.0,0.0,0.0
20211222,2021-07-19,12:40,SAN MARTIN,PE-5N,557.0,CHOQUE,0,0.0,12.0,2021,7,0,0,1.2,1.2,11.0
20211222,2021-07-20,20:45,PUNO,PE-34B,4.0,DESPISTE,0,2.0,20.0,2021,7,1,0,2.5,1.7,4.0
20211222,2021-07-20,23:00,CAJAMARCA,PE-5N,6.0,CHOQUE,0,1.0,23.0,2021,7,1,0,0.1,0.1,1.0
20211222,2021-07-20,03:30,HUANUCO,HU-111,12.0,DESPISTE,1,0.0,3.0,2021,7,1,1,0.6,0.6,6.0
20211222,2021-07-20,22:30,LIMA,PE-1S,38.0,CHOQUE,0,1.0,22.0,2021,7,1,0,0.0,0.0,0.0
20211222,2021-07-20,17:30,JUNIN,PE-3N,43.0,DESPISTE,0,0.0,17.0,2021,7,1,0,1.2,1.2,6.0
20211222,2021-07-20,10:30,LIMA,PE-22,45.0,CHOQUE,0,1.0,10.0,2021,7,1,0,0.0,0.0,0.0
20211222,2021-07-20,09:00,JUNIN,PE-22B,59.0,CHOQUE,0,1.0,9.0,2021,7,1,0,1.2,1.2,6.0
20211222,2021-07-20,20:20,LIMA,PE-1N,76.0,CHOQUE,0,0.0,20.0,2021,7,1,0,0.0,0.0,0.0
20211222,2021-07-20,14:20,LIMA,PE-1S,85.0,DESPISTE,0,2.0,14.0,2021,7,1,0,0.0,0.0,0.0
20211222,2021-07-20,15:30,LIMA,PE-20A,88.0,DESPISTE,0,1.0,15.0,2021,7,1,0,0.0,0.0,0.0
20211222,2021-07-20,20:30,PASCO,PE-3N,100.0,DESPISTE,0,0.0,20.0,2021,7,1,0,6.5,3.1,10.0
20211222,2021-07-20,18:55,ANCASH,PE-3N,141.0,DESPISTE,0,0.0,18.0,2021,7,1,0,2.3,2.3,6.0
20211222,2021-07-20,05:50,PASCO,PE-3N,153.0,CHOQUE,0,3.0,5.0,2021,7,1,0,6.5,3.1,10.0
20211222,2021-07-20,10:00,ICA,PE-1S,212.0,CHOQUE,0,0.0,10.0,2021,7,1,0,0.0,0.0,0.0
20211222,2021-07-20,20:30,PUNO,PE-34A,337.0,ATROPELLO,0,1.0,20.0,2021,7,1,0,2.5,1.7,4.0
20211222,2021-07-20,20:00,SAN MARTIN,PE-5N,570.0,DESPISTE,0,5.0,20.0,2021,7,1,0,0.8,0.8,7.0
20211222,2021-07-20,15:05,APURIMAC,PE-3S,782.0,DESPISTE,0,0.0,15.0,2021,7,1,0,1.7,1.7,5.0
20211222,2021-07-20,09:00,CUSCO,PE-3S,882.0,DESPISTE,0,1.0,9.0,2021,7,1,0,0.5,0.5,2.0
20211222,2021-07-20,18:00,CUSCO,PE-3S,951.0,DESPISTE,0,0.0,18.0,2021,7,1,0,0.5,0.5,2.0
20211222,2021-07-20,15:30,PUNO,PE-3S,1348.0,DESPISTE,0,1.0,15.0,2021,7,1,0,2.5,1.7,4.0
20211222,2021-07-21,01:40,LORETO,LO-103,10.0,CHOQUE,0,1.0,1.0,2021,7,2,0,0.3,0.3,2.0
20211222,2021-07-21,10:00,JUNIN,PE-3S,50.0,CHOQUE,0,0.0,10.0,2021,7,2,0,0.1,0.1,1.0
20211222,2021-07-21,17:40,LIMA,PE-22,50.0,CHOQUE,0,2.0,17.0,2021,7,2,0,0.0,0.0,0.0
20211222,2021-07-21,12:00,UCAYALI,PE-18C,55.0,CHOQUE,0,1.0,12.0,2021,7,2,0,0.0,0.0,0.0
20211222,2021-07-21,21:30,LIMA,PE-22,63.0,DESPISTE,0,2.0,21.0,2021,7,2,0,0.0,0.0,0.0
20211222,2021-07-21,05:38,LIMA,PE-1N,99.0,CHOQUE,0,0.0,5.0,2021,7,2,0,0.0,0.0,0.0
20211222,2021-07-21,04:56,LIMA,PE-1N,198.0,CHOQUE,0,0.0,4.0,2021,7,2,0,0.0,0.0,0.0
20211222,2021-07-21,20:00,ICA,PE-1S,212.0,CHOQUE,0,1.0,20.0,2021,7,2,0,0.0,0.0,0.0
20211222,2021-07-21,06:00,ICA,PE-1S,238.0,DESPISTE,0,1.0,6.0,2021,7,2,0,0.0,0.0,0.0
20211222,2021-07-21,04:00,AYACUCHO,PE-30A,245.0,DESPISTE,0,1.0,4.0,2021,7,2,0,0.2,0.2,1.0
20211222,2021-07-21,04:45,ICA,PE-1S,272.0,DESPISTE,0,1.0,4.0,2021,7,2,0,0.0,0.0,0.0
20211222,2021-07-21,16:50,MADRE DE DIOS,PE-30C,339.0,ATROPELLO,1,0.0,16.0,2021,7,2,1,0.0,0.0,0.0
20211222,2021-07-21,19:40,SAN MARTIN,PE-5N,498.0,CHOQUE,0,1.0,19.0,2021,7,2,0,1.7,1.7,6.0
20211222,2021-07-21,11:40,LA LIBERTAD,PE-1N,734.0,DESPISTE,0,1.0,11.0,2021,7,2,0,0.0,0.0,0.0
20211222,2021-07-21,19:00,PIURA,PE-1N,892.0,DESPISTE,0,0.0,19.0,2021,7,2,0,0.0,0.0,0.0
20211222,2021-07-21,03:00,PIURA,PE-1N,902.0,CHOQUE,0,2.0,3.0,2021,7,2,0,0.0,0.0,0.0
20211222,2021-07-22,20:00,CUSCO,PE-28B,0.0,DESPISTE,0,0.0,20.0,2021,7,3,0,0.0,0.0,0.0
20211222,2021-07-22,23:50,UCAYALI,PE-18C,12.0,CHOQUE,0,2.0,23.0,2021,7,3,0,0.0,0.0,0.0
20211222,2021-07-22,02:25,AMAZONAS,PE-08C,27.0,DESPISTE,0,0.0,2.0,2021,7,3,0,0.0,0.0,0.0
20211222,2021-07-22,08:30,AMAZONAS,PE-08C,27.0,CHOQUE,0,0.0,8.0,2021,7,3,0,0.0,0.0,0.0
20211222,2021-07-22,06:50,LIMA,PE-1S,61.0,ESPECIAL,0,1.0,6.0,2021,7,3,0,0.0,0.0,0.0
20211222,2021-07-22,20:20,AREQUIPA,PE-34A,62.0,DESPISTE,0,0.0,20.0,2021,7,3,0,0.0,0.0,0.0
20211222,2021-07-22,08:10,LIMA,PE-22,77.0,DESPISTE,0,0.0,8.0,2021,7,3,0,0.0,0.0,0.0
20211222,2021-07-22,08:35,LIMA,PE-22,100.0,CHOQUE,0,0.0,8.0,2021,7,3,0,0.0,0.0,0.0
20211222,2021-07-22,19:00,APURIMAC,PE-30A,298.0,DESPISTE,0,0.0,19.0,2021,7,3,0,1.3,1.3,9.0
20211222,2021-07-22,21:40,MADRE DE DIOS,PE-30C,325.0,ATROPELLO,0,1.0,21.0,2021,7,3,0,0.0,0.0,0.0
20211222,2021-07-22,09:30,APURIMAC,PE-30A,343.0,ESPECIAL,2,0.0,9.0,2021,7,3,1,1.3,1.3,9.0
20211222,2021-07-22,04:30,HUANUCO,PE-5N,483.0,CHOQUE,1,0.0,4.0,2021,7,3,1,1.2,1.2,8.0
20211222,2021-07-22,22:00,LAMBAYEQUE,PE-1N,839.0,CHOQUE,0,5.0,22.0,2021,7,3,0,0.0,0.0,0.0
20211222,2021-07-22,23:20,AREQUIPA,PE-1S,852.0,DESPISTE,1,24.0,23.0,2021,7,3,1,0.0,0.0,0.0
20211222,2021-07-23,19:10,LIMA,PE-1NE,4.0,DESPISTE,0,2.0,19.0,2021,7,4,0,0.0,0.0,0.0
20211222,2021-07-23,21:00,LIMA,PE-1NE,4.0,CHOQUE,0,0.0,21.0,2021,7,4,0,0.0,0.0,0.0
20211222,2021-07-23,10:30,AREQUIPA,PE-34A,11.0,CHOQUE,0,0.0,10.0,2021,7,4,0,0.0,0.0,0.0
20211222,2021-07-23,06:30,LIMA,PE-1S,13.0,CHOQUE,0,3.0,6.0,2021,7,4,0,0.0,0.0,0.0
20211222,2021-07-23,19:35,PUNO,PE-3SG,24.0,CHOQUE,1,0.0,19.0,2021,7,4,1,0.0,0.0,0.0
20211222,2021-07-23,15:45,AREQUIPA,PE-34E,27.0,DESPISTE,0,1.0,15.0,2021,7,4,0,0.0,0.0,0.0
20211222,2021-07-23,13:17,AREQUIPA,PE-34J,40.0,CHOQUE,0,0.0,13.0,2021,7,4,0,0.0,0.0,0.0
20211222,2021-07-23,20:09,LIMA,PE-1N,44.0,CHOQUE,0,0.0,20.0,2021,7,4,0,0.0,0.0,0.0
20211222,2021-07-23,13:10,JUNIN,PE-3SB,80.0,CHOQUE,0,0.0,13.0,2021,7,4,0,0.0,0.0,0.0
20211222,2021-07-23,06:30,PASCO,PE-3N,154.0,DESPISTE,0,0.0,6.0,2021,7,4,0,0.0,0.0,0.0
20211222,2021-07-23,21:30,ANCASH,PE-3N,169.0,DESPISTE,0,0.0,21.0,2021,7,4,0,0.0,0.0,0.0
20211222,2021-07-23,23:10,MADRE DE DIOS,PE-30C,421.0,CHOQUE,0,4.0,23.0,2021,7,4,0,0.0,0.0,0.0
20211222,2021-07-23,14:45,ICA,PE-1S,442.0,DESPISTE,0,0.0,14.0,2021,7,4,0,0.0,0.0,0.0
20211222,2021-07-23,12:57,APURIMAC,PE-3S,767.0,CHOQUE,0,3.0,12.0,2021,7,4,0,0.1,0.1,1.0
20211222,2021-07-23,21:00,AREQUIPA,PE-1S,968.0,CHOQUE,1,0.0,21.0,2021,7,4,1,0.0,0.0,0.0
20211222,2021-07-23,16:00,PIURA,PE-1N,1020.0,DESPISTE,0,2.0,16.0,2021,7,4,0,0.0,0.0,0.0
20211222,2021-07-23,11:49,PIURA,PE-1N,1025.0,DESPISTE,0,1.0,11.0,2021,7,4,0,0.0,0.0,0.0
20211222,2021-07-23,05:45,CUSCO,PE-3S,1099.0,DESPISTE,0,1.0,5.0,2021,7,4,0,0.0,0.0,0.0
20211222,2021-07-24,09:15,AREQUIPA,AR-510,2.0,DESPISTE,0,0.0,9.0,2021,7,5,0,0.0,0.0,0.0
20211222,2021-07-24,17:32,CAJAMARCA,PE-08B,10.0,CHOQUE,0,1.0,17.0,2021,7,5,0,0.0,0.0,0.0
20211222,2021-07-24,06:34,CAJAMARCA,PE-08B,11.0,CHOQUE,0,1.0,6.0,2021,7,5,0,0.0,0.0,0.0
20211222,2021-07-24,13:30,LIMA,PE-20A,33.0,CHOQUE,1,1.0,13.0,2021,7,5,1,0.0,0.0,0.0
20211222,2021-07-24,13:40,JUNIN,PE-3N,57.0,CHOQUE,1,0.0,13.0,2021,7,5,1,0.1,0.1,1.0
20211222,2021-07-24,21:10,CAJAMARCA,PE-08A,63.0,CHOQUE,0,0.0,21.0,2021,7,5,0,0.0,0.0,0.0
20211222,2021-07-24,09:10,LIMA,PE-1S,79.0,DESPISTE,0,2.0,9.0,2021,7,5,0,0.0,0.0,0.0
20211222,2021-07-24,17:15,LIMA,PE-1N,92.0,DESPISTE,0,0.0,17.0,2021,7,5,0,0.0,0.0,0.0
20211222,2021-07-24,N.I.,LIMA,PE-1N,92.0,DESPISTE,0,0.0,,2021,7,5,0,0.0,0.0,0.0
20211222,2021-07-24,06:40,JUNIN,PE-5S,93.0,DESPISTE,0,0.0,6.0,2021,7,5,0,0.1,0.1,1.0
20211222,2021-07-24,02:15,LIMA,PE-1N,116.0,DESPISTE,0,0.0,2.0,2021,7,5,0,0.0,0.0,0.0
20211222,2021-07-24,10:00,JUNIN,PE-3S,133.0,DESPISTE,0,1.0,10.0,2021,7,5,0,0.1,0.1,1.0
20211222,2021-07-24,12:30,HUANCAVELICA,PE-3S,161.0,CHOQUE,0,1.0,12.0,2021,7,5,0,0.0,0.0,0.0
20211222,2021-07-24,08:00,PUNO,PE-34A,205.0,DESPISTE,0,0.0,8.0,2021,7,5,0,1.2,0.7,2.0
20211222,2021-07-24,23:30,MADRE DE DIOS,PE-30C,407.0,CHOQUE,0,1.0,23.0,2021,7,5,0,0.0,0.0,0.0
20211222,2021-07-24,16:30,ANCASH,PE-3N,572.0,DESPISTE,0,0.0,16.0,2021,7,5,0,0.0,0.0,0.0
20211222,2021-07-24,22:45,AREQUIPA,PE-1S,583.0,DESPISTE,0,1.0,22.0,2021,7,5,0,0.0,0.0,0.0
20211222,2021-07-24,13:15,AREQUIPA,PE-1S,603.0,DESPISTE,0,0.0,13.0,2021,7,5,0,0.0,0.0,0.0
20211222,2021-07-24,04:55,AREQUIPA,PE-1S,609.0,CHOQUE,0,0.0,4.0,2021,7,5,0,0.0,0.0,0.0
20211222,2021-07-24,11:00,SAN MARTIN,PE-5N,648.0,DESPISTE,0,2.0,11.0,2021,7,5,0,0.0,0.0,0.0
20211222,2021-07-24,16:40,AREQUIPA,PE-1S,760.0,ESPECIAL,0,0.0,16.0,2021,7,5,0,0.0,0.0,0.0
20211222,2021-07-24,07:55,AREQUIPA,PE-1S,917.0,CHOQUE,0,1.0,7.0,2021,7,5,0,0.0,0.0,0.0
20211222,2021-07-25,20:00,PIURA,PE-1N,3.0,CHOQUE,0,1.0,20.0,2021,7,6,0,0.0,0.0,0.0
20211222,2021-07-25,21:30,LORETO,LO-103,6.0,CHOQUE,0,2.0,21.0,2021,7,6,0,6.5,6.5,8.0
20211222,2021-07-25,07:00,CAJAMARCA,PE-08A,61.0,CHOQUE,0,4.0,7.0,2021,7,6,0,0.6,0.6,1.0
20211222,2021-07-25,N.I.,LIMA,PE-1N,75.0,CHOQUE,0,0.0,,2021,7,6,0,0.0,0.0,0.0
20211222,2021-07-25,11:10,LIMA,PE-1N,133.0,DESPISTE,0,1.0,11.0,2021,7,6,0,0.0,0.0,0.0
20211222,2021-07-25,21:10,PIURA,PE-1NJ,229.0,CHOQUE,0,4.0,21.0,2021,7,6,0,0.0,0.0,0.0
20211222,2021-07-25,15:30,ANCASH,PE-1N,237.0,DESPISTE,0,1.0,15.0,2021,7,6,0,0.1,0.1,1.0
20211222,2021-07-25,20:50,ICA,PE-1S,289.0,DESPISTE,0,9.0,20.0,2021,7,6,0,0.0,0.0,0.0
20211222,2021-07-25,22:00,ANCASH,PE-1N,396.0,DESPISTE,0,0.0,22.0,2021,7,6,0,0.1,0.1,1.0
20211222,2021-07-25,19:00,ICA,PE-1S,453.0,CHOQUE,0,1.0,19.0,2021,7,6,0,0.0,0.0,0.0
20211222,2021-07-25,19:30,SAN MARTIN,PE-5N,470.0,CHOQUE,0,2.0,19.0,2021,7,6,0,0.0,0.0,0.0
20211222,2021-07-25,19:45,APURIMAC,PE-3S,765.0,DESPISTE,0,6.0,19.0,2021,7,6,0,0.0,0.0,0.0
20211222,2021-07-25,21:15,CUSCO,PE-3S,936.0,DESPISTE,0,2.0,21.0,2021,7,6,0,0.0,0.0,0.0
20211222,2021-07-25,05:00,PUNO,PE-3S,1420.0,CHOQUE,0,2.0,5.0,2021,7,6,0,0.9,0.3,1.0
20211222,2021-07-26,06:15,ANCASH,PE-14,4.0,CHOQUE,0,1.0,6.0,2021,7,0,0,0.3,0.3,3.0
20211222,2021-07-26,20:00,JUNIN,PE-3S,5.0,DESPISTE,0,0.0,20.0,2021,7,0,0,0.0,0.0,0.0
20211222,2021-07-26,14:20,LIMA,PE-1NA,9.0,DESPISTE,0,0.0,14.0,2021,7,0,0,0.0,0.0,0.0
20211222,2021-07-26,16:10,LIMA,PE-1S,24.0,CHOQUE,0,1.0,16.0,2021,7,0,0,0.0,0.0,0.0
20211222,2021-07-26,05:00,LIMA,PE-1S,34.0,ATROPELLO,0,0.0,5.0,2021,7,0,0,0.0,0.0,0.0
20211222,2021-07-26,07:10,LIMA,PE-1S,46.0,DESPISTE,0,0.0,7.0,2021,7,0,0,0.0,0.0,0.0
20211222,2021-07-26,17:30,LAMBAYEQUE,PE-1NJ,47.0,CHOQUE,0,1.0,17.0,2021,7,0,0,0.0,0.0,0.0
20211222,2021-07-26,05:30,LIMA,PE-1S,50.0,DESPISTE,0,0.0,5.0,2021,7,0,0,0.0,0.0,0.0
20211222,2021-07-26,06:00,PIURA,PE-3N,66.0,DESPISTE,1,0.0,6.0,2021,7,0,1,0.0,0.0,0.0
20211222,2021-07-26,03:00,JUNIN,PE-22B,77.0,ATROPELLO,1,0.0,3.0,2021,7,0,1,0.0,0.0,0.0
20211222,2021-07-26,11:30,LIMA,PE-22,96.0,DESPISTE,0,0.0,11.0,2021,7,0,0,0.0,0.0,0.0
20211222,2021-07-26,14:10,LIMA,PE-22,106.0,DESPISTE,0,0.0,14.0,2021,7,0,0,0.0,0.0,0.0
20211222,2021-07-26,07:30,JUNIN,PE-3S,110.0,CHOQUE,0,1.0,7.0,2021,7,0,0,0.0,0.0,0.0
20211222,2021-07-26,14:30,AYACUCHO,PE-30A,145.0,DESPISTE,0,0.0,14.0,2021,7,0,0,0.0,0.0,0.0
20211222,2021-07-26,03:30,ICA,PE-1SE,194.0,CHOQUE,0,0.0,3.0,2021,7,0,0,0.0,0.0,0.0
20211222,2021-07-26,18:00,MADRE DE DIOS,PE-30C,402.0,ATROPELLO,0,1.0,18.0,2021,7,0,0,0.0,0.0,0.0
20211222,2021-07-26,05:30,LA LIBERTAD,PE-1N,722.0,DESPISTE,0,2.0,5.0,2021,7,0,0,0.0,0.0,0.0
20211222,2021-07-26,11:10,AREQUIPA,PE-1S,766.0,DESPISTE,0,3.0,11.0,2021,7,0,0,0.0,0.0,0.0
20211222,2021-07-26,16:30,CUSCO,PE-3S,932.0,CHOQUE,0,0.0,16.0,2021,7,0,0,0.0,0.0,0.0
20211222,2021-07-26,00:20,CUSCO,PE-3S,1000.0,CHOQUE,0,1.0,0.0,2021,7,0,0,0.0,0.0,0.0
20211222,2021-07-27,22:30,CAJAMARCA,PE-5N,6.0,CHOQUE,0,4.0,22.0,2021,7,1,0,1.1,1.1,3.0
20211222,2021-07-27,08:45,LIMA,LM-117,30.0,CHOQUE,0,1.0,8.0,2021,7,1,0,0.0,0.0,0.0
20211222,2021-07-27,21:00,PIURA,PE-02,36.0,DESPISTE,0,0.0,21.0,2021,7,1,0,0.0,0.0,0.0
20211222,2021-07-27,07:50,LIMA,PE-1N,50.0,DESPISTE,0,0.0,7.0,2021,7,1,0,0.0,0.0,0.0
20211222,2021-07-27,05:00,JUNIN,PE-3S,51.0,CHOQUE,2,4.0,5.0,2021,7,1,1,0.5,0.5,3.0
20211222,2021-07-27,14:10,LIMA,PE-1S,78.0,DESPISTE,0,0.0,14.0,2021,7,1,0,0.0,0.0,0.0
20211222,2021-07-27,17:40,LIMA,PE-22,96.0,DESPISTE,0,0.0,17.0,2021,7,1,0,0.0,0.0,0.0
20211222,2021-07-27,22:28,LIMA,PE-1N,103.0,DESPISTE,0,2.0,22.0,2021,7,1,0,0.0,0.0,0.0
20211222,2021-07-27,15:30,LIMA,PE-22,108.0,DESPISTE,0,0.0,15.0,2021,7,1,0,0.0,0.0,0.0
20211222,2021-07-27,05:20,ANCASH,PE-3N,132.0,DESPISTE,0,4.0,5.0,2021,7,1,0,0.2,0.2,2.0
20211222,2021-07-27,11:30,JUNIN,PE-22,153.0,DESPISTE,0,1.0,11.0,2021,7,1,0,0.5,0.5,3.0
20211222,2021-07-27,05:50,JUNIN,PE-22,154.0,CHOQUE,1,2.0,5.0,2021,7,1,1,0.5,0.5,3.0
20211222,2021-07-27,20:00,PUNO,PE-34A,208.0,DESPISTE,0,2.0,20.0,2021,7,1,0,0.0,0.0,0.0
20211222,2021-07-27,09:52,PUNO,PE-34A,221.0,DESPISTE,0,0.0,9.0,2021,7,1,0,0.0,0.0,0.0
20211222,2021-07-27,07:30,PUNO,PE-34A,287.0,CHOQUE,0,1.0,7.0,2021,7,1,0,0.0,0.0,0.0
20211222,2021-07-27,07:35,ANCASH,PE-1N,347.0,DESPISTE,0,8.0,7.0,2021,7,1,0,0.2,0.2,2.0
20211222,2021-07-27,03:55,ANCASH,PE-1N,357.0,ATROPELLO,1,0.0,3.0,2021,7,1,1,0.2,0.2,2.0
20211222,2021-07-27,20:30,MOQUEGUA,PE-1S,1147.0,CHOQUE,0,0.0,20.0,2021,7,1,0,0.0,0.0,0.0
20211222,2021-07-27,20:30,PUNO,PE-3S,1220.0,CHOQUE,0,1.0,20.0,2021,7,1,0,0.0,0.0,0.0
20211222,2021-07-27,18:00,TACNA,PE-1S,1253.0,CHOQUE,0,6.0,18.0,2021,7,1,0,0.4,0.4,3.0
20211222,2021-07-27,18:25,TACNA,PE-1S,1267.0,CHOQUE,0,0.0,18.0,2021,7,1,0,0.4,0.4,3.0
20211222,2021-07-27,17:14,TACNA,PE-1S,1311.0,CHOQUE,0,0.0,17.0,2021,7,1,0,0.4,0.4,3.0
20211222,2021-07-27,00:15,TACNA,PE-1S,1327.0,DESPISTE,0,0.0,0.0,2021,7,1,0,0.4,0.4,3.0
20211222,2021-07-28,22:30,LORETO,LO-103,4.0,CHOQUE,0,2.0,22.0,2021,7,2,0,0.8,0.8,5.0
20211222,2021-07-28,17:30,CAJAMARCA,PE-5N,7.0,CHOQUE,0,1.0,17.0,2021,7,2,0,0.0,0.0,0.0
20211222,2021-07-28,12:30,ANCASH,PE-3N,12.0,DESPISTE,0,0.0,12.0,2021,7,2,0,0.0,0.0,0.0
20211222,2021-07-28,21:20,JUNIN,PE-3N,15.0,CHOQUE,0,7.0,21.0,2021,7,2,0,0.3,0.3,2.0
20211222,2021-07-28,12:20,JUNIN,PE-3N,16.0,DESPISTE,1,0.0,12.0,2021,7,2,1,0.3,0.3,2.0
20211222,2021-07-28,11:30,CAJAMARCA,PE-3N,43.0,DESPISTE,0,3.0,11.0,2021,7,2,0,0.0,0.0,0.0
20211222,2021-07-28,06:10,JUNIN,PE-3N,44.0,DESPISTE,0,0.0,6.0,2021,7,2,0,0.3,0.3,2.0
20211222,2021-07-28,14:00,AREQUIPA,PE-34A,80.0,VOLCADURA,0,23.0,14.0,2021,7,2,0,0.0,0.0,0.0
20211222,2021-07-28,05:50,LIMA,PE-22,102.0,CHOQUE,0,0.0,5.0,2021,7,2,0,0.0,0.0,0.0
20211222,2021-07-28,16:40,CUSCO,PE-28B,117.0,CHOQUE,0,2.0,16.0,2021,7,2,0,0.0,0.0,0.0
20211222,2021-07-28,11:30,AREQUIPA,PE-34A,121.0,DESPISTE,0,0.0,11.0,2021,7,2,0,0.0,0.0,0.0
20211222,2021-07-28,16:50,LIMA,PE-22,128.0,DESPISTE,0,1.0,16.0,2021,7,2,0,0.0,0.0,0.0
20211222,2021-07-28,07:40,ANCASH,PE-3N,137.0,DESPISTE,0,0.0,7.0,2021,7,2,0,0.0,0.0,0.0
20211222,2021-07-28,11:40,ANCASH,PE-3N,148.0,DESPISTE,0,2.0,11.0,2021,7,2,0,0.0,0.0,0.0
20211222,2021-07-28,07:30,AREQUIPA,PE-34A,156.0,CHOQUE,0,0.0,7.0,2021,7,2,0,0.0,0.0,0.0
20211222,2021-07-28,10:45,CUSCO,PE-28B,166.0,CHOQUE,0,0.0,10.0,2021,7,2,0,0.0,0.0,0.0
20211222,2021-07-28,13:30,CUSCO,PE-28B,227.0,CHOQUE,0,1.0,13.0,2021,7,2,0,0.0,0.0,0.0
20211222,2021-07-28,08:42,ANCASH,PE-1N,342.0,CHOQUE,0,4.0,8.0,2021,7,2,0,0.0,0.0,0.0
20211222,2021-07-28,12:30,ANCASH,PE-1N,403.0,VOLCADURA,0,2.0,12.0,2021,7,2,0,0.0,0.0,0.0
20211222,2021-07-28,17:02,HUANUCO,PE-5N,483.0,CHOQUE,0,5.0,17.0,2021,7,2,0,1.3,1.3,10.0
20211222,2021-07-28,12:30,MADRE DE DIOS,PE-30C,487.0,DESPISTE,0,1.0,12.0,2021,7,2,0,3.1,3.1,8.0
20211222,2021-07-28,05:40,ANCASH,PE-3N,565.0,DESPISTE,0,2.0,5.0,2021,7,2,0,0.0,0.0,0.0
20211222,2021-07-28,06:30,APURIMAC,PE-3S,818.0,DESPISTE,0,3.0,6.0,2021,7,2,0,0.0,0.0,0.0
20211222,2021-07-28,10:45,AREQUIPA,PE-1S,921.0,DESPISTE,0,1.0,10.0,2021,7,2,0,0.0,0.0,0.0
20211222,2021-07-28,10:00,MOQUEGUA,PE-1S,1155.0,CHOQUE,0,1.0,10.0,2021,7,2,0,0.0,0.0,0.0
20211222,2021-07-28,11:40,LIMA,PE-16,,DESPISTE,0,2.0,11.0,2021,7,2,0,0.0,0.0,0.0
20211222,2021-07-29,N.I.,AREQUIPA,AR-105,29.0,DESPISTE,0,0.0,,2021,7,3,0,0.0,0.0,0.0
20211222,2021-07-29,08:15,JUNIN,PE-3S,64.0,DESPISTE,0,0.0,8.0,2021,7,3,0,0.0,0.0,0.0
20211222,2021-07-29,03:15,LIMA,PE-1N,64.0,CHOQUE,0,0.0,3.0,2021,7,3,0,0.0,0.0,0.0
20211222,2021-07-29,17:30,AYACUCHO,PE-30A,77.0,DESPISTE,0,0.0,17.0,2021,7,3,0,0.0,0.0,0.0
20211222,2021-07-29,19:00,LIMA,PE-1N,78.0,CHOQUE,2,2.0,19.0,2021,7,3,1,0.0,0.0,0.0
20211222,2021-07-29,21:40,LIMA,PE-1S,87.0,CHOQUE,0,2.0,21.0,2021,7,3,0,0.0,0.0,0.0
20211222,2021-07-29,23:15,AREQUIPA,PE-1SD,89.0,ESPECIAL,0,0.0,23.0,2021,7,3,0,0.0,0.0,0.0
20211222,2021-07-29,06:40,APURIMAC,PE-30A,385.0,CHOQUE,0,3.0,6.0,2021,7,3,0,0.0,0.0,0.0
20211222,2021-07-29,09:30,MADRE DE DIOS,PE-30C,422.0,CHOQUE,0,0.0,9.0,2021,7,3,0,0.0,0.0,0.0
20211222,2021-07-29,06:05,SAN MARTIN,PE-5N,496.0,CHOQUE,0,1.0,6.0,2021,7,3,0,5.0,5.0,14.0
20211222,2021-07-29,20:20,APURIMAC,PE-3S,769.0,CHOQUE,0,0.0,20.0,2021,7,3,0,0.0,0.0,0.0
20211222,2021-07-29,09:40,APURIMAC,PE-3S,839.0,CHOQUE,0,4.0,9.0,2021,7,3,0,0.0,0.0,0.0
20211222,2021-07-29,06:30,PIURA,PE-1N,1006.0,CHOQUE,1,0.0,6.0,2021,7,3,1,0.0,0.0,0.0
20211222,2021-07-30,07:00,AREQUIPA,PE-1SD,10.0,CHOQUE,0,1.0,7.0,2021,7,4,0,0.0,0.0,0.0
20211222,2021-07-30,19:05,MOQUEGUA,PE-1SD,27.0,CHOQUE,0,0.0,19.0,2021,7,4,0,0.0,0.0,0.0
20211222,2021-07-30,17:00,LAMBAYEQUE,PE-1NJ,43.0,ATROPELLO,1,0.0,17.0,2021,7,4,1,0.0,0.0,0.0
20211222,2021-07-30,09:00,LAMBAYEQUE,PE-1NJ,46.0,CHOQUE,0,2.0,9.0,2021,7,4,0,0.0,0.0,0.0
20211222,2021-07-30,04:30,CAJAMARCA,PE-06A,84.0,DESPISTE,0,0.0,4.0,2021,7,4,0,0.0,0.0,0.0
20211222,2021-07-30,18:45,CAJAMARCA,PE-3N,88.0,DESPISTE,0,0.0,18.0,2021,7,4,0,0.0,0.0,0.0
20211222,2021-07-30,06:45,PIURA,PE-1N,89.0,DESPISTE,0,0.0,6.0,2021,7,4,0,0.0,0.0,0.0
20211222,2021-07-30,13:30,AMAZONAS,PE-5N,367.0,DESPISTE,0,1.0,13.0,2021,7,4,0,0.1,0.1,1.0
20211222,2021-07-30,03:20,LA LIBERTAD,PE-1N,557.0,CHOQUE,0,1.0,3.0,2021,7,4,0,0.0,0.0,0.0
20211222,2021-07-31,15:02,JUNIN,PE-3N,1.0,DESPISTE,0,1.0,15.0,2021,7,5,0,0.0,0.0,0.0
20211222,2021-07-31,22:40,AREQUIPA,AR-105,47.0,DESPISTE,0,0.0,22.0,2021,7,5,0,0.0,0.0,0.0
20211222,2021-07-31,16:00,LAMBAYEQUE,PE-1NJ,55.0,CHOQUE,0,0.0,16.0,2021,7,5,0,0.0,0.0,0.0
20211222,2021-07-31,14:30,JUNIN,PE-3S,64.0,CHOQUE,0,3.0,14.0,2021,7,5,0,0.0,0.0,0.0
20211222,2021-07-31,06:00,HUANUCO,PE-18A,125.0,CHOQUE,0,1.0,6.0,2021,7,5,0,1.4,1.4,10.0
20211222,2021-07-31,17:57,LIMA,PE-1N,140.0,DESPISTE,0,3.0,17.0,2021,7,5,0,0.0,0.0,0.0
20211222,2021-07-31,04:20,AREQUIPA,PE-34A,171.0,DESPISTE,0,0.0,4.0,2021,7,5,0,0.0,0.0,0.0
20211222,2021-07-31,01:40,ANCASH,PE-1N,292.0,CHOQUE,0,5.0,1.0,2021,7,5,0,0.0,0.0,0.0
20211222,2021-07-31,20:10,MADRE DE DIOS,PE-30C,324.0,CHOQUE,0,0.0,20.0,2021,7,5,0,0.0,0.0,0.0
20211222,2021-07-31,16:40,ICA,PE-1S,358.0,CHOQUE,0,0.0,16.0,2021,7,5,0,0.0,0.0,0.0
20211222,2021-07-31,13:20,LA LIBERTAD,PE-1N,680.0,CHOQUE,1,0.0,13.0,2021,7,5,1,0.0,0.0,0.0
20211222,2021-07-31,01:20,LAMBAYEQUE,PE-1N,812.0,ATROPELLO,0,1.0,1.0,2021,7,5,0,0.0,0.0,0.0
20211222,2021-08-01,16:35,PIURA,PE-1N,3.0,ATROPELLO,1,0.0,16.0,2021,8,6,1,0.0,0.0,0.0
20211222,2021-08-01,17:56,AREQUIPA,AR-109,6.0,CHOQUE,0,2.0,17.0,2021,8,6,0,0.0,0.0,0.0
20211222,2021-08-01,07:30,CAJAMARCA,PE-3N,9.0,DESPISTE,0,0.0,7.0,2021,8,6,0,0.0,0.0,0.0
20211222,2021-08-01,17:00,CAJAMARCA,PE-5N,13.0,DESPISTE,0,1.0,17.0,2021,8,6,0,0.0,0.0,0.0
20211222,2021-08-01,06:45,LIMA,PE-1S,28.0,DESPISTE,0,0.0,6.0,2021,8,6,0,0.0,0.0,0.0
20211222,2021-08-01,03:00,LORETO,LO-103,37.0,ATROPELLO,0,2.0,3.0,2021,8,6,0,0.5,0.5,3.0
20211222,2021-08-01,14:23,AREQUIPA,AR-109,44.0,DESPISTE,0,0.0,14.0,2021,8,6,0,0.0,0.0,0.0
20211222,2021-08-01,13:00,CAJAMARCA,PE-08,56.0,DESPISTE,1,0.0,13.0,2021,8,6,1,0.0,0.0,0.0
20211222,2021-08-01,11:10,JUNIN,PE-3N,56.0,DESPISTE,0,0.0,11.0,2021,8,6,0,0.2,0.2,2.0
20211222,2021-08-01,06:20,UCAYALI,PE-18C,58.0,DESPISTE,1,0.0,6.0,2021,8,6,1,0.0,0.0,0.0
20211222,2021-08-01,18:20,CAJAMARCA,PE-08,58.0,CHOQUE,0,1.0,18.0,2021,8,6,0,0.0,0.0,0.0
20211222,2021-08-01,17:30,LAMBAYEQUE,PE-1NJ,66.0,CHOQUE,0,1.0,17.0,2021,8,6,0,0.0,0.0,0.0
20211222,2021-08-01,12:30,JUNIN,PE-3N,71.0,DESPISTE,0,1.0,12.0,2021,8,6,0,0.2,0.2,2.0
20211222,2021-08-01,16:10,JUNIN,PE-3N,72.0,CHOQUE,0,0.0,16.0,2021,8,6,0,0.2,0.2,2.0
20211222,2021-08-01,23:35,JUNIN,PE-3S,76.0,DESPISTE,0,1.0,23.0,2021,8,6,0,0.2,0.2,2.0
20211222,2021-08-01,17:00,LIMA,PE-22,80.0,CHOQUE,0,1.0,17.0,2021,8,6,0,0.0,0.0,0.0
20211222,2021-08-01,22:41,JUNIN,PE-5S,83.0,DESPISTE,0,0.0,22.0,2021,8,6,0,0.2,0.2,2.0
20211222,2021-08-01,12:35,LIMA,PE-1S,98.0,CHOQUE,0,2.0,12.0,2021,8,6,0,0.0,0.0,0.0
20211222,2021-08-01,15:20,LIMA,PE-22,106.0,DESPISTE,0,0.0,15.0,2021,8,6,0,0.0,0.0,0.0
20211222,2021-08-01,15:50,JUNIN,PE-3SB,115.0,CHOQUE,0,3.0,15.0,2021,8,6,0,0.2,0.2,2.0
20211222,2021-08-01,06:45,CAJAMARCA,PE-08B,126.0,DESPISTE,0,6.0,6.0,2021,8,6,0,0.0,0.0,0.0
20211222,2021-08-01,06:00,LIMA,PE-22,130.0,CHOQUE,0,1.0,6.0,2021,8,6,0,0.0,0.0,0.0
20211222,2021-08-01,17:00,PASCO,PE-3N,138.0,CHOQUE,0,0.0,17.0,2021,8,6,0,4.3,1.4,6.0
20211222,2021-08-01,05:45,ANCASH,PE-3N,152.0,CHOQUE,0,1.0,5.0,2021,8,6,0,0.4,0.4,3.0
20211222,2021-08-01,18:30,HUANCAVELICA,PE-3S,162.0,CHOQUE,0,1.0,18.0,2021,8,6,0,3.1,3.1,14.0
20211222,2021-08-01,11:00,CUSCO,PE-28B,177.0,CHOQUE,0,0.0,11.0,2021,8,6,0,0.0,0.0,0.0
20211222,2021-08-01,20:00,ICA,PE-1S,245.0,CHOQUE,0,1.0,20.0,2021,8,6,0,0.0,0.0,0.0
20211222,2021-08-01,17:30,MADRE DE DIOS,PE-30C,276.0,CHOQUE,0,0.0,17.0,2021,8,6,0,0.0,0.0,0.0
20211222,2021-08-01,00:30,MADRE DE DIOS,PE-30C,324.0,ATROPELLO,0,1.0,0.0,2021,8,6,0,0.0,0.0,0.0
20211222,2021-08-01,17:30,UCAYALI,PE-5N,355.0,CHOQUE,0,0.0,17.0,2021,8,6,0,0.0,0.0,0.0
20211222,2021-08-01,10:10,ANCASH,PE-1N,409.0,DESPISTE,0,0.0,10.0,2021,8,6,0,0.4,0.4,3.0
20211222,2021-08-01,22:20,SAN MARTIN,PE-5N,492.0,CHOQUE,0,2.0,22.0,2021,8,6,0,0.8,0.8,5.0
20211222,2021-08-01,22:42,SAN MARTIN,PE-5N,630.0,CHOQUE,0,1.0,22.0,2021,8,6,0,0.8,0.8,5.0
20211222,2021-08-01,01:20,LAMBAYEQUE,PE-1N,812.0,ATROPELLO,1,0.0,1.0,2021,8,6,1,0.0,0.0,0.0
20211222,2021-08-01,12:30,PIURA,PE-1N,906.0,DESPISTE,0,0.0,12.0,2021,8,6,0,0.0,0.0,0.0
20211222,2021-08-01,19:50,AREQUIPA,PE-1S,973.0,CHOQUE,0,2.0,19.0,2021,8,6,0,0.0,0.0,0.0
20211222,2021-08-02,13:05,AREQUIPA,PE-34,8.0,DESPISTE,0,0.0,13.0,2021,8,0,0,0.0,0.0,0.0
20211222,2021-08-02,07:30,LIMA,PE-22,14.0,CHOQUE,0,0.0,7.0,2021,8,0,0,0.0,0.0,0.0
20211222,2021-08-02,17:50,LIMA,PE-1S,50.0,DESPISTE,1,1.0,17.0,2021,8,0,1,0.0,0.0,0.0
20211222,2021-08-02,01:35,CAJAMARCA,PE-08,56.0,DESPISTE,0,4.0,1.0,2021,8,0,0,0.0,0.0,0.0
20211222,2021-08-02,18:40,HUANUCO,PE-5N,62.0,CHOQUE,0,0.0,18.0,2021,8,0,0,0.4,0.4,3.0
20211222,2021-08-02,10:30,LIMA,PE-1N,74.0,CHOQUE,0,0.0,10.0,2021,8,0,0,0.0,0.0,0.0
20211222,2021-08-02,05:30,LIMA,PE-1N,80.0,CHOQUE,1,0.0,5.0,2021,8,0,1,0.0,0.0,0.0
20211222,2021-08-02,16:25,AREQUIPA,PE-34A,84.0,DESPISTE,0,0.0,16.0,2021,8,0,0,0.0,0.0,0.0
20211222,2021-08-02,22:25,LIMA,PE-22,106.0,DESPISTE,0,4.0,22.0,2021,8,0,0,0.0,0.0,0.0
20211222,2021-08-02,00:50,LIMA,PE-1S,109.0,CHOQUE,0,1.0,0.0,2021,8,0,0,0.0,0.0,0.0
20211222,2021-08-02,18:20,JUNIN,PE-3SB,112.0,CHOQUE,0,1.0,18.0,2021,8,0,0,0.2,0.2,2.0
20211222,2021-08-02,22:35,HUANUCO,PE-18A,117.0,DESPISTE,0,0.0,22.0,2021,8,0,0,0.4,0.4,3.0
20211222,2021-08-02,09:30,AREQUIPA,PE-34A,128.0,CHOQUE,0,0.0,9.0,2021,8,0,0,0.0,0.0,0.0
20211222,2021-08-02,10:40,PUNO,PE-34B,170.0,DESPISTE,4,10.0,10.0,2021,8,0,1,3.3,2.0,5.0
20211222,2021-08-02,11:00,CAJAMARCA,PE-5N,193.0,CHOQUE,0,2.0,11.0,2021,8,0,0,0.0,0.0,0.0
20211222,2021-08-02,17:45,LIMA,PE-1N,207.0,DESPISTE,0,1.0,17.0,2021,8,0,0,0.0,0.0,0.0
20211222,2021-08-02,07:43,MOQUEGUA,PE-1SD,209.0,DESPISTE,0,0.0,7.0,2021,8,0,0,0.0,0.0,0.0
20211222,2021-08-02,21:45,MADRE DE DIOS,PE-30C,385.0,CHOQUE,0,5.0,21.0,2021,8,0,0,0.0,0.0,0.0
20211222,2021-08-02,13:30,AREQUIPA,PE-1S,655.0,CHOQUE,0,0.0,13.0,2021,8,0,0,0.0,0.0,0.0
20211222,2021-08-02,20:30,LA LIBERTAD,PE-1N,725.0,DESPISTE,0,0.0,20.0,2021,8,0,0,0.0,0.0,0.0
20211222,2021-08-02,07:00,PIURA,PE-1N,1022.0,CHOQUE,1,3.0,7.0,2021,8,0,1,0.0,0.0,0.0
20211222,2021-08-02,07:30,PIURA,PE-1NL,1081.0,CHOQUE,0,1.0,7.0,2021,8,0,0,0.0,0.0,0.0
20211222,2021-08-02,20:30,PIURA,PE-1NL,1121.0,VOLCADURA,0,0.0,20.0,2021,8,0,0,0.0,0.0,0.0
20211222,2021-08-02,19:00,MOQUEGUA,PE-1S,1152.0,DESPISTE,0,5.0,19.0,2021,8,0,0,0.0,0.0,0.0
20211222,2021-08-03,07:30,PIURA,PE-02A,4.0,DESPISTE,0,1.0,7.0,2021,8,1,0,0.0,0.0,0.0
20211222,2021-08-03,N.I.,AREQUIPA,AR-105,55.0,CHOQUE,0,3.0,,2021,8,1,0,0.0,0.0,0.0
20211222,2021-08-03,03:25,LIMA,PE-22,87.0,DESPISTE,0,0.0,3.0,2021,8,1,0,0.0,0.0,0.0
20211222,2021-08-03,05:00,HUANUCO,PE-18A,105.0,DESPISTE,0,0.0,5.0,2021,8,1,0,1.5,1.5,8.0
20211222,2021-08-03,19:20,ANCASH,PE-3N,135.0,CHOQUE,0,0.0,19.0,2021,8,1,0,0.0,0.0,0.0
20211222,2021-08-03,13:00,UCAYALI,PE-5N,145.0,DESPISTE,0,0.0,13.0,2021,8,1,0,0.0,0.0,0.0
20211222,2021-08-03,15:48,JUNIN,PE-22,153.0,DESPISTE,0,3.0,15.0,2021,8,1,0,1.3,1.3,3.0
20211222,2021-08-03,07:40,LIMA,PE-1N,158.0,CHOQUE,0,3.0,7.0,2021,8,1,0,0.0,0.0,0.0
20211222,2021-08-03,17:40,CUSCO,PE-28B,166.0,CHOQUE,0,4.0,17.0,2021,8,1,0,0.1,0.1,1.0
20211222,2021-08-03,12:38,PUNO,PE-34A,234.0,DESPISTE,0,0.0,12.0,2021,8,1,0,12.2,4.6,15.0
20211222,2021-08-03,13:55,PUNO,PE-34A,242.0,DESPISTE,0,1.0,13.0,2021,8,1,0,12.2,4.6,15.0
20211222,2021-08-03,19:15,ICA,PE-1S,280.0,DESPISTE,0,2.0,19.0,2021,8,1,0,0.0,0.0,0.0
20211222,2021-08-03,21:00,MADRE DE DIOS,PE-30C,291.0,CHOQUE,0,1.0,21.0,2021,8,1,0,0.0,0.0,0.0
20211222,2021-08-03,18:56,ANCASH,PE-1N,375.0,CHOQUE,0,0.0,18.0,2021,8,1,0,0.0,0.0,0.0
20211222,2021-08-03,22:00,SAN MARTIN,PE-5N,420.0,CHOQUE,0,1.0,22.0,2021,8,1,0,0.1,0.1,1.0
20211222,2021-08-03,10:13,SAN MARTIN,PE-5N,642.0,DESPISTE,0,2.0,10.0,2021,8,1,0,0.1,0.1,1.0
20211222,2021-08-03,17:40,CUSCO,PE-3S,889.0,DESPISTE,0,1.0,17.0,2021,8,1,0,0.1,0.1,1.0
20211222,2021-08-03,08:30,PIURA,PE-1N,891.0,DESPISTE,0,3.0,8.0,2021,8,1,0,0.0,0.0,0.0
20211222,2021-08-03,17:00,TACNA,PE-1S,1280.0,DESPISTE,0,0.0,17.0,2021,8,1,0,0.0,0.0,0.0
20211222,2021-08-04,04:10,AREQUIPA,AR-106,0.0,VOLCADURA,0,9.0,4.0,2021,8,2,0,0.0,0.0,0.0
20211222,2021-08-04,18:30,PUNO,PE-3SG,3.0,CHOQUE,0,1.0,18.0,2021,8,2,0,0.7,0.2,2.0
20211222,2021-08-04,10:00,PUNO,PE-34B,10.0,CHOQUE,0,1.0,10.0,2021,8,2,0,0.7,0.2,2.0
20211222,2021-08-04,10:15,LIMA,PE-1N,70.0,DESPISTE,0,0.0,10.0,2021,8,2,0,0.0,0.0,0.0
20211222,2021-08-04,07:05,LIMA,PE-1N,77.0,CHOQUE,0,0.0,7.0,2021,8,2,0,0.0,0.0,0.0
20211222,2021-08-04,17:00,PIURA,PE-1N,86.0,CHOQUE,0,2.0,17.0,2021,8,2,0,0.0,0.0,0.0
20211222,2021-08-04,22:40,LIMA,PE-22,108.0,DESPISTE,0,0.0,22.0,2021,8,2,0,0.0,0.0,0.0
20211222,2021-08-04,04:52,MOQUEGUA,PE-36A,124.0,DESPISTE,0,0.0,4.0,2021,8,2,0,0.0,0.0,0.0
20211222,2021-08-04,19:20,UCAYALI,PE-18C,147.0,CHOQUE,0,1.0,19.0,2021,8,2,0,0.0,0.0,0.0
20211222,2021-08-04,08:35,AREQUIPA,PE-34A,153.0,CHOQUE,0,0.0,8.0,2021,8,2,0,0.0,0.0,0.0
20211222,2021-08-04,23:00,HUANCAVELICA,PE-28A,161.0,DESPISTE,0,2.0,23.0,2021,8,2,0,0.0,0.0,0.0
20211222,2021-08-04,05:20,AREQUIPA,PE-34A,168.0,CHOQUE,0,0.0,5.0,2021,8,2,0,0.0,0.0,0.0
20211222,2021-08-04,20:50,HUANUCO,PE-3N,240.0,DESPISTE,0,1.0,20.0,2021,8,2,0,0.5,0.5,5.0
20211222,2021-08-04,17:15,SAN MARTIN,PE-5N,406.0,ESPECIAL,0,1.0,17.0,2021,8,2,0,0.2,0.2,1.0
20211222,2021-08-04,06:00,LAMBAYEQUE,PE-1N,861.0,CHOQUE,1,1.0,6.0,2021,8,2,1,0.0,0.0,0.0
20211222,2021-08-04,11:45,MOQUEGUA,PE-1S,1153.0,CHOQUE,0,2.0,11.0,2021,8,2,0,0.0,0.0,0.0
20211222,2021-08-05,07:15,MOQUEGUA,PE-36A,40.0,DESPISTE,0,0.0,7.0,2021,8,3,0,0.0,0.0,0.0
20211222,2021-08-05,20:00,ANCASH,PE-16,120.0,CHOQUE,1,0.0,20.0,2021,8,3,1,0.0,0.0,0.0
20211222,2021-08-05,10:58,LIMA,PE-1S,141.0,DESPISTE,0,1.0,10.0,2021,8,3,0,0.0,0.0,0.0
20211222,2021-08-05,20:50,PASCO,PE-5N,153.0,CHOQUE,0,1.0,20.0,2021,8,3,0,0.0,0.0,0.0
20211222,2021-08-05,11:50,ICA,PE-1S,186.0,DESPISTE,0,5.0,11.0,2021,8,3,0,0.0,0.0,0.0
20211222,2021-08-05,09:40,TUMBES,PE-1N,268.0,CHOQUE,0,1.0,9.0,2021,8,3,0,0.0,0.0,0.0
20211222,2021-08-05,19:30,AMAZONAS,PE-08B,317.0,CHOQUE,0,2.0,19.0,2021,8,3,0,0.0,0.0,0.0
20211222,2021-08-05,10:30,APURIMAC,PE-30A,395.0,DESPISTE,0,0.0,10.0,2021,8,3,0,0.0,0.0,0.0
20211222,2021-08-05,19:10,LA LIBERTAD,PE-1N,575.0,ATROPELLO,1,0.0,19.0,2021,8,3,1,0.2,0.2,2.0
20211222,2021-08-05,09:20,LAMBAYEQUE,PE-1N,863.0,CHOQUE,0,0.0,9.0,2021,8,3,0,0.0,0.0,0.0
20211222,2021-08-06,14:10,AREQUIPA,PE-34C,2.0,DESPISTE,0,0.0,14.0,2021,8,4,0,0.0,0.0,0.0
20211222,2021-08-06,12:40,LIMA,PE-16,24.0,CHOQUE,1,4.0,12.0,2021,8,4,1,0.0,0.0,0.0
20211222,2021-08-06,20:40,MOQUEGUA,PE-1SD,27.0,CHOQUE,0,0.0,20.0,2021,8,4,0,0.0,0.0,0.0
20211222,2021-08-06,13:45,JUNIN,PE-3N,28.0,DESPISTE,0,0.0,13.0,2021,8,4,0,0.0,0.0,0.0
20211222,2021-08-06,04:20,LIMA,PE-22,53.0,DESPISTE,0,0.0,4.0,2021,8,4,0,0.0,0.0,0.0
20211222,2021-08-06,06:30,JUNIN,PE-3N,80.0,DESPISTE,1,1.0,6.0,2021,8,4,1,0.0,0.0,0.0
20211222,2021-08-06,11:40,CUSCO,PE-28B,82.0,CHOQUE,1,2.0,11.0,2021,8,4,1,0.1,0.1,1.0
20211222,2021-08-06,11:20,AREQUIPA,PE-34A,136.0,CHOQUE,0,0.0,11.0,2021,8,4,0,0.0,0.0,0.0
20211222,2021-08-06,19:00,ICA,PE-1S,198.0,CHOQUE,0,1.0,19.0,2021,8,4,0,0.0,0.0,0.0
20211222,2021-08-06,05:50,ANCASH,PE-1N,240.0,DESPISTE,1,2.0,5.0,2021,8,4,1,0.0,0.0,0.0
20211222,2021-08-06,16:45,APURIMAC,PE-30A,349.0,CHOQUE,0,8.0,16.0,2021,8,4,0,0.0,0.0,0.0
20211222,2021-08-06,10:09,HUANUCO,PE-5N,499.0,CHOQUE,0,0.0,10.0,2021,8,4,0,0.0,0.0,0.0
20211222,2021-08-06,14:00,CUSCO,PE-3S,1093.0,ATROPELLO,0,1.0,14.0,2021,8,4,0,0.1,0.1,1.0
20211222,2021-08-06,15:30,MOQUEGUA,PE-1S,1114.0,DESPISTE,0,6.0,15.0,2021,8,4,0,0.0,0.0,0.0
20211222,2021-08-06,20:15,PUNO,PE-3S,1368.0,CHOQUE,0,0.0,20.0,2021,8,4,0,0.0,0.0,0.0
20211222,2021-08-07,14:00,AMAZONAS,PE-5NC,3.0,CHOQUE,1,3.0,14.0,2021,8,5,1,0.0,0.0,0.0
20211222,2021-08-07,21:40,CAJAMARCA,PE-5N,25.0,DESPISTE,0,1.0,21.0,2021,8,5,0,0.0,0.0,0.0
20211222,2021-08-07,19:10,LIMA,PE-1S,36.0,CHOQUE,0,0.0,19.0,2021,8,5,0,0.0,0.0,0.0
20211222,2021-08-07,09:25,LIMA,PE-1N,59.0,DESPISTE,0,0.0,9.0,2021,8,5,0,0.0,0.0,0.0
20211222,2021-08-07,17:10,AREQUIPA,AR-109,62.0,DESPISTE,0,1.0,17.0,2021,8,5,0,0.0,0.0,0.0
20211222,2021-08-07,16:10,LIMA,PE-1S,73.0,CHOQUE,0,3.0,16.0,2021,8,5,0,0.0,0.0,0.0
20211222,2021-08-07,10:35,LIMA,PE-1N,86.0,CHOQUE,0,1.0,10.0,2021,8,5,0,0.0,0.0,0.0
20211222,2021-08-07,13:25,ICA,PE-1S,192.0,DESPISTE,0,3.0,13.0,2021,8,5,0,0.0,0.0,0.0
20211222,2021-08-07,13:15,HUANUCO,PE-3N,199.0,VOLCADURA,0,1.0,13.0,2021,8,5,0,0.1,0.1,1.0
20211222,2021-08-07,09:50,AMAZONAS,PE-5N,213.0,CHOQUE,1,1.0,9.0,2021,8,5,1,0.0,0.0,0.0
20211222,2021-08-07,04:30,ANCASH,PE-1N,330.0,DESPISTE,0,1.0,4.0,2021,8,5,0,0.0,0.0,0.0
20211222,2021-08-07,06:50,ANCASH,PE-1N,344.0,DESPISTE,0,2.0,6.0,2021,8,5,0,0.0,0.0,0.0
20211222,2021-08-07,11:30,SAN MARTIN,PE-5N,401.0,DESPISTE,0,3.0,11.0,2021,8,5,0,0.0,0.0,0.0
20211222,2021-08-07,21:10,MADRE DE DIOS,PE-30C,416.0,CHOQUE,0,1.0,21.0,2021,8,5,0,0.0,0.0,0.0
20211222,2021-08-07,07:30,APURIMAC,PE-30A,423.0,CHOQUE,0,3.0,7.0,2021,8,5,0,0.0,0.0,0.0
20211222,2021-08-07,19:45,ICA,PE-1S,468.0,CHOQUE,0,0.0,19.0,2021,8,5,0,0.0,0.0,0.0
20211222,2021-08-07,20:05,AREQUIPA,PE-1S,509.0,CHOQUE,0,1.0,20.0,2021,8,5,0,0.0,0.0,0.0
20211222,2021-08-07,14:30,AREQUIPA,PE-1S,553.0,DESPISTE,1,0.0,14.0,2021,8,5,1,0.0,0.0,0.0
20211222,2021-08-07,06:50,ANCASH,PE-3N,598.0,CHOQUE,0,0.0,6.0,2021,8,5,0,0.0,0.0,0.0
20211222,2021-08-07,18:20,ANCASH,PE-3N,613.0,CHOQUE,0,0.0,18.0,2021,8,5,0,0.0,0.0,0.0
20211222,2021-08-07,19:30,AREQUIPA,PE-1S,704.0,CHOQUE,0,0.0,19.0,2021,8,5,0,0.0,0.0,0.0
20211222,2021-08-07,03:00,LA LIBERTAD,PE-1N,721.0,DESPISTE,0,2.0,3.0,2021,8,5,0,0.0,0.0,0.0
20211222,2021-08-07,03:15,LAMBAYEQUE,PE-1N,827.0,CHOQUE,0,0.0,3.0,2021,8,5,0,0.0,0.0,0.0
20211222,2021-08-07,21:00,LAMBAYEQUE,PE-1N,857.0,CHOQUE,0,3.0,21.0,2021,8,5,0,0.0,0.0,0.0
20211222,2021-08-07,20:20,CUSCO,PE-3S,1020.0,DESPISTE,0,3.0,20.0,2021,8,5,0,0.0,0.0,0.0
20211222,2021-08-08,17:30,CAJAMARCA,PE-3N,4.0,DESPISTE,0,0.0,17.0,2021,8,6,0,0.0,0.0,0.0
20211222,2021-08-08,N.I.,LAMBAYEQUE,PE-06A,9.0,CHOQUE,0,1.0,,2021,8,6,0,0.0,0.0,0.0
20211222,2021-08-08,21:00,PUNO,PE-34H,14.0,CHOQUE,0,3.0,21.0,2021,8,6,0,0.0,0.0,0.0
20211222,2021-08-08,14:40,CUSCO,PE-28F,40.0,DESPISTE,0,2.0,14.0,2021,8,6,0,0.0,0.0,0.0
20211222,2021-08-08,19:20,LIMA,PE-1S,56.0,ATROPELLO,0,2.0,19.0,2021,8,6,0,0.1,0.1,1.0
20211222,2021-08-08,15:00,LAMBAYEQUE,PE-1NJ,67.0,CHOQUE,0,3.0,15.0,2021,8,6,0,0.0,0.0,0.0
20211222,2021-08-08,21:00,LIMA,PE-1S,69.0,CHOQUE,0,0.0,21.0,2021,8,6,0,0.1,0.1,1.0
20211222,2021-08-08,13:10,HUANUCO,PE-18A,70.0,DESPISTE,0,0.0,13.0,2021,8,6,0,0.0,0.0,0.0
20211222,2021-08-08,08:17,LIMA,PE-1N,74.0,CHOQUE,0,2.0,8.0,2021,8,6,0,0.1,0.1,1.0
20211222,2021-08-08,05:50,AREQUIPA,PE-34A,82.0,DESPISTE,0,0.0,5.0,2021,8,6,0,0.0,0.0,0.0
20211222,2021-08-08,02:55,LIMA,PE-1S,91.0,DESPISTE,0,4.0,2.0,2021,8,6,0,0.1,0.1,1.0
20211222,2021-08-08,20:30,CAJAMARCA,PE-08,110.0,DESPISTE,0,1.0,20.0,2021,8,6,0,0.0,0.0,0.0
20211222,2021-08-08,07:00,AREQUIPA,PE-34A,121.0,CHOQUE,0,4.0,7.0,2021,8,6,0,0.0,0.0,0.0
20211222,2021-08-08,00:15,PASCO,PE-3N,149.0,DESPISTE,0,1.0,0.0,2021,8,6,0,0.0,0.0,0.0
20211222,2021-08-08,22:15,CAJAMARCA,PE-08,158.0,CHOQUE,0,1.0,22.0,2021,8,6,0,0.0,0.0,0.0
20211222,2021-08-08,19:05,AREQUIPA,PE-34A,179.0,DESPISTE,0,1.0,19.0,2021,8,6,0,0.0,0.0,0.0
20211222,2021-08-08,05:40,PIURA,PE-1NJ,181.0,CHOQUE,0,3.0,5.0,2021,8,6,0,0.0,0.0,0.0
20211222,2021-08-08,23:50,SAN MARTIN,PE-5N,590.0,CHOQUE,1,0.0,23.0,2021,8,6,1,0.3,0.3,3.0
20211222,2021-08-08,09:20,AREQUIPA,PE-1S,609.0,DESPISTE,0,0.0,9.0,2021,8,6,0,0.0,0.0,0.0
20211222,2021-08-08,21:16,ANCASH,PE-3N,643.0,CHOQUE,0,0.0,21.0,2021,8,6,0,0.0,0.0,0.0
20211222,2021-08-08,07:20,LAMBAYEQUE,PE-1N,856.0,DESPISTE,0,0.0,7.0,2021,8,6,0,0.0,0.0,0.0
20211222,2021-08-08,09:00,LAMBAYEQUE,PE-1N,876.0,DESPISTE,0,0.0,9.0,2021,8,6,0,0.0,0.0,0.0
20211222,2021-08-08,17:45,MOQUEGUA,PE-1S,1190.0,CHOQUE,0,2.0,17.0,2021,8,6,0,0.0,0.0,0.0
20211222,2021-08-09,17:00,LIMA,PE-1N,4.0,DESPISTE,0,1.0,17.0,2021,8,0,0,0.0,0.0,0.0
20211222,2021-08-09,14:45,JUNIN,PE-3S,30.0,CHOQUE,0,0.0,14.0,2021,8,0,0,0.0,0.0,0.0
20211222,2021-08-09,19:10,LAMBAYEQUE,PE-1NJ,47.0,CHOQUE,0,1.0,19.0,2021,8,0,0,0.0,0.0,0.0
20211222,2021-08-09,08:15,LIMA,PE-1N,57.0,DESPISTE,0,1.0,8.0,2021,8,0,0,0.0,0.0,0.0
20211222,2021-08-09,17:20,LIMA,PE-1S,71.0,DESPISTE,0,0.0,17.0,2021,8,0,0,0.0,0.0,0.0
20211222,2021-08-09,12:28,JUNIN,PE-3N,72.0,CHOQUE,0,1.0,12.0,2021,8,0,0,0.0,0.0,0.0
20211222,2021-08-09,16:20,LIMA,PE-22,74.0,CHOQUE,0,5.0,16.0,2021,8,0,0,0.0,0.0,0.0
20211222,2021-08-09,14:45,CAJAMARCA,PE-3N,75.0,DESPISTE,0,1.0,14.0,2021,8,0,0,0.0,0.0,0.0
20211222,2021-08-09,08:00,ANCASH,PE-16,85.0,DESPISTE,0,3.0,8.0,2021,8,0,0,0.0,0.0,0.0
20211222,2021-08-09,10:00,PASCO,PE-3N,90.0,CHOQUE,0,1.0,10.0,2021,8,0,0,0.1,0.1,1.0
20211222,2021-08-09,19:00,PUNO,PE-34B,138.0,ATROPELLO,1,0.0,19.0,2021,8,0,1,0.0,0.0,0.0
20211222,2021-08-09,14:45,JUNIN,PE-22,141.0,CHOQUE,0,0.0,14.0,2021,8,0,0,0.0,0.0,0.0
20211222,2021-08-09,18:10,CAJAMARCA,PE-08,163.0,DESPISTE,0,1.0,18.0,2021,8,0,0,0.0,0.0,0.0
20211222,2021-08-09,12:12,PUNO,PE-34A,206.0,DESPISTE,0,0.0,12.0,2021,8,0,0,0.0,0.0,0.0
20211222,2021-08-09,06:15,MOQUEGUA,PE-1SD,210.0,DESPISTE,0,2.0,6.0,2021,8,0,0,0.0,0.0,0.0
20211222,2021-08-09,12:10,ANCASH,PE-1N,353.0,DESPISTE,0,1.0,12.0,2021,8,0,0,0.0,0.0,0.0
20211222,2021-08-09,16:15,AMAZONAS,PE-08B,393.0,CHOQUE,1,1.0,16.0,2021,8,0,1,0.0,0.0,0.0
20211222,2021-08-09,21:30,ICA,PE-1S,465.0,CHOQUE,1,1.0,21.0,2021,8,0,1,0.0,0.0,0.0
20211222,2021-08-09,08:20,SAN MARTIN,PE-5N,531.0,DESPISTE,0,0.0,8.0,2021,8,0,0,0.2,0.2,2.0
20211222,2021-08-09,06:48,ANCASH,PE-3N,598.0,VOLCADURA,0,0.0,6.0,2021,8,0,0,0.0,0.0,0.0
20211222,2021-08-09,08:30,AREQUIPA,PE-1S,1034.0,CHOQUE,0,2.0,8.0,2021,8,0,0,0.0,0.0,0.0
20211222,2021-08-10,15:30,HUANCAVELICA,PE-3SD,2.0,DESPISTE,0,1.0,15.0,2021,8,1,0,0.0,0.0,0.0
20211222,2021-08-10,11:20,CALLAO,PE-20,6.0,CHOQUE,0,3.0,11.0,2021,8,1,0,0.0,0.0,0.0
20211222,2021-08-10,10:10,JUNIN,PE-3S,29.0,CHOQUE,0,0.0,10.0,2021,8,1,0,0.2,0.2,2.0
20211222,2021-08-10,08:40,LIMA,PE-1N,53.0,DESPISTE,0,0.0,8.0,2021,8,1,0,0.0,0.0,0.0
20211222,2021-08-10,19:50,LIMA,PE-22,56.0,DESPISTE,0,0.0,19.0,2021,8,1,0,0.0,0.0,0.0
20211222,2021-08-10,13:30,AREQUIPA,PE-34A,69.0,CHOQUE,0,9.0,13.0,2021,8,1,0,0.0,0.0,0.0
20211222,2021-08-10,19:15,JUNIN,PE-5S,80.0,CHOQUE,0,2.0,19.0,2021,8,1,0,0.2,0.2,2.0
20211222,2021-08-10,01:30,LIMA,PE-1S,104.0,DESPISTE,0,0.0,1.0,2021,8,1,0,0.0,0.0,0.0
20211222,2021-08-10,14:20,AREQUIPA,PE-34A,121.0,CHOQUE,1,3.0,14.0,2021,8,1,1,0.0,0.0,0.0
20211222,2021-08-10,14:40,ICA,PE-1S,199.0,CHOQUE,0,0.0,14.0,2021,8,1,0,0.0,0.0,0.0
20211222,2021-08-10,15:30,PUNO,PE-34A,227.0,DESPISTE,0,0.0,15.0,2021,8,1,0,0.0,0.0,0.0
20211222,2021-08-10,05:30,PUNO,PE-34A,285.0,CHOQUE,0,1.0,5.0,2021,8,1,0,0.0,0.0,0.0
20211222,2021-08-10,08:00,ANCASH,PE-1N,298.0,CHOQUE,0,1.0,8.0,2021,8,1,0,0.2,0.2,1.0
20211222,2021-08-10,15:30,MADRE DE DIOS,PE-30C,322.0,CHOQUE,0,0.0,15.0,2021,8,1,0,0.0,0.0,0.0
20211222,2021-08-10,20:00,APURIMAC,PE-30A,334.0,DESPISTE,0,0.0,20.0,2021,8,1,0,0.6,0.6,6.0
20211222,2021-08-10,15:30,AMAZONAS,PE-5N,365.0,CHOQUE,0,1.0,15.0,2021,8,1,0,0.0,0.0,0.0
20211222,2021-08-10,10:40,APURIMAC,PE-30A,367.0,DESPISTE,0,1.0,10.0,2021,8,1,0,0.6,0.6,6.0
20211222,2021-08-10,06:30,MADRE DE DIOS,PE-30C,390.0,CHOQUE,0,0.0,6.0,2021,8,1,0,0.0,0.0,0.0
20211222,2021-08-10,19:05,ANCASH,PE-1N,399.0,CHOQUE,0,0.0,19.0,2021,8,1,0,0.2,0.2,1.0
20211222,2021-08-10,12:30,AREQUIPA,PE-1S,883.0,CHOQUE,1,0.0,12.0,2021,8,1,1,0.0,0.0,0.0
20211222,2021-08-10,03:00,CUSCO,PE-3S,1020.0,DESPISTE,0,0.0,3.0,2021,8,1,0,0.0,0.0,0.0
20211222,2021-08-10,03:30,PUNO,PE-3S,1353.0,CHOQUE,0,0.0,3.0,2021,8,1,0,0.0,0.0,0.0
20211222,2021-08-11,15:20,SAN MARTIN,PE-5NB,12.0,CHOQUE,0,2.0,15.0,2021,8,2,0,2.2,2.2,10.0
20211222,2021-08-11,08:15,LIMA,PE-1NA,59.0,CHOQUE,0,0.0,8.0,2021,8,2,0,0.0,0.0,0.0
20211222,2021-08-11,06:20,JUNIN,PE-5S,76.0,DESPISTE,0,0.0,6.0,2021,8,2,0,0.3,0.3,3.0
20211222,2021-08-11,20:00,LIMA,PE-1N,80.0,CHOQUE,0,1.0,20.0,2021,8,2,0,0.0,0.0,0.0
20211222,2021-08-11,10:40,JUNIN,PE-22B,102.0,ATROPELLO,0,0.0,10.0,2021,8,2,0,0.3,0.3,3.0
20211222,2021-08-11,07:40,LIMA,PE-1S,114.0,DESPISTE,0,0.0,7.0,2021,8,2,0,0.0,0.0,0.0
20211222,2021-08-11,19:30,AREQUIPA,PE-34A,121.0,CHOQUE,0,0.0,19.0,2021,8,2,0,0.0,0.0,0.0
20211222,2021-08-11,18:00,AMAZONAS,PE-5N,287.0,DESPISTE,0,1.0,18.0,2021,8,2,0,1.3,1.3,8.0
20211222,2021-08-11,10:30,AMAZONAS,PE-5N,297.0,DESPISTE,0,0.0,10.0,2021,8,2,0,1.3,1.3,8.0
20211222,2021-08-11,11:00,AMAZONAS,PE-08B,321.0,CHOQUE,0,0.0,11.0,2021,8,2,0,1.3,1.3,8.0
20211222,2021-08-11,09:00,PIURA,PE-1NL,1045.0,CHOQUE,0,0.0,9.0,2021,8,2,0,0.0,0.0,0.0
20211222,2021-08-11,17:35,TACNA,PE-1S,1249.0,DESPISTE,0,1.0,17.0,2021,8,2,0,0.0,0.0,0.0
20211222,2021-08-12,23:05,ANCASH,PE-3N,4.0,CHOQUE,0,1.0,23.0,2021,8,3,0,0.0,0.0,0.0
20211222,2021-08-12,01:15,LIMA,PE-16,31.0,ATROPELLO,1,0.0,1.0,2021,8,3,1,0.0,0.0,0.0
20211222,2021-08-12,19:02,AREQUIPA,PE-34A,68.0,CHOQUE,0,1.0,19.0,2021,8,3,0,0.0,0.0,0.0
20211222,2021-08-12,22:50,JUNIN,PE-22B,102.0,DESPISTE,0,0.0,22.0,2021,8,3,0,0.4,0.4,2.0
20211222,2021-08-12,06:12,JUNIN,PE-22B,102.0,CHOQUE,0,1.0,6.0,2021,8,3,0,0.4,0.4,2.0
20211222,2021-08-12,19:30,PIURA,PE-1NJ,222.0,DESPISTE,0,1.0,19.0,2021,8,3,0,0.0,0.0,0.0
20211222,2021-08-12,08:20,MADRE DE DIOS,PE-30C,271.0,CHOQUE,0,0.0,8.0,2021,8,3,0,0.0,0.0,0.0
20211222,2021-08-12,02:20,ANCASH,PE-1N,331.0,CHOQUE,3,4.0,2.0,2021,8,3,1,0.0,0.0,0.0
20211222,2021-08-12,12:32,SAN MARTIN,PE-5N,576.0,CHOQUE,0,1.0,12.0,2021,8,3,0,0.4,0.4,3.0
20211222,2021-08-13,05:55,JUNIN,PE-3S,31.0,ESPECIAL,0,0.0,5.0,2021,8,4,0,0.8,0.8,4.0
20211222,2021-08-13,05:10,JUNIN,PE-3N,34.0,DESPISTE,0,0.0,5.0,2021,8,4,0,0.8,0.8,4.0
20211222,2021-08-13,21:00,LIMA,PE-22,47.0,DESPISTE,0,0.0,21.0,2021,8,4,0,0.0,0.0,0.0
20211222,2021-08-13,11:40,AREQUIPA,AR-105,50.0,DESPISTE,0,0.0,11.0,2021,8,4,0,0.0,0.0,0.0
20211222,2021-08-13,11:25,JUNIN,PE-3S,52.0,CHOQUE,0,0.0,11.0,2021,8,4,0,0.8,0.8,4.0
20211222,2021-08-13,14:20,JUNIN,PE-3N,53.0,CHOQUE,0,1.0,14.0,2021,8,4,0,0.8,0.8,4.0
20211222,2021-08-13,06:30,LIMA,PE-1S,80.0,DESPISTE,0,4.0,6.0,2021,8,4,0,0.0,0.0,0.0
20211222,2021-08-13,23:45,AREQUIPA,PE-34A,84.0,DESPISTE,0,0.0,23.0,2021,8,4,0,0.0,0.0,0.0
20211222,2021-08-13,16:20,PUNO,PE-34A,278.0,CHOQUE,0,5.0,16.0,2021,8,4,0,0.0,0.0,0.0
20211222,2021-08-13,21:40,ICA,PE-1S,280.0,DESPISTE,0,0.0,21.0,2021,8,4,0,0.0,0.0,0.0
20211222,2021-08-13,08:10,ANCASH,PE-1N,349.0,DESPISTE,0,0.0,8.0,2021,8,4,0,0.0,0.0,0.0
20211222,2021-08-13,04:30,SAN MARTIN,PE-5N,385.0,DESPISTE,2,37.0,4.0,2021,8,4,1,0.9,0.9,3.0
20211222,2021-08-13,08:00,ANCASH,PE-1N,436.0,CHOQUE,0,3.0,8.0,2021,8,4,0,0.0,0.0,0.0
20211222,2021-08-13,19:30,LA LIBERTAD,PE-1N,450.0,CHOQUE,2,2.0,19.0,2021,8,4,1,0.0,0.0,0.0
20211222,2021-08-13,14:00,HUANUCO,PE-5N,462.0,DESPISTE,0,1.0,14.0,2021,8,4,0,0.0,0.0,0.0
20211222,2021-08-13,19:20,LA LIBERTAD,PE-1N,532.0,CHOQUE,0,1.0,19.0,2021,8,4,0,0.0,0.0,0.0
20211222,2021-08-13,21:55,LA LIBERTAD,PE-1N,731.0,CHOQUE,0,1.0,21.0,2021,8,4,0,0.0,0.0,0.0
20211222,2021-08-14,21:10,PUNO,PE-3SG,2.0,CHOQUE,0,1.0,21.0,2021,8,5,0,0.0,0.0,0.0
20211222,2021-08-14,17:30,UCAYALI,PE-18C,4.0,CHOQUE,0,2.0,17.0,2021,8,5,0,0.0,0.0,0.0
20211222,2021-08-14,17:00,LIMA,PE-20A,5.0,CHOQUE,0,4.0,17.0,2021,8,5,0,0.0,0.0,0.0
20211222,2021-08-14,08:20,AREQUIPA,PE-34J,9.0,DESPISTE,1,3.0,8.0,2021,8,5,1,0.0,0.0,0.0
20211222,2021-08-14,01:50,LIMA,PE-1S,61.0,CHOQUE,0,1.0,1.0,2021,8,5,0,0.0,0.0,0.0
20211222,2021-08-14,00:20,LIMA,PE-1S,73.0,CHOQUE,0,0.0,0.0,2021,8,5,0,0.0,0.0,0.0
20211222,2021-08-14,02:40,LIMA,PE-1S,104.0,ATROPELLO,0,1.0,2.0,2021,8,5,0,0.0,0.0,0.0
20211222,2021-08-14,11:00,AYACUCHO,PE-28B,137.0,CHOQUE,0,0.0,11.0,2021,8,5,0,0.0,0.0,0.0
20211222,2021-08-14,06:30,AYACUCHO,PE-28A,232.0,DESPISTE,2,0.0,6.0,2021,8,5,1,0.0,0.0,0.0
20211222,2021-08-14,06:50,PUNO,PE-34A,244.0,DESPISTE,0,0.0,6.0,2021,8,5,0,0.0,0.0,0.0
20211222,2021-08-14,06:20,PUNO,PE-36A,275.0,ATROPELLO,1,0.0,6.0,2021,8,5,1,0.0,0.0,0.0
20211222,2021-08-14,06:00,ANCASH,PE-1N,352.0,CHOQUE,0,0.0,6.0,2021,8,5,0,0.5,0.5,4.0
20211222,2021-08-14,02:30,AREQUIPA,PE-1S,593.0,VOLCADURA,0,0.0,2.0,2021,8,5,0,0.0,0.0,0.0
20211222,2021-08-14,10:30,PIURA,PE-1N,1010.0,CHOQUE,1,0.0,10.0,2021,8,5,1,0.0,0.0,0.0
20211222,2021-08-14,08:30,PIURA,PE-1NL,1089.0,CHOQUE,0,0.0,8.0,2021,8,5,0,0.0,0.0,0.0
20211222,2021-08-14,06:20,CUSCO,PE-3S,1107.0,CHOQUE,0,0.0,6.0,2021,8,5,0,0.1,0.1,1.0
20211222,2021-08-15,17:18,JUNIN,PE-5N,5.0,CHOQUE,0,1.0,17.0,2021,8,6,0,0.6,0.6,3.0
20211222,2021-08-15,18:30,AMAZONAS,PE-08C,12.0,CHOQUE,0,1.0,18.0,2021,8,6,0,0.4,0.4,3.0
20211222,2021-08-15,10:00,LAMBAYEQUE,PE-06A,27.0,DESPISTE,0,2.0,10.0,2021,8,6,0,0.0,0.0,0.0
20211222,2021-08-15,20:00,LAMBAYEQUE,PE-06A,48.0,DESPISTE,0,3.0,20.0,2021,8,6,0,0.0,0.0,0.0
20211222,2021-08-15,12:40,LIMA,PE-1S,63.0,CHOQUE,0,2.0,12.0,2021,8,6,0,0.0,0.0,0.0
20211222,2021-08-15,08:20,LIMA,PE-22,81.0,DESPISTE,0,0.0,8.0,2021,8,6,0,0.0,0.0,0.0
20211222,2021-08-15,06:45,AREQUIPA,PE-34A,101.0,CHOQUE,2,8.0,6.0,2021,8,6,1,0.0,0.0,0.0
20211222,2021-08-15,18:00,LIMA,PE-22,112.0,DESPISTE,0,0.0,18.0,2021,8,6,0,0.0,0.0,0.0
20211222,2021-08-15,20:30,LIMA,PE-1S,116.0,DESPISTE,0,3.0,20.0,2021,8,6,0,0.0,0.0,0.0
20211222,2021-08-15,15:00,LIMA,PE-1N,127.0,DESPISTE,0,4.0,15.0,2021,8,6,0,0.0,0.0,0.0
20211222,2021-08-15,04:45,AREQUIPA,PE-34A,128.0,DESPISTE,0,0.0,4.0,2021,8,6,0,0.0,0.0,0.0
20211222,2021-08-15,22:30,ICA,PE-1S,240.0,ESPECIAL,0,0.0,22.0,2021,8,6,0,0.0,0.0,0.0
20211222,2021-08-15,06:30,PUNO,PE-34A,257.0,DESPISTE,0,1.0,6.0,2021,8,6,0,0.0,0.0,0.0
20211222,2021-08-15,10:30,AMAZONAS,PE-08B,322.0,DESPISTE,0,0.0,10.0,2021,8,6,0,0.4,0.4,3.0
20211222,2021-08-15,12:00,APURIMAC,PE-30A,410.0,DESPISTE,1,0.0,12.0,2021,8,6,1,0.0,0.0,0.0
20211222,2021-08-15,06:30,MADRE DE DIOS,PE-30C,422.0,DESPISTE,0,1.0,6.0,2021,8,6,0,0.0,0.0,0.0
20211222,2021-08-15,10:30,MADRE DE DIOS,PE-30C,432.0,DESPISTE,0,1.0,10.0,2021,8,6,0,0.0,0.0,0.0
20211222,2021-08-15,12:25,ICA,PE-1S,447.0,CHOQUE,0,2.0,12.0,2021,8,6,0,0.0,0.0,0.0
20211222,2021-08-15,12:10,LA LIBERTAD,PE-1N,599.0,CHOQUE,2,9.0,12.0,2021,8,6,1,0.0,0.0,0.0
20211222,2021-08-15,21:45,AREQUIPA,PE-1S,609.0,DESPISTE,0,0.0,21.0,2021,8,6,0,0.0,0.0,0.0
20211222,2021-08-15,22:00,SAN MARTIN,PE-5N,752.0,CHOQUE,0,1.0,22.0,2021,8,6,0,1.0,1.0,6.0
20211222,2021-08-16,07:10,AMAZONAS,AM-518,0.0,DESPISTE,0,4.0,7.0,2021,8,0,0,0.0,0.0,0.0
20211222,2021-08-16,21:20,PIURA,PE-1N,3.0,ATROPELLO,1,0.0,21.0,2021,8,0,1,0.0,0.0,0.0
20211222,2021-08-16,18:23,CAJAMARCA,PE-08B,3.0,CHOQUE,0,1.0,18.0,2021,8,0,0,0.0,0.0,0.0
20211222,2021-08-16,17:15,PIURA,PE-1N,25.0,CHOQUE,1,0.0,17.0,2021,8,0,1,0.0,0.0,0.0
20211222,2021-08-16,10:00,LIMA,PE-1S,29.0,CHOQUE,0,1.0,10.0,2021,8,0,0,0.0,0.0,0.0
20211222,2021-08-16,07:35,MOQUEGUA,PE-36,34.0,DESPISTE,0,1.0,7.0,2021,8,0,0,0.0,0.0,0.0
20211222,2021-08-16,19:15,UCAYALI,PE-18C,54.0,DESPISTE,0,1.0,19.0,2021,8,0,0,0.1,0.1,1.0
20211222,2021-08-16,08:55,UCAYALI,PE-5N,87.0,CHOQUE,0,2.0,8.0,2021,8,0,0,0.1,0.1,1.0
20211222,2021-08-16,04:45,LIMA,PE-22,104.0,CHOQUE,0,3.0,4.0,2021,8,0,0,0.0,0.0,0.0
20211222,2021-08-16,00:20,LIMA,PE-1S,106.0,DESPISTE,0,4.0,0.0,2021,8,0,0,0.0,0.0,0.0
20211222,2021-08-16,11:00,JUNIN,PE-3SB,107.0,CHOQUE,0,2.0,11.0,2021,8,0,0,0.4,0.4,3.0
20211222,2021-08-16,04:40,HUANUCO,PE-3N,189.0,CHOQUE,0,1.0,4.0,2021,8,0,0,0.0,0.0,0.0
20211222,2021-08-16,06:30,ICA,PE-1S,245.0,CHOQUE,0,1.0,6.0,2021,8,0,0,0.0,0.0,0.0
20211222,2021-08-16,15:10,HUANUCO,PE-14A,431.0,DESPISTE,0,1.0,15.0,2021,8,0,0,0.0,0.0,0.0
20211222,2021-08-16,17:30,PUNO,PE-3S,1291.0,VOLCADURA,0,1.0,17.0,2021,8,0,0,0.0,0.0,0.0
20211222,2021-08-17,20:50,AREQUIPA,PE-34A,2.0,CHOQUE,0,0.0,20.0,2021,8,1,0,0.0,0.0,0.0
20211222,2021-08-17,11:00,LIMA,PE-22,79.0,CHOQUE,0,2.0,11.0,2021,8,1,0,0.0,0.0,0.0
20211222,2021-08-17,07:21,LIMA,PE-1N,103.0,DESPISTE,1,0.0,7.0,2021,8,1,1,0.0,0.0,0.0
20211222,2021-08-17,07:21,LIMA,PE-1N,103.0,ESPECIAL,1,0.0,7.0,2021,8,1,1,0.0,0.0,0.0
20211222,2021-08-17,13:10,LIMA,PE-22,112.0,CHOQUE,0,8.0,13.0,2021,8,1,0,0.0,0.0,0.0
20211222,2021-08-17,08:30,PIURA,PE-1NJ,189.0,CHOQUE,0,0.0,8.0,2021,8,1,0,0.0,0.0,0.0
20211222,2021-08-17,08:30,PUNO,PE-34A,246.0,DESPISTE,0,0.0,8.0,2021,8,1,0,0.0,0.0,0.0
20211222,2021-08-17,22:50,ANCASH,PE-1N,423.0,CHOQUE,0,1.0,22.0,2021,8,1,0,0.0,0.0,0.0
20211222,2021-08-17,06:45,SAN MARTIN,PE-5N,687.0,CHOQUE,0,2.0,6.0,2021,8,1,0,1.5,1.5,2.0
20211222,2021-08-17,23:40,PIURA,PE-1N,973.0,CHOQUE,0,1.0,23.0,2021,8,1,0,0.0,0.0,0.0
20211222,2021-08-18,11:40,PUNO,PE-36B,83.0,DESPISTE,0,2.0,11.0,2021,8,2,0,0.0,0.0,0.0
20211222,2021-08-18,06:55,LAMBAYEQUE,PE-1NJ,126.0,CHOQUE,1,3.0,6.0,2021,8,2,1,0.0,0.0,0.0
20211222,2021-08-18,10:00,LIMA,PE-1N,165.0,CHOQUE,0,0.0,10.0,2021,8,2,0,0.0,0.0,0.0
20211222,2021-08-18,10:30,ANCASH,PE-14C,187.0,DESPISTE,0,0.0,10.0,2021,8,2,0,0.0,0.0,0.0
20211222,2021-08-18,19:15,AMAZONAS,PE-5N,262.0,CHOQUE,0,2.0,19.0,2021,8,2,0,0.1,0.1,1.0
20211222,2021-08-18,06:30,APURIMAC,PE-30A,337.0,CHOQUE,0,0.0,6.0,2021,8,2,0,0.9,0.9,6.0
20211222,2021-08-19,12:30,AREQUIPA,PE-34C,2.0,CHOQUE,0,0.0,12.0,2021,8,3,0,0.0,0.0,0.0
20211222,2021-08-19,N.I.,AREQUIPA,AR-105,47.0,CHOQUE,0,0.0,,2021,8,3,0,0.0,0.0,0.0
20211222,2021-08-19,16:47,JUNIN,PE-3S,64.0,CHOQUE,0,1.0,16.0,2021,8,3,0,0.0,0.0,0.0
20211222,2021-08-19,22:00,LAMBAYEQUE,PE-1NJ,67.0,CHOQUE,0,0.0,22.0,2021,8,3,0,0.0,0.0,0.0
20211222,2021-08-19,18:19,JUNIN,PE-3S,77.0,CHOQUE,0,2.0,18.0,2021,8,3,0,0.0,0.0,0.0
20211222,2021-08-19,20:10,LIMA,PE-1S,105.0,CHOQUE,0,6.0,20.0,2021,8,3,0,0.0,0.0,0.0
20211222,2021-08-19,15:40,AMAZONAS,PE-5N,239.0,CHOQUE,0,1.0,15.0,2021,8,3,0,0.0,0.0,0.0
20211222,2021-08-19,06:40,AMAZONAS,PE-08B,313.0,DESPISTE,0,1.0,6.0,2021,8,3,0,0.0,0.0,0.0
20211222,2021-08-19,17:50,SAN MARTIN,PE-5N,409.0,CHOQUE,0,9.0,17.0,2021,8,3,0,0.3,0.3,2.0
20211222,2021-08-19,22:20,LA LIBERTAD,PE-1N,550.0,CHOQUE,0,0.0,22.0,2021,8,3,0,0.0,0.0,0.0
20211222,2021-08-19,14:40,LA LIBERTAD,PE-1N,593.0,CHOQUE,0,1.0,14.0,2021,8,3,0,0.0,0.0,0.0
20211222,2021-08-19,16:05,SAN MARTIN,PE-5N,748.0,CHOQUE,0,2.0,16.0,2021,8,3,0,0.3,0.3,2.0
20211222,2021-08-19,13:20,PIURA,PE-1N,1007.0,CHOQUE,0,0.0,13.0,2021,8,3,0,0.0,0.0,0.0
20211222,2021-08-20,05:50,AREQUIPA,PE-34A,4.0,DESPISTE,0,2.0,5.0,2021,8,4,0,0.0,0.0,0.0
20211222,2021-08-20,22:40,CUSCO,CU-117,11.0,DESPISTE,0,1.0,22.0,2021,8,4,0,0.5,0.5,1.0
20211222,2021-08-20,17:55,MOQUEGUA,PE-1SD,11.0,CHOQUE,0,0.0,17.0,2021,8,4,0,0.0,0.0,0.0
20211222,2021-08-20,21:20,PUNO,PE-36B,22.0,DESPISTE,0,1.0,21.0,2021,8,4,0,0.0,0.0,0.0
20211222,2021-08-20,07:20,MOQUEGUA,PE-1SD,27.0,CHOQUE,0,0.0,7.0,2021,8,4,0,0.0,0.0,0.0
20211222,2021-08-20,01:20,CUSCO,PE-34G,39.0,DESPISTE,0,0.0,1.0,2021,8,4,0,0.5,0.5,1.0
20211222,2021-08-20,13:10,LIMA,PE-1N,56.0,CHOQUE,0,1.0,13.0,2021,8,4,0,0.0,0.0,0.0
20211222,2021-08-20,14:20,JUNIN,PE-3N,67.0,DESPISTE,0,4.0,14.0,2021,8,4,0,0.0,0.0,0.0
20211222,2021-08-20,21:00,PIURA,PE-1N,69.0,CHOQUE,0,1.0,21.0,2021,8,4,0,0.0,0.0,0.0
20211222,2021-08-20,19:00,LIMA,PE-1S,73.0,CHOQUE,0,2.0,19.0,2021,8,4,0,0.0,0.0,0.0
20211222,2021-08-20,15:43,LIMA,PE-1S,73.0,DESPISTE,0,0.0,15.0,2021,8,4,0,0.0,0.0,0.0
20211222,2021-08-20,02:40,LIMA,PE-1S,73.0,CHOQUE,0,0.0,2.0,2021,8,4,0,0.0,0.0,0.0
20211222,2021-08-20,14:00,AYACUCHO,PE-28B,74.0,DESPISTE,0,5.0,14.0,2021,8,4,0,0.0,0.0,0.0
20211222,2021-08-20,23:45,LIMA,PE-22,86.0,DESPISTE,0,1.0,23.0,2021,8,4,0,0.0,0.0,0.0
20211222,2021-08-20,23:10,LIMA,PE-1S,107.0,CHOQUE,0,1.0,23.0,2021,8,4,0,0.0,0.0,0.0
20211222,2021-08-20,09:20,LAMBAYEQUE,PE-1NJ,107.0,CHOQUE,0,0.0,9.0,2021,8,4,0,0.0,0.0,0.0
20211222,2021-08-20,23:16,AYACUCHO,PE-30A,152.0,DESPISTE,0,0.0,23.0,2021,8,4,0,0.0,0.0,0.0
20211222,2021-08-20,19:50,UCAYALI,PE-5N,452.0,ATROPELLO,0,2.0,19.0,2021,8,4,0,0.0,0.0,0.0
20211222,2021-08-20,14:50,SAN MARTIN,PE-5N,501.0,CHOQUE,0,3.0,14.0,2021,8,4,0,0.0,0.0,0.0
20211222,2021-08-20,07:00,AREQUIPA,PE-1S,560.0,CHOQUE,0,0.0,7.0,2021,8,4,0,0.0,0.0,0.0
20211222,2021-08-20,22:10,SAN MARTIN,PE-5N,586.0,DESPISTE,0,5.0,22.0,2021,8,4,0,0.0,0.0,0.0
20211222,2021-08-20,06:30,AREQUIPA,PE-1S,590.0,CHOQUE,0,0.0,6.0,2021,8,4,0,0.0,0.0,0.0
20211222,2021-08-20,06:48,LA LIBERTAD,PE-1N,594.0,CHOQUE,1,3.0,6.0,2021,8,4,1,0.0,0.0,0.0
20211222,2021-08-20,00:25,PIURA,PE-1N,953.0,CHOQUE,1,1.0,0.0,2021,8,4,1,0.0,0.0,0.0
20211222,2021-08-21,07:30,ANCASH,AN-647,0.0,DESPISTE,0,6.0,7.0,2021,8,5,0,0.1,0.1,1.0
20211222,2021-08-21,22:50,LIMA,PE-1NA,1.0,DESPISTE,0,0.0,22.0,2021,8,5,0,0.0,0.0,0.0
20211222,2021-08-21,05:30,AREQUIPA,PE-34A,6.0,CHOQUE,0,1.0,5.0,2021,8,5,0,0.0,0.0,0.0
20211222,2021-08-21,20:50,CAJAMARCA,PE-3N,16.0,CHOQUE,0,0.0,20.0,2021,8,5,0,0.5,0.5,3.0
20211222,2021-08-21,10:30,PIURA,PE-02,19.0,CHOQUE,2,0.0,10.0,2021,8,5,1,0.0,0.0,0.0
20211222,2021-08-21,05:00,LIMA,PE-1S,53.0,CHOQUE,0,0.0,5.0,2021,8,5,0,0.0,0.0,0.0
20211222,2021-08-21,07:00,ANCASH,PE-16,85.0,CHOQUE,0,3.0,7.0,2021,8,5,0,0.1,0.1,1.0
20211222,2021-08-21,N.I.,LIMA,PE-1N,90.0,CHOQUE,0,1.0,,2021,8,5,0,0.0,0.0,0.0
20211222,2021-08-21,12:10,PUNO,PE-34B,117.0,DESPISTE,0,0.0,12.0,2021,8,5,0,0.0,0.0,0.0
20211222,2021-08-21,21:00,PUNO,PE-34B,158.0,DESPISTE,0,0.0,21.0,2021,8,5,0,0.0,0.0,0.0
20211222,2021-08-21,05:08,PIURA,PE-1NJ,215.0,DESPISTE,0,2.0,5.0,2021,8,5,0,0.0,0.0,0.0
20211222,2021-08-21,21:30,MADRE DE DIOS,PE-30C,412.0,DESPISTE,0,1.0,21.0,2021,8,5,0,0.1,0.1,1.0
20211222,2021-08-21,18:20,ANCASH,PE-1N,445.0,DESPISTE,0,1.0,18.0,2021,8,5,0,0.1,0.1,1.0
20211222,2021-08-21,20:45,SAN MARTIN,PE-5N,462.0,CHOQUE,0,2.0,20.0,2021,8,5,0,0.7,0.7,6.0
20211222,2021-08-21,03:24,ANCASH,PE-3N,561.0,DESPISTE,0,1.0,3.0,2021,8,5,0,0.1,0.1,1.0
20211222,2021-08-21,18:00,PIURA,PE-1NL,1083.0,CHOQUE,0,1.0,18.0,2021,8,5,0,0.0,0.0,0.0
20211222,2021-08-21,15:00,PUNO,PE-3S,1460.0,DESPISTE,0,0.0,15.0,2021,8,5,0,0.0,0.0,0.0
20211222,2021-08-22,23:00,LIMA,PE-1S,5.0,CHOQUE,1,1.0,23.0,2021,8,6,1,0.0,0.0,0.0
20211222,2021-08-22,06:00,PIURA,PE-1NJ,30.0,CHOQUE,1,6.0,6.0,2021,8,6,1,0.0,0.0,0.0
20211222,2021-08-22,05:30,CAJAMARCA,PE-5N,35.0,DESPISTE,0,0.0,5.0,2021,8,6,0,0.0,0.0,0.0
20211222,2021-08-22,12:00,HUANUCO,PE-18A,37.0,CHOQUE,0,0.0,12.0,2021,8,6,0,0.0,0.0,0.0
20211222,2021-08-22,20:50,CAJAMARCA,PE-3N,45.0,DESPISTE,0,1.0,20.0,2021,8,6,0,0.0,0.0,0.0
20211222,2021-08-22,16:30,JUNIN,PE-5S,58.0,CHOQUE,1,1.0,16.0,2021,8,6,1,0.0,0.0,0.0
20211222,2021-08-22,18:30,LIMA,PE-1S,62.0,DESPISTE,0,4.0,18.0,2021,8,6,0,0.0,0.0,0.0
20211222,2021-08-22,18:50,LIMA,PE-22,90.0,DESPISTE,0,1.0,18.0,2021,8,6,0,0.0,0.0,0.0
20211222,2021-08-22,N.I.,LIMA,PE-1N,92.0,CHOQUE,0,1.0,,2021,8,6,0,0.0,0.0,0.0
20211222,2021-08-22,11:30,PASCO,PE-3N,94.0,DESPISTE,0,1.0,11.0,2021,8,6,0,0.2,0.2,1.0
20211222,2021-08-22,09:40,JUNIN,PE-5S,114.0,CHOQUE,0,3.0,9.0,2021,8,6,0,0.0,0.0,0.0
20211222,2021-08-22,06:12,LIMA,PE-1S,155.0,DESPISTE,0,1.0,6.0,2021,8,6,0,0.0,0.0,0.0
20211222,2021-08-22,20:30,APURIMAC,PE-30A,433.0,DESPISTE,0,0.0,20.0,2021,8,6,0,0.2,0.2,2.0
20211222,2021-08-22,17:45,SAN MARTIN,PE-5N,489.0,DESPISTE,0,0.0,17.0,2021,8,6,0,0.3,0.3,3.0
20211222,2021-08-22,12:20,LA LIBERTAD,PE-1N,510.0,DESPISTE,0,1.0,12.0,2021,8,6,0,0.0,0.0,0.0
20211222,2021-08-22,20:05,SAN MARTIN,PE-5N,634.0,ATROPELLO,0,1.0,20.0,2021,8,6,0,0.3,0.3,3.0
20211222,2021-08-22,00:10,LA LIBERTAD,PE-1N,721.0,ATROPELLO,1,1.0,0.0,2021,8,6,1,0.0,0.0,0.0
20211222,2021-08-23,19:20,AREQUIPA,PE-34E,3.0,DESPISTE,0,0.0,19.0,2021,8,0,0,0.0,0.0,0.0
20211222,2021-08-23,08:45,JUNIN,PE-3S,23.0,DESPISTE,0,1.0,8.0,2021,8,0,0,0.2,0.2,1.0
20211222,2021-08-23,03:12,ANCASH,PE-16,54.0,CHOQUE,0,1.0,3.0,2021,8,0,0,1.3,1.3,5.0
20211222,2021-08-23,06:30,JUNIN,PE-3N,86.0,CHOQUE,3,2.0,6.0,2021,8,0,1,0.2,0.2,1.0
20211222,2021-08-23,17:30,LIMA,PE-1S,91.0,DESPISTE,0,0.0,17.0,2021,8,0,0,0.0,0.0,0.0
20211222,2021-08-23,23:40,AREQUIPA,PE-34A,94.0,CHOQUE,0,0.0,23.0,2021,8,0,0,0.0,0.0,0.0
20211222,2021-08-23,21:05,LIMA,PE-1S,106.0,ATROPELLO,0,2.0,21.0,2021,8,0,0,0.0,0.0,0.0
20211222,2021-08-23,07:20,LIMA,PE-22,131.0,DESPISTE,0,4.0,7.0,2021,8,0,0,0.0,0.0,0.0
20211222,2021-08-23,21:50,PUNO,PE-34B,136.0,CHOQUE,1,1.0,21.0,2021,8,0,1,2.3,1.8,3.0
20211222,2021-08-23,12:50,JUNIN,PE-24,253.0,DESPISTE,1,2.0,12.0,2021,8,0,1,0.2,0.2,1.0
20211222,2021-08-23,13:30,PUNO,PE-36A,303.0,DESPISTE,0,1.0,13.0,2021,8,0,0,2.3,1.8,3.0
20211222,2021-08-23,12:40,ANCASH,PE-1N,389.0,CHOQUE,0,2.0,12.0,2021,8,0,0,1.3,1.3,5.0
20211222,2021-08-23,07:55,ICA,PE-1S,423.0,DESPISTE,0,1.0,7.0,2021,8,0,0,0.0,0.0,0.0
20211222,2021-08-23,06:00,MADRE DE DIOS,PE-30C,497.0,DESPISTE,0,0.0,6.0,2021,8,0,0,0.0,0.0,0.0
20211222,2021-08-23,14:30,AREQUIPA,PE-1S,649.0,CHOQUE,0,0.0,14.0,2021,8,0,0,0.0,0.0,0.0
20211222,2021-08-23,08:30,APURIMAC,PE-3S,652.0,CHOQUE,0,1.0,8.0,2021,8,0,0,0.0,0.0,0.0
20211222,2021-08-23,10:15,SAN MARTIN,PE-5N,715.0,DESPISTE,0,1.0,10.0,2021,8,0,0,0.1,0.1,1.0
20211222,2021-08-23,22:30,PIURA,PE-1N,994.0,DESPISTE,0,0.0,22.0,2021,8,0,0,0.0,0.0,0.0
20211222,2021-08-23,13:00,PUNO,PE-3S,1204.0,DESPISTE,0,0.0,13.0,2021,8,0,0,2.3,1.8,3.0
20211222,2021-08-23,N.I.,PUNO,PE-3S,1288.0,CHOQUE,0,11.0,,2021,8,0,0,2.3,1.8,3.0
20211222,2021-08-24,18:30,CUSCO,PE-30C,2.0,CHOQUE,0,0.0,18.0,2021,8,1,0,0.3,0.3,3.0
20211222,2021-08-24,17:00,LIMA,PE-1NA,8.0,ESPECIAL,0,0.0,17.0,2021,8,1,0,0.1,0.1,1.0
20211222,2021-08-24,20:15,UCAYALI,PE-18C,14.0,ATROPELLO,0,1.0,20.0,2021,8,1,0,0.0,0.0,0.0
20211222,2021-08-24,19:45,UCAYALI,PE-18C,14.0,CHOQUE,0,3.0,19.0,2021,8,1,0,0.0,0.0,0.0
20211222,2021-08-24,12:45,JUNIN,PE-5S,14.0,DESPISTE,0,0.0,12.0,2021,8,1,0,0.2,0.2,1.0
20211222,2021-08-24,19:20,LIMA,PE-1NE,15.0,ATROPELLO,0,2.0,19.0,2021,8,1,0,0.1,0.1,1.0
20211222,2021-08-24,14:30,MOQUEGUA,PE-1SD,20.0,CHOQUE,0,2.0,14.0,2021,8,1,0,0.0,0.0,0.0
20211222,2021-08-24,01:20,LIMA,PE-1NA,22.0,DESPISTE,0,1.0,1.0,2021,8,1,0,0.1,0.1,1.0
20211222,2021-08-24,15:20,UCAYALI,PE-18C,31.0,CHOQUE,0,0.0,15.0,2021,8,1,0,0.0,0.0,0.0
20211222,2021-08-24,10:30,JUNIN,PE-3S,33.0,DESPISTE,0,6.0,10.0,2021,8,1,0,0.2,0.2,1.0
20211222,2021-08-24,16:02,CAJAMARCA,PE-08B,37.0,CHOQUE,0,1.0,16.0,2021,8,1,0,0.6,0.6,4.0
20211222,2021-08-24,20:55,LIMA,PE-1S,88.0,ATROPELLO,1,0.0,20.0,2021,8,1,1,0.1,0.1,1.0
20211222,2021-08-24,14:45,LAMBAYEQUE,PE-1NJ,120.0,CHOQUE,0,2.0,14.0,2021,8,1,0,0.0,0.0,0.0
20211222,2021-08-24,03:30,LIMA,PE-22,131.0,CHOQUE,0,2.0,3.0,2021,8,1,0,0.1,0.1,1.0
20211222,2021-08-24,23:40,LIMA,PE-1N,153.0,CHOQUE,1,0.0,23.0,2021,8,1,1,0.1,0.1,1.0
20211222,2021-08-24,10:30,CAJAMARCA,PE-06A,160.0,DESPISTE,0,1.0,10.0,2021,8,1,0,0.6,0.6,4.0
20211222,2021-08-24,14:30,APURIMAC,PE-30A,383.0,CHOQUE,0,2.0,14.0,2021,8,1,0,0.1,0.1,1.0
20211222,2021-08-24,20:00,MADRE DE DIOS,PE-30C,411.0,DESPISTE,0,1.0,20.0,2021,8,1,0,0.5,0.5,2.0
20211222,2021-08-24,09:30,AREQUIPA,PE-1S,600.0,CHOQUE,0,0.0,9.0,2021,8,1,0,0.0,0.0,0.0
20211222,2021-08-24,06:30,AREQUIPA,PE-1S,607.0,DESPISTE,0,1.0,6.0,2021,8,1,0,0.0,0.0,0.0
20211222,2021-08-24,13:10,AREQUIPA,PE-1S,633.0,CHOQUE,0,0.0,13.0,2021,8,1,0,0.0,0.0,0.0
20211222,2021-08-24,01:00,LA LIBERTAD,PE-1N,654.0,CHOQUE,0,1.0,1.0,2021,8,1,0,0.0,0.0,0.0
20211222,2021-08-24,07:30,SAN MARTIN,PE-5N,666.0,CHOQUE,1,0.0,7.0,2021,8,1,1,0.0,0.0,0.0
20211222,2021-08-24,05:35,AREQUIPA,PE-1S,930.0,DESPISTE,0,0.0,5.0,2021,8,1,0,0.0,0.0,0.0
20211222,2021-08-24,10:35,TACNA,PE-1S,1240.0,DESPISTE,0,2.0,10.0,2021,8,1,0,0.4,0.4,4.0
20211222,2021-08-25,05:35,LIMA,PE-18,5.0,DESPISTE,0,1.0,5.0,2021,8,2,0,0.0,0.0,0.0
20211222,2021-08-25,07:20,LIMA,PE-16,11.0,ESPECIAL,0,0.0,7.0,2021,8,2,0,0.0,0.0,0.0
20211222,2021-08-25,11:30,LIMA,PE-1S,19.0,DESPISTE,0,0.0,11.0,2021,8,2,0,0.0,0.0,0.0
20211222,2021-08-25,19:35,AMAZONAS,PE-08C,38.0,CHOQUE,0,6.0,19.0,2021,8,2,0,1.3,1.3,8.0
20211222,2021-08-25,04:40,CAJAMARCA,PE-08,47.0,DESPISTE,0,0.0,4.0,2021,8,2,0,0.1,0.1,1.0
20211222,2021-08-25,14:20,LIMA,PE-1N,47.0,CHOQUE,1,1.0,14.0,2021,8,2,1,0.0,0.0,0.0
20211222,2021-08-25,10:20,LIMA,PE-22,89.0,DESPISTE,0,1.0,10.0,2021,8,2,0,0.0,0.0,0.0
20211222,2021-08-25,17:20,PIURA,PE-1N,94.0,ATROPELLO,0,1.0,17.0,2021,8,2,0,0.0,0.0,0.0
20211222,2021-08-25,17:00,TUMBES,PE-1N,208.0,CHOQUE,0,1.0,17.0,2021,8,2,0,0.0,0.0,0.0
20211222,2021-08-25,15:08,AMAZONAS,PE-5N,295.0,CHOQUE,0,3.0,15.0,2021,8,2,0,1.3,1.3,8.0
20211222,2021-08-25,02:20,ANCASH,PE-1N,344.0,DESPISTE,0,2.0,2.0,2021,8,2,0,0.0,0.0,0.0
20211222,2021-08-25,10:00,PUNO,PE-36A,350.0,CHOQUE,0,0.0,10.0,2021,8,2,0,0.0,0.0,0.0
20211222,2021-08-25,20:30,SAN MARTIN,PE-5N,519.0,CHOQUE,0,2.0,20.0,2021,8,2,0,3.8,3.8,13.0
20211222,2021-08-25,15:00,LA LIBERTAD,PE-1N,710.0,CHOQUE,0,0.0,15.0,2021,8,2,0,0.0,0.0,0.0
20211222,2021-08-25,09:55,AREQUIPA,PE-1S,1032.0,CHOQUE,0,0.0,9.0,2021,8,2,0,0.0,0.0,0.0
20211222,2021-08-25,15:30,AREQUIPA,PE-1S,1034.0,CHOQUE,0,2.0,15.0,2021,8,2,0,0.0,0.0,0.0
20211222,2021-08-26,07:30,AMAZONAS,PE-5NC,2.0,DESPISTE,0,2.0,7.0,2021,8,3,0,1.8,1.8,9.0
20211222,2021-08-26,10:35,JUNIN,PE-5S,39.0,DESPISTE,0,0.0,10.0,2021,8,3,0,4.9,4.9,7.0
20211222,2021-08-26,04:00,LIMA,PE-22,64.0,CHOQUE,0,0.0,4.0,2021,8,3,0,0.0,0.0,0.0
20211222,2021-08-26,15:30,CUSCO,PE-28B,113.0,CHOQUE,0,2.0,15.0,2021,8,3,0,2.8,2.8,7.0
20211222,2021-08-26,09:15,AREQUIPA,PE-34A,134.0,DESPISTE,0,3.0,9.0,2021,8,3,0,0.0,0.0,0.0
20211222,2021-08-26,14:30,ANCASH,PE-1N,392.0,DESPISTE,1,1.0,14.0,2021,8,3,1,0.3,0.3,2.0
20211222,2021-08-26,14:10,AREQUIPA,PE-1S,507.0,DESPISTE,0,0.0,14.0,2021,8,3,0,0.0,0.0,0.0
20211222,2021-08-26,23:00,MADRE DE DIOS,PE-30C,556.0,DESPISTE,0,2.0,23.0,2021,8,3,0,19.6,19.6,13.0
20211222,2021-08-26,10:00,SAN MARTIN,PE-5N,587.0,CHOQUE,1,10.0,10.0,2021,8,3,1,1.0,1.0,4.0
20211222,2021-08-26,12:47,APURIMAC,PE-3S,801.0,DESPISTE,0,0.0,12.0,2021,8,3,0,1.2,1.2,6.0
20211222,2021-08-26,05:55,AREQUIPA,PE-1S,1041.0,DESPISTE,0,0.0,5.0,2021,8,3,0,0.0,0.0,0.0
20211222,2021-08-26,09:30,PIURA,PE-1NL,1058.0,DESPISTE,1,1.0,9.0,2021,8,3,1,0.0,0.0,0.0
20211222,2021-08-27,19:00,PIURA,PE-02,31.0,DESPISTE,0,0.0,19.0,2021,8,4,0,0.0,0.0,0.0
20211222,2021-08-27,20:00,LIMA,PE-22,41.0,DESPISTE,0,0.0,20.0,2021,8,4,0,0.0,0.0,0.0
20211222,2021-08-27,08:00,LIMA,PE-1N,55.0,DESPISTE,0,0.0,8.0,2021,8,4,0,0.0,0.0,0.0
20211222,2021-08-27,23:49,LIMA,PE-22,61.0,DESPISTE,0,0.0,23.0,2021,8,4,0,0.0,0.0,0.0
20211222,2021-08-27,12:50,LIMA,PE-22,131.0,CHOQUE,0,0.0,12.0,2021,8,4,0,0.0,0.0,0.0
20211222,2021-08-27,07:00,LIMA,PE-1N,161.0,CHOQUE,0,2.0,7.0,2021,8,4,0,0.0,0.0,0.0
20211222,2021-08-27,07:00,PUNO,PE-34A,187.0,ESPECIAL,0,0.0,7.0,2021,8,4,0,0.0,0.0,0.0
20211222,2021-08-27,21:00,PUNO,PE-34A,258.0,DESPISTE,0,0.0,21.0,2021,8,4,0,0.0,0.0,0.0
20211222,2021-08-27,16:00,AMAZONAS,PE-08B,316.0,CHOQUE,0,1.0,16.0,2021,8,4,0,0.4,0.4,4.0
20211222,2021-08-27,12:30,APURIMAC,PE-3SF,350.0,DESPISTE,16,2.0,12.0,2021,8,4,1,0.8,0.8,8.0
20211222,2021-08-27,22:30,AREQUIPA,PE-1S,507.0,CHOQUE,0,0.0,22.0,2021,8,4,0,0.0,0.0,0.0
20211222,2021-08-27,06:30,APURIMAC,PE-3S,702.0,DESPISTE,0,3.0,6.0,2021,8,4,0,0.8,0.8,8.0
20211222,2021-08-27,20:50,PUNO,PE-3S,1488.0,ATROPELLO,1,0.0,20.0,2021,8,4,1,0.0,0.0,0.0
20211222,2021-08-28,22:15,LORETO,LO-103,0.0,CHOQUE,0,2.0,22.0,2021,8,5,0,10.5,10.5,7.0
20211222,2021-08-28,06:20,LIMA,PE-1N,1.0,ESPECIAL,0,0.0,6.0,2021,8,5,0,0.0,0.0,0.0
20211222,2021-08-28,07:00,PIURA,PE-1N,14.0,CHOQUE,0,1.0,7.0,2021,8,5,0,0.0,0.0,0.0
20211222,2021-08-28,09:15,ANCASH,PE-3NE,21.0,DESPISTE,0,0.0,9.0,2021,8,5,0,2.0,2.0,9.0
20211222,2021-08-28,12:40,AREQUIPA,PE-34A,24.0,DESPISTE,0,3.0,12.0,2021,8,5,0,0.0,0.0,0.0
20211222,2021-08-28,18:15,JUNIN,PE-3SA,26.0,CHOQUE,0,2.0,18.0,2021,8,5,0,0.7,0.7,3.0
20211222,2021-08-28,17:09,JUNIN,PE-3S,30.0,DESPISTE,0,4.0,17.0,2021,8,5,0,0.7,0.7,3.0
20211222,2021-08-28,13:00,LIMA,PE-1N,39.0,ATROPELLO,0,2.0,13.0,2021,8,5,0,0.0,0.0,0.0
20211222,2021-08-28,00:40,LIMA,PE-22,43.0,DESPISTE,1,5.0,0.0,2021,8,5,1,0.0,0.0,0.0
20211222,2021-08-28,05:00,ANCASH,AN-110,45.0,DESPISTE,0,1.0,5.0,2021,8,5,0,2.0,2.0,9.0
20211222,2021-08-28,08:40,ANCASH,AN-110,45.0,DESPISTE,0,1.0,8.0,2021,8,5,0,2.0,2.0,9.0
20211222,2021-08-28,13:20,TACNA,PE-1SD,46.0,DESPISTE,0,0.0,13.0,2021,8,5,0,0.0,0.0,0.0
20211222,2021-08-28,04:20,LIMA,PE-1S,115.0,DESPISTE,0,2.0,4.0,2021,8,5,0,0.0,0.0,0.0
20211222,2021-08-28,19:45,PASCO,PE-3N,137.0,DESPISTE,1,7.0,19.0,2021,8,5,1,9.2,7.3,11.0
20211222,2021-08-28,21:40,LIMA,PE-1S,139.0,CHOQUE,0,4.0,21.0,2021,8,5,0,0.0,0.0,0.0
20211222,2021-08-28,17:30,PUNO,PE-34A,233.0,DESPISTE,0,0.0,17.0,2021,8,5,0,0.0,0.0,0.0
20211222,2021-08-28,12:30,PUNO,PE-34B,239.0,DESPISTE,3,5.0,12.0,2021,8,5,1,0.0,0.0,0.0
20211222,2021-08-28,15:00,PUNO,PE-34B,247.0,CHOQUE,0,0.0,15.0,2021,8,5,0,0.0,0.0,0.0
20211222,2021-08-28,11:30,SAN MARTIN,PE-5N,503.0,CHOQUE,0,0.0,11.0,2021,8,5,0,0.8,0.8,3.0
20211222,2021-08-28,13:15,TACNA,PE-1S,1220.0,DESPISTE,0,13.0,13.0,2021,8,5,0,0.0,0.0,0.0
20211222,2021-08-28,21:50,TACNA,PE-1S,1273.0,CHOQUE,0,6.0,21.0,2021,8,5,0,0.0,0.0,0.0
20211222,2021-08-29,11:15,LA LIBERTAD,PE-1NF,5.0,CHOQUE,1,1.0,11.0,2021,8,6,1,0.6,0.6,1.0
20211222,2021-08-29,18:20,AREQUIPA,AR-109,12.0,DESPISTE,0,0.0,18.0,2021,8,6,0,0.0,0.0,0.0
20211222,2021-08-29,09:20,LA LIBERTAD,PE-10A,16.0,CHOQUE,0,11.0,9.0,2021,8,6,0,0.6,0.6,1.0
20211222,2021-08-29,06:20,ANCASH,PE-14,17.0,DESPISTE,0,0.0,6.0,2021,8,6,0,13.1,13.1,15.0
20211222,2021-08-29,11:15,LIMA,PE-16,19.0,CHOQUE,0,0.0,11.0,2021,8,6,0,0.0,0.0,0.0
20211222,2021-08-29,13:10,CAJAMARCA,PE-3N,23.0,CHOQUE,0,1.0,13.0,2021,8,6,0,4.3,4.3,6.0
20211222,2021-08-29,12:10,JUNIN,PE-3S,32.0,CHOQUE,1,3.0,12.0,2021,8,6,1,1.9,1.9,9.0
20211222,2021-08-29,22:30,UCAYALI,PE-18C,34.0,CHOQUE,0,1.0,22.0,2021,8,6,0,0.1,0.1,1.0
20211222,2021-08-29,10:50,JUNIN,PE-3SA,35.0,CHOQUE,1,1.0,10.0,2021,8,6,1,1.9,1.9,9.0
20211222,2021-08-29,13:20,TACNA,PE-1SD,70.0,ESPECIAL,0,0.0,13.0,2021,8,6,0,0.0,0.0,0.0
20211222,2021-08-29,09:30,JUNIN,PE-3S,76.0,DESPISTE,0,2.0,9.0,2021,8,6,0,1.9,1.9,9.0
20211222,2021-08-29,N.I.,LIMA,PE-1N,82.0,ATROPELLO,0,1.0,,2021,8,6,0,0.0,0.0,0.0
20211222,2021-08-29,20:20,ANCASH,PE-16,97.0,DESPISTE,0,0.0,20.0,2021,8,6,0,13.1,13.1,15.0
20211222,2021-08-29,16:00,ANCASH,PE-16,117.0,DESPISTE,0,0.0,16.0,2021,8,6,0,13.1,13.1,15.0
20211222,2021-08-29,21:30,LIMA,PE-1S,165.0,DESPISTE,0,1.0,21.0,2021,8,6,0,0.0,0.0,0.0
20211222,2021-08-29,11:15,CAJAMARCA,PE-5N,189.0,DESPISTE,0,1.0,11.0,2021,8,6,0,4.3,4.3,6.0
20211222,2021-08-29,15:00,ICA,PE-1S,199.0,DESPISTE,0,1.0,15.0,2021,8,6,0,0.0,0.0,0.0
20211222,2021-08-29,10:00,LIMA,PE-1N,216.0,DESPISTE,0,4.0,10.0,2021,8,6,0,0.0,0.0,0.0
20211222,2021-08-29,15:50,AMAZONAS,PE-5N,277.0,DESPISTE,0,0.0,15.0,2021,8,6,0,0.1,0.1,1.0
20211222,2021-08-29,13:20,PIURA,PE-1N,943.0,CHOQUE,0,1.0,13.0,2021,8,6,0,0.0,0.0,0.0
20211222,2021-08-29,06:30,AREQUIPA,PE-1S,976.0,CHOQUE,1,0.0,6.0,2021,8,6,1,0.0,0.0,0.0
20211222,2021-08-29,04:00,PUNO,PE-3S,1182.0,DESPISTE,0,0.0,4.0,2021,8,6,0,0.0,0.0,0.0
20211222,2021-08-29,21:30,PUNO,PE-3S,1368.0,ATROPELLO,1,0.0,21.0,2021,8,6,1,0.0,0.0,0.0
20211222,2021-08-30,11:30,LIMA,PE-16,2.0,DESPISTE,0,12.0,11.0,2021,8,0,0,0.0,0.0,0.0
20211222,2021-08-30,17:30,LORETO,LO-103,4.0,CHOQUE,0,1.0,17.0,2021,8,0,0,9.5,9.5,11.0
20211222,2021-08-30,05:20,CAJAMARCA,PE-08A,4.0,DESPISTE,0,1.0,5.0,2021,8,0,0,1.2,1.2,7.0
20211222,2021-08-30,20:05,JUNIN,PE-3SA,5.0,DESPISTE,0,0.0,20.0,2021,8,0,0,3.7,3.7,12.0
20211222,2021-08-30,08:40,JUNIN,PE-3S,13.0,DESPISTE,0,4.0,8.0,2021,8,0,0,3.7,3.7,12.0
20211222,2021-08-30,04:00,AMAZONAS,AM-103,13.0,DESPISTE,5,1.0,4.0,2021,8,0,1,1.8,1.8,7.0
20211222,2021-08-30,12:00,PIURA,PE-1NN,44.0,CHOQUE,1,0.0,12.0,2021,8,0,1,0.0,0.0,0.0
20211222,2021-08-30,04:15,JUNIN,PE-3N,45.0,DESPISTE,1,19.0,4.0,2021,8,0,1,3.7,3.7,12.0
20211222,2021-08-30,11:40,LIMA,PE-1N,48.0,ATROPELLO,0,1.0,11.0,2021,8,0,0,0.0,0.0,0.0
20211222,2021-08-30,15:30,CUSCO,PE-28B,65.0,CHOQUE,0,2.0,15.0,2021,8,0,0,0.4,0.4,2.0
20211222,2021-08-30,20:35,LIMA,PE-22,65.0,DESPISTE,0,0.0,20.0,2021,8,0,0,0.0,0.0,0.0
20211222,2021-08-30,14:15,HUANUCO,PE-18A,65.0,CHOQUE,0,0.0,14.0,2021,8,0,0,0.1,0.1,1.0
20211222,2021-08-30,05:00,LAMBAYEQUE,PE-1NJ,90.0,CHOQUE,0,1.0,5.0,2021,8,0,0,0.0,0.0,0.0
20211222,2021-08-30,14:20,LIMA,PE-1N,104.0,CHOQUE,0,2.0,14.0,2021,8,0,0,0.0,0.0,0.0
20211222,2021-08-30,19:00,JUNIN,PE-22,142.0,DESPISTE,0,0.0,19.0,2021,8,0,0,3.7,3.7,12.0
20211222,2021-08-30,21:30,ANCASH,PE-3N,164.0,CHOQUE,0,1.0,21.0,2021,8,0,0,4.3,4.3,15.0
20211222,2021-08-30,13:00,PIURA,PE-1NJ,167.0,CHOQUE,1,0.0,13.0,2021,8,0,1,0.0,0.0,0.0
20211222,2021-08-30,08:30,MADRE DE DIOS,PE-30C,319.0,CHOQUE,0,2.0,8.0,2021,8,0,0,0.0,0.0,0.0
20211222,2021-08-30,10:45,ANCASH,PE-1N,338.0,CHOQUE,0,0.0,10.0,2021,8,0,0,4.3,4.3,15.0
20211222,2021-08-30,11:00,MADRE DE DIOS,PE-30C,340.0,CHOQUE,0,2.0,11.0,2021,8,0,0,0.0,0.0,0.0
20211222,2021-08-30,01:50,SAN MARTIN,PE-5N,379.0,DESPISTE,0,1.0,1.0,2021,8,0,0,1.8,1.8,6.0
20211222,2021-08-30,08:30,MADRE DE DIOS,PE-30C,390.0,CHOQUE,2,1.0,8.0,2021,8,0,1,0.0,0.0,0.0
20211222,2021-08-30,00:20,ANCASH,PE-1N,423.0,CHOQUE,0,3.0,0.0,2021,8,0,0,4.3,4.3,15.0
20211222,2021-08-30,17:15,LA LIBERTAD,PE-1N,504.0,CHOQUE,0,1.0,17.0,2021,8,0,0,0.3,0.3,1.0
20211222,2021-08-30,07:30,LA LIBERTAD,PE-1N,631.0,CHOQUE,0,4.0,7.0,2021,8,0,0,0.3,0.3,1.0
20211222,2021-08-30,18:50,AREQUIPA,PE-1S,895.0,CHOQUE,1,12.0,18.0,2021,8,0,1,0.0,0.0,0.0
20211222,2021-08-30,12:30,PIURA,PE-1NL,1117.0,DESPISTE,3,2.0,12.0,2021,8,0,1,0.0,0.0,0.0
20211222,2021-08-30,13:00,PUNO,PE-3S,1373.0,CHOQUE,0,3.0,13.0,2021,8,0,0,0.0,0.0,0.0
20211222,2021-08-31,20:00,PIURA,PE-1N,18.0,CHOQUE,0,4.0,20.0,2021,8,1,0,0.1,0.1,1.0
20211222,2021-08-31,08:10,LIMA,PE-1S,27.0,DESPISTE,0,2.0,8.0,2021,8,1,0,0.0,0.0,0.0
20211222,2021-08-31,04:15,LIMA,PE-22,72.0,DESPISTE,33,29.0,4.0,2021,8,1,1,0.0,0.0,0.0
20211222,2021-08-31,20:11,PASCO,PE-3N,144.0,CHOQUE,0,3.0,20.0,2021,8,1,0,0.3,0.3,2.0
20211222,2021-08-31,19:30,CUSCO,PE-28B,177.0,DESPISTE,0,1.0,19.0,2021,8,1,0,0.0,0.0,0.0
20211222,2021-08-31,17:00,TUMBES,PE-1N,195.0,DESPISTE,0,1.0,17.0,2021,8,1,0,0.0,0.0,0.0
20211222,2021-08-31,07:00,ICA,PE-1S,212.0,DESPISTE,0,2.0,7.0,2021,8,1,0,0.0,0.0,0.0
20211222,2021-08-31,00:30,MADRE DE DIOS,PE-30C,283.0,VOLCADURA,0,2.0,0.0,2021,8,1,0,0.0,0.0,0.0
20211222,2021-08-31,17:50,AYACUCHO,PE-3S,347.0,DESPISTE,0,1.0,17.0,2021,8,1,0,0.0,0.0,0.0
20211222,2021-08-31,13:00,APURIMAC,PE-30A,430.0,CHOQUE,0,5.0,13.0,2021,8,1,0,0.9,0.9,4.0
20211222,2021-08-31,17:00,SAN MARTIN,PE-5N,576.0,DESPISTE,0,0.0,17.0,2021,8,1,0,0.6,0.6,4.0
20211222,2021-08-31,18:30,LA LIBERTAD,PE-1N,733.0,DESPISTE,0,1.0,18.0,2021,8,1,0,0.0,0.0,0.0
20211222,2021-08-31,09:35,AREQUIPA,PE-1S,1046.0,CHOQUE,0,0.0,9.0,2021,8,1,0,0.0,0.0,0.0
20211222,2021-08-31,19:20,PUNO,PE-3S,1292.0,CHOQUE,0,2.0,19.0,2021,8,1,0,0.0,0.0,0.0
20211222,2021-09-01,22:20,UCAYALI,PE-18C,13.0,CHOQUE,0,2.0,22.0,2021,9,2,0,0.0,0.0,0.0
20211222,2021-09-01,19:45,MOQUEGUA,PE-36,26.0,ESPECIAL,0,0.0,19.0,2021,9,2,0,0.0,0.0,0.0
20211222,2021-09-01,03:50,JUNIN,PE-3N,56.0,VOLCADURA,0,1.0,3.0,2021,9,2,0,0.0,0.0,0.0
20211222,2021-09-01,11:45,LIMA,PE-1N,60.0,DESPISTE,0,0.0,11.0,2021,9,2,0,0.0,0.0,0.0
20211222,2021-09-01,19:20,PIURA,PE-3N,65.0,DESPISTE,0,0.0,19.0,2021,9,2,0,0.0,0.0,0.0
20211222,2021-09-01,11:20,CAJAMARCA,PE-3N,84.0,DESPISTE,0,2.0,11.0,2021,9,2,0,0.0,0.0,0.0
20211222,2021-09-01,05:27,LIMA,PE-22,94.0,DESPISTE,0,0.0,5.0,2021,9,2,0,0.0,0.0,0.0
20211222,2021-09-01,14:52,LIMA,PE-1S,140.0,DESPISTE,1,1.0,14.0,2021,9,2,1,0.0,0.0,0.0
20211222,2021-09-01,09:00,ANCASH,PE-1N,231.0,CHOQUE,2,0.0,9.0,2021,9,2,1,0.0,0.0,0.0
20211222,2021-09-01,08:30,ANCASH,PE-1N,242.0,DESPISTE,0,0.0,8.0,2021,9,2,0,0.0,0.0,0.0
20211222,2021-09-01,07:50,ANCASH,PE-1N,285.0,DESPISTE,0,0.0,7.0,2021,9,2,0,0.0,0.0,0.0
20211222,2021-09-01,09:30,AMAZONAS,PE-08B,327.0,CHOQUE,0,1.0,9.0,2021,9,2,0,0.0,0.0,0.0
20211222,2021-09-01,07:45,HUANUCO,PE-5N,523.0,ESPECIAL,1,0.0,7.0,2021,9,2,1,0.0,0.0,0.0
20211222,2021-09-01,06:20,LA LIBERTAD,PE-1N,529.0,CHOQUE,0,0.0,6.0,2021,9,2,0,0.0,0.0,0.0
20211222,2021-09-01,09:50,SAN MARTIN,PE-5N,596.0,CHOQUE,0,1.0,9.0,2021,9,2,0,0.8,0.8,5.0
20211222,2021-09-01,18:00,MADRE DE DIOS,PE-30C,613.0,DESPISTE,0,0.0,18.0,2021,9,2,0,0.0,0.0,0.0
20211222,2021-09-01,13:40,SAN MARTIN,PE-5N,637.0,CHOQUE,0,0.0,13.0,2021,9,2,0,0.8,0.8,5.0
20211222,2021-09-01,09:20,AREQUIPA,PE-1S,951.0,CHOQUE,0,3.0,9.0,2021,9,2,0,0.0,0.0,0.0
20211222,2021-09-01,09:30,AREQUIPA,PE-1S,1076.0,CHOQUE,0,2.0,9.0,2021,9,2,0,0.0,0.0,0.0
20211222,2021-09-02,17:30,CAJAMARCA,PE-08A,14.0,DESPISTE,0,1.0,17.0,2021,9,3,0,0.2,0.2,2.0
20211222,2021-09-02,10:30,LIMA,PE-1S,29.0,DESPISTE,0,0.0,10.0,2021,9,3,0,0.0,0.0,0.0
20211222,2021-09-02,05:10,LIMA,PE-22,52.0,DESPISTE,0,0.0,5.0,2021,9,3,0,0.0,0.0,0.0
20211222,2021-09-02,11:49,LA LIBERTAD,PE-10A,63.0,DESPISTE,0,0.0,11.0,2021,9,3,0,0.0,0.0,0.0
20211222,2021-09-02,06:00,LIMA,PE-22,65.0,DESPISTE,0,1.0,6.0,2021,9,3,0,0.0,0.0,0.0
20211222,2021-09-02,22:30,LIMA,PE-1N,71.0,CHOQUE,0,0.0,22.0,2021,9,3,0,0.0,0.0,0.0
20211222,2021-09-02,00:15,PASCO,PE-3N,136.0,CHOQUE,0,1.0,0.0,2021,9,3,0,0.0,0.0,0.0
20211222,2021-09-02,00:45,ANCASH,PE-1N,241.0,DESPISTE,0,0.0,0.0,2021,9,3,0,0.0,0.0,0.0
20211222,2021-09-02,07:50,PUNO,PE-34B,321.0,CHOQUE,0,0.0,7.0,2021,9,3,0,0.0,0.0,0.0
20211222,2021-09-02,19:48,LA LIBERTAD,PE-1N,732.0,CHOQUE,0,1.0,19.0,2021,9,3,0,0.0,0.0,0.0
20211222,2021-09-02,18:00,LAMBAYEQUE,PE-1N,856.0,ATROPELLO,0,1.0,18.0,2021,9,3,0,0.0,0.0,0.0
20211222,2021-09-02,06:45,AREQUIPA,PE-1S,991.0,DESPISTE,0,1.0,6.0,2021,9,3,0,0.0,0.0,0.0
20211222,2021-09-02,11:30,MOQUEGUA,PE-1S,1177.0,DESPISTE,0,1.0,11.0,2021,9,3,0,0.0,0.0,0.0
20211222,2021-09-03,17:30,JUNIN,PE-5N,15.0,ESPECIAL,0,1.0,17.0,2021,9,4,0,0.8,0.8,3.0
20211222,2021-09-03,06:00,TACNA,PE-1SD,43.0,CHOQUE,2,1.0,6.0,2021,9,4,1,0.0,0.0,0.0
20211222,2021-09-03,06:00,LIMA,PE-22,59.0,DESPISTE,0,0.0,6.0,2021,9,4,0,0.0,0.0,0.0
20211222,2021-09-03,17:50,LIMA,PE-22,109.0,CHOQUE,0,1.0,17.0,2021,9,4,0,0.0,0.0,0.0
20211222,2021-09-03,23:45,ANCASH,PE-1N,231.0,ATROPELLO,1,0.0,23.0,2021,9,4,1,4.5,4.5,5.0
20211222,2021-09-03,15:30,ANCASH,PE-1N,252.0,DESPISTE,0,1.0,15.0,2021,9,4,0,4.5,4.5,5.0
20211222,2021-09-03,23:30,ANCASH,PE-1N,418.0,CHOQUE,0,0.0,23.0,2021,9,4,0,4.5,4.5,5.0
20211222,2021-09-03,22:45,SAN MARTIN,PE-5N,461.0,CHOQUE,0,1.0,22.0,2021,9,4,0,2.3,2.3,5.0
20211222,2021-09-03,15:00,LA LIBERTAD,PE-1N,715.0,DESPISTE,0,1.0,15.0,2021,9,4,0,0.0,0.0,0.0
20211222,2021-09-03,05:45,CUSCO,PE-3S,964.0,CHOQUE,0,1.0,5.0,2021,9,4,0,0.7,0.7,3.0
20211222,2021-09-04,02:30,LIMA,PE-1NA,18.0,DESPISTE,0,0.0,2.0,2021,9,5,0,0.0,0.0,0.0
20211222,2021-09-04,23:20,MOQUEGUA,PE-1SD,24.0,CHOQUE,0,2.0,23.0,2021,9,5,0,0.0,0.0,0.0
20211222,2021-09-04,14:37,AMAZONAS,PE-08C,33.0,DESPISTE,0,2.0,14.0,2021,9,5,0,0.0,0.0,0.0
20211222,2021-09-04,10:30,CAJAMARCA,PE-3N,33.0,CHOQUE,0,1.0,10.0,2021,9,5,0,0.3,0.3,2.0
20211222,2021-09-04,17:30,LIMA,PE-22,49.0,CHOQUE,0,2.0,17.0,2021,9,5,0,0.0,0.0,0.0
20211222,2021-09-04,17:00,LIMA,PE-22,54.0,CHOQUE,0,0.0,17.0,2021,9,5,0,0.0,0.0,0.0
20211222,2021-09-04,06:10,LAMBAYEQUE,PE-1NJ,62.0,DESPISTE,0,1.0,6.0,2021,9,5,0,0.0,0.0,0.0
20211222,2021-09-04,14:00,CAJAMARCA,PE-08B,67.0,CHOQUE,0,3.0,14.0,2021,9,5,0,0.3,0.3,2.0
20211222,2021-09-04,05:50,ICA,PE-1S,208.0,CHOQUE,0,1.0,5.0,2021,9,5,0,0.0,0.0,0.0
20211222,2021-09-04,19:35,PUNO,PE-34B,275.0,ATROPELLO,0,1.0,19.0,2021,9,5,0,0.0,0.0,0.0
20211222,2021-09-04,02:00,MADRE DE DIOS,PE-30C,331.0,CHOQUE,0,2.0,2.0,2021,9,5,0,0.0,0.0,0.0
20211222,2021-09-05,23:30,ANCASH,AN-110,6.0,DESPISTE,0,7.0,23.0,2021,9,6,0,0.0,0.0,0.0
20211222,2021-09-05,23:00,CAJAMARCA,PE-5N,8.0,DESPISTE,0,1.0,23.0,2021,9,6,0,1.6,1.6,4.0
20211222,2021-09-05,21:06,MOQUEGUA,PE-1SD,15.0,CHOQUE,0,1.0,21.0,2021,9,6,0,0.0,0.0,0.0
20211222,2021-09-05,16:55,JUNIN,PE-3S,18.0,CHOQUE,0,6.0,16.0,2021,9,6,0,0.6,0.6,4.0
20211222,2021-09-05,21:40,LIMA,PE-1NA,22.0,ATROPELLO,0,1.0,21.0,2021,9,6,0,0.2,0.2,1.0
20211222,2021-09-05,22:00,ANCASH,PE-14,36.0,CHOQUE,0,1.0,22.0,2021,9,6,0,0.0,0.0,0.0
20211222,2021-09-05,20:20,AMAZONAS,PE-08B,42.0,CHOQUE,0,2.0,20.0,2021,9,6,0,0.2,0.2,2.0
20211222,2021-09-05,20:30,LAMBAYEQUE,PE-1NJ,53.0,ATROPELLO,0,1.0,20.0,2021,9,6,0,0.2,0.2,1.0
20211222,2021-09-05,02:40,AREQUIPA,AR-105,57.0,DESPISTE,0,0.0,2.0,2021,9,6,0,0.0,0.0,0.0
20211222,2021-09-05,19:10,HUANUCO,PE-18A,58.0,CHOQUE,0,1.0,19.0,2021,9,6,0,3.4,3.4,13.0
20211222,2021-09-05,17:30,LIMA,PE-18,63.0,CHOQUE,0,5.0,17.0,2021,9,6,0,0.2,0.2,1.0
20211222,2021-09-05,13:30,LIMA,PE-1N,74.0,CHOQUE,0,0.0,13.0,2021,9,6,0,0.2,0.2,1.0
20211222,2021-09-05,18:50,HUANUCO,PE-18A,95.0,CHOQUE,0,2.0,18.0,2021,9,6,0,3.4,3.4,13.0
20211222,2021-09-05,02:45,LIMA,PE-22,108.0,DESPISTE,0,0.0,2.0,2021,9,6,0,0.2,0.2,1.0
20211222,2021-09-05,16:40,ANCASH,PE-3N,161.0,CHOQUE,0,2.0,16.0,2021,9,6,0,0.0,0.0,0.0
20211222,2021-09-05,15:30,HUANCAVELICA,PE-3S,183.0,DESPISTE,0,2.0,15.0,2021,9,6,0,2.8,2.8,6.0
20211222,2021-09-05,18:50,PUNO,PE-34A,195.0,DESPISTE,0,1.0,18.0,2021,9,6,0,0.0,0.0,0.0
20211222,2021-09-05,17:30,AMAZONAS,PE-5N,226.0,CHOQUE,0,1.0,17.0,2021,9,6,0,0.2,0.2,2.0
20211222,2021-09-05,14:30,ANCASH,PE-1N,327.0,CHOQUE,0,3.0,14.0,2021,9,6,0,0.0,0.0,0.0
20211222,2021-09-05,06:45,AMAZONAS,PE-08B,328.0,DESPISTE,0,1.0,6.0,2021,9,6,0,0.2,0.2,2.0
20211222,2021-09-05,22:50,LA LIBERTAD,PE-1N,523.0,CHOQUE,0,1.0,22.0,2021,9,6,0,0.4,0.4,3.0
20211222,2021-09-05,12:00,SAN MARTIN,PE-5N,611.0,DESPISTE,0,4.0,12.0,2021,9,6,0,2.6,2.6,7.0
20211222,2021-09-05,13:41,ANCASH,PE-3N,658.0,CHOQUE,0,4.0,13.0,2021,9,6,0,0.0,0.0,0.0
20211222,2021-09-05,22:10,LA LIBERTAD,PE-1N,732.0,CHOQUE,1,0.0,22.0,2021,9,6,1,0.4,0.4,3.0
20211222,2021-09-06,14:00,HUANCAVELICA,PE-3SD,28.0,DESPISTE,0,2.0,14.0,2021,9,0,0,0.8,0.8,5.0
20211222,2021-09-06,07:00,PASCO,PE-5N,37.0,DESPISTE,0,1.0,7.0,2021,9,0,0,0.9,0.7,6.0
20211222,2021-09-06,06:30,AREQUIPA,PE-34,39.0,DESPISTE,0,0.0,6.0,2021,9,0,0,0.0,0.0,0.0
20211222,2021-09-06,18:30,LIMA,PE-1N,39.0,DESPISTE,0,1.0,18.0,2021,9,0,0,0.1,0.1,1.0
20211222,2021-09-06,07:10,LIMA,PE-1N,64.0,CHOQUE,0,2.0,7.0,2021,9,0,0,0.1,0.1,1.0
20211222,2021-09-06,04:45,PIURA,PE-02A,65.0,DESPISTE,0,1.0,4.0,2021,9,0,0,0.0,0.0,0.0
20211222,2021-09-06,12:55,LIMA,PE-1N,68.0,DESPISTE,0,1.0,12.0,2021,9,0,0,0.1,0.1,1.0
20211222,2021-09-06,14:40,HUANUCO,PE-18A,73.0,CHOQUE,0,0.0,14.0,2021,9,0,0,4.8,4.8,13.0
20211222,2021-09-06,08:55,LIMA,PE-1N,92.0,ATROPELLO,0,1.0,8.0,2021,9,0,0,0.1,0.1,1.0
20211222,2021-09-06,01:00,ANCASH,PE-16,112.0,DESPISTE,0,7.0,1.0,2021,9,0,0,16.2,16.2,10.0
20211222,2021-09-06,19:20,LIMA,PE-1S,115.0,DESPISTE,0,1.0,19.0,2021,9,0,0,0.1,0.1,1.0
20211222,2021-09-06,21:20,JUNIN,PE-5S,129.0,ATROPELLO,0,1.0,21.0,2021,9,0,0,2.9,2.9,12.0
20211222,2021-09-06,06:45,LIMA,PE-1N,203.0,CHOQUE,0,0.0,6.0,2021,9,0,0,0.1,0.1,1.0
20211222,2021-09-06,06:41,PUNO,PE-34A,237.0,DESPISTE,0,0.0,6.0,2021,9,0,0,0.5,0.5,1.0
20211222,2021-09-06,12:30,ANCASH,PE-1N,396.0,DESPISTE,0,1.0,12.0,2021,9,0,0,16.2,16.2,10.0
20211222,2021-09-06,14:20,ANCASH,PE-1N,421.0,DESPISTE,0,3.0,14.0,2021,9,0,0,16.2,16.2,10.0
20211222,2021-09-06,16:00,ICA,PE-1S,445.0,CHOQUE,0,4.0,16.0,2021,9,0,0,0.0,0.0,0.0
20211222,2021-09-06,08:30,SAN MARTIN,PE-5N,475.0,DESPISTE,0,1.0,8.0,2021,9,0,0,8.3,8.3,14.0
20211222,2021-09-06,22:30,LA LIBERTAD,PE-1N,692.0,CHOQUE,0,0.0,22.0,2021,9,0,0,0.0,0.0,0.0
20211222,2021-09-06,06:30,LAMBAYEQUE,PE-1N,823.0,DESPISTE,0,7.0,6.0,2021,9,0,0,1.4,1.4,4.0
20211222,2021-09-06,23:50,AREQUIPA,PE-1S,860.0,DESPISTE,0,0.0,23.0,2021,9,0,0,0.0,0.0,0.0
20211222,2021-09-07,07:50,JUNIN,PE-3N,8.0,CHOQUE,0,1.0,7.0,2021,9,1,0,2.6,2.6,5.0
20211222,2021-09-07,09:50,AREQUIPA,PE-34A,8.0,CHOQUE,0,6.0,9.0,2021,9,1,0,0.0,0.0,0.0
20211222,2021-09-07,17:30,JUNIN,PE-3S,16.0,CHOQUE,0,0.0,17.0,2021,9,1,0,2.6,2.6,5.0
20211222,2021-09-07,11:56,CAJAMARCA,PE-3N,38.0,DESPISTE,0,0.0,11.0,2021,9,1,0,2.2,2.2,4.0
20211222,2021-09-07,13:20,AYACUCHO,PE-30A,58.0,CHOQUE,0,3.0,13.0,2021,9,1,0,0.6,0.6,2.0
20211222,2021-09-07,07:05,LIMA,PE-1N,95.0,DESPISTE,0,0.0,7.0,2021,9,1,0,0.0,0.0,0.0
20211222,2021-09-07,21:40,JUNIN,PE-3S,103.0,CHOQUE,0,0.0,21.0,2021,9,1,0,2.6,2.6,5.0
20211222,2021-09-07,12:40,LIMA,PE-22,130.0,CHOQUE,0,0.0,12.0,2021,9,1,0,0.0,0.0,0.0
20211222,2021-09-07,16:00,PASCO,PE-3N,135.0,CHOQUE,0,0.0,16.0,2021,9,1,0,0.8,0.8,6.0
20211222,2021-09-07,17:10,ANCASH,PE-3N,144.0,DESPISTE,0,0.0,17.0,2021,9,1,0,5.6,5.6,6.0
20211222,2021-09-07,22:25,LIMA,PE-1N,180.0,CHOQUE,0,1.0,22.0,2021,9,1,0,0.0,0.0,0.0
20211222,2021-09-07,02:30,ICA,PE-1S,220.0,CHOQUE,1,15.0,2.0,2021,9,1,1,0.0,0.0,0.0
20211222,2021-09-07,05:40,ICA,PE-1S,240.0,DESPISTE,0,1.0,5.0,2021,9,1,0,0.0,0.0,0.0
20211222,2021-09-07,12:00,AYACUCHO,PE-28A,284.0,ATROPELLO,1,0.0,12.0,2021,9,1,1,0.6,0.6,2.0
20211222,2021-09-07,05:30,MADRE DE DIOS,PE-30C,318.0,DESPISTE,0,1.0,5.0,2021,9,1,0,0.0,0.0,0.0
20211222,2021-09-07,22:10,ICA,PE-1S,413.0,ATROPELLO,1,1.0,22.0,2021,9,1,1,0.0,0.0,0.0
20211222,2021-09-07,19:30,MADRE DE DIOS,PE-30C,445.0,DESPISTE,0,1.0,19.0,2021,9,1,0,0.0,0.0,0.0
20211222,2021-09-07,22:30,HUANUCO,PE-5N,522.0,CHOQUE,0,1.0,22.0,2021,9,1,0,0.0,0.0,0.0
20211222,2021-09-07,09:20,AREQUIPA,PE-1S,566.0,CHOQUE,1,0.0,9.0,2021,9,1,1,0.0,0.0,0.0
20211222,2021-09-07,14:00,LA LIBERTAD,PE-1N,689.0,DESPISTE,0,0.0,14.0,2021,9,1,0,0.0,0.0,0.0
20211222,2021-09-07,00:45,AREQUIPA,PE-1S,791.0,CHOQUE,0,0.0,0.0,2021,9,1,0,0.0,0.0,0.0
20211222,2021-09-07,05:00,AREQUIPA,PE-1S,828.0,CHOQUE,0,1.0,5.0,2021,9,1,0,0.0,0.0,0.0
20211222,2021-09-07,06:50,MOQUEGUA,PE-1S,1199.0,DESPISTE,0,5.0,6.0,2021,9,1,0,0.0,0.0,0.0
20211222,2021-09-08,15:00,UCAYALI,PE-18C,17.0,CHOQUE,0,2.0,15.0,2021,9,2,0,0.0,0.0,0.0
20211222,2021-09-08,06:15,LIMA,PE-1NA,18.0,DESPISTE,0,0.0,6.0,2021,9,2,0,0.0,0.0,0.0
20211222,2021-09-08,22:30,LIMA,PE-1N,28.0,ESPECIAL,0,0.0,22.0,2021,9,2,0,0.0,0.0,0.0
20211222,2021-09-08,19:00,LIMA,PE-18,32.0,CHOQUE,1,1.0,19.0,2021,9,2,1,0.0,0.0,0.0
20211222,2021-09-08,13:30,JUNIN,PE-3SA,33.0,DESPISTE,0,0.0,13.0,2021,9,2,0,2.7,2.7,6.0
20211222,2021-09-08,07:00,UCAYALI,PE-18C,37.0,CHOQUE,0,1.0,7.0,2021,9,2,0,0.0,0.0,0.0
20211222,2021-09-08,20:00,PUNO,PU-108,60.0,DESPISTE,0,0.0,20.0,2021,9,2,0,2.1,1.9,3.0
20211222,2021-09-08,02:15,TACNA,PE-1SD,75.0,DESPISTE,0,1.0,2.0,2021,9,2,0,0.2,0.2,2.0
20211222,2021-09-08,03:40,ANCASH,PE-16,105.0,DESPISTE,0,0.0,3.0,2021,9,2,0,6.6,6.6,11.0
20211222,2021-09-08,15:00,ANCASH,PE-16,118.0,DESPISTE,0,2.0,15.0,2021,9,2,0,6.6,6.6,11.0
20211222,2021-09-08,15:30,AYACUCHO,PE-30A,147.0,DESPISTE,0,0.0,15.0,2021,9,2,0,0.0,0.0,0.0
20211222,2021-09-08,18:00,AMAZONAS,PE-5N,230.0,CHOQUE,0,0.0,18.0,2021,9,2,0,1.4,1.4,4.0
20211222,2021-09-08,23:30,ANCASH,PE-1N,243.0,DESPISTE,0,0.0,23.0,2021,9,2,0,6.6,6.6,11.0
20211222,2021-09-08,19:10,AMAZONAS,PE-08B,315.0,CHOQUE,0,0.0,19.0,2021,9,2,0,1.4,1.4,4.0
20211222,2021-09-08,15:00,MADRE DE DIOS,PE-30C,347.0,ESPECIAL,0,0.0,15.0,2021,9,2,0,0.0,0.0,0.0
20211222,2021-09-08,11:20,ANCASH,PE-1N,429.0,DESPISTE,0,1.0,11.0,2021,9,2,0,6.6,6.6,11.0
20211222,2021-09-08,23:35,ANCASH,PE-1N,448.0,ATROPELLO,0,1.0,23.0,2021,9,2,0,6.6,6.6,11.0
20211222,2021-09-08,07:30,LAMBAYEQUE,PE-1N,760.0,DESPISTE,0,1.0,7.0,2021,9,2,0,0.0,0.0,0.0
20211222,2021-09-08,06:50,LAMBAYEQUE,PE-1N,850.0,CHOQUE,0,0.0,6.0,2021,9,2,0,0.0,0.0,0.0
20211222,2021-09-08,09:40,AREQUIPA,PE-1S,989.0,DESPISTE,0,0.0,9.0,2021,9,2,0,0.0,0.0,0.0
20211222,2021-09-08,12:30,PIURA,PE-1N,1011.0,VOLCADURA,0,0.0,12.0,2021,9,2,0,0.0,0.0,0.0
20211222,2021-09-09,09:00,PIURA,PE-1NK,4.0,DESPISTE,0,2.0,9.0,2021,9,3,0,0.0,0.0,0.0
20211222,2021-09-09,05:40,CALLAO,PE-20,8.0,CHOQUE,0,1.0,5.0,2021,9,3,0,0.0,0.0,0.0
20211222,2021-09-09,07:30,AREQUIPA,PE-34,9.0,VOLCADURA,0,0.0,7.0,2021,9,3,0,0.0,0.0,0.0
20211222,2021-09-09,03:40,JUNIN,PE-5S,29.0,CHOQUE,1,0.0,3.0,2021,9,3,1,7.8,7.8,8.0
20211222,2021-09-09,07:00,AREQUIPA,AR-106,35.0,CHOQUE,0,0.0,7.0,2021,9,3,0,0.0,0.0,0.0
20211222,2021-09-09,19:00,JUNIN,PE-3N,46.0,CHOQUE,0,5.0,19.0,2021,9,3,0,7.8,7.8,8.0
20211222,2021-09-09,07:40,JUNIN,PE-5S,75.0,CHOQUE,1,1.0,7.0,2021,9,3,1,7.8,7.8,8.0
20211222,2021-09-09,08:00,ANCASH,PE-16,118.0,DESPISTE,0,0.0,8.0,2021,9,3,0,5.9,5.9,7.0
20211222,2021-09-09,11:35,LIMA,PE-22,125.0,CHOQUE,0,0.0,11.0,2021,9,3,0,0.0,0.0,0.0
20211222,2021-09-09,11:10,ANCASH,PE-3N,160.0,DESPISTE,0,1.0,11.0,2021,9,3,0,5.9,5.9,7.0
20211222,2021-09-09,19:20,AYACUCHO,PE-30A,164.0,DESPISTE,0,1.0,19.0,2021,9,3,0,1.3,1.3,3.0
20211222,2021-09-09,18:25,MOQUEGUA,PE-36A,254.0,DESPISTE,0,0.0,18.0,2021,9,3,0,0.0,0.0,0.0
20211222,2021-09-09,19:20,SAN MARTIN,PE-5N,541.0,DESPISTE,0,0.0,19.0,2021,9,3,0,1.1,1.1,2.0
20211222,2021-09-09,21:20,AREQUIPA,PE-1S,711.0,CHOQUE,0,0.0,21.0,2021,9,3,0,0.0,0.0,0.0
20211222,2021-09-10,05:50,LIMA,PE-1N,5.0,CHOQUE,0,1.0,5.0,2021,9,4,0,0.0,0.0,0.0
20211222,2021-09-10,10:00,LIMA,PE-1NA,8.0,CHOQUE,0,0.0,10.0,2021,9,4,0,0.0,0.0,0.0
20211222,2021-09-10,17:40,AREQUIPA,PE-34A,11.0,DESPISTE,0,0.0,17.0,2021,9,4,0,0.0,0.0,0.0
20211222,2021-09-10,04:00,LIMA,PE-24A,15.0,CHOQUE,0,2.0,4.0,2021,9,4,0,0.0,0.0,0.0
20211222,2021-09-10,02:24,LIMA,PE-1N,54.0,CHOQUE,0,1.0,2.0,2021,9,4,0,0.0,0.0,0.0
20211222,2021-09-10,09:45,LIMA,PE-1N,59.0,CHOQUE,0,0.0,9.0,2021,9,4,0,0.0,0.0,0.0
20211222,2021-09-10,11:10,JUNIN,PE-3N,63.0,CHOQUE,0,0.0,11.0,2021,9,4,0,4.4,4.4,4.0
20211222,2021-09-10,09:00,LIMA,PE-1N,80.0,DESPISTE,0,1.0,9.0,2021,9,4,0,0.0,0.0,0.0
20211222,2021-09-10,11:20,HUANCAVELICA,PE-28A,106.0,DESPISTE,0,0.0,11.0,2021,9,4,0,2.6,2.6,9.0
20211222,2021-09-10,15:55,TACNA,PE-36A,127.0,DESPISTE,0,1.0,15.0,2021,9,4,0,0.0,0.0,0.0
20211222,2021-09-10,09:23,AREQUIPA,PE-34A,164.0,CHOQUE,0,0.0,9.0,2021,9,4,0,0.0,0.0,0.0
20211222,2021-09-10,20:10,ICA,PE-1S,238.0,CHOQUE,0,1.0,20.0,2021,9,4,0,0.0,0.0,0.0
20211222,2021-09-10,14:10,ICA,PE-1S,427.0,CHOQUE,0,0.0,14.0,2021,9,4,0,0.0,0.0,0.0
20211222,2021-09-10,05:32,LA LIBERTAD,PE-1N,486.0,DESPISTE,0,0.0,5.0,2021,9,4,0,0.0,0.0,0.0
20211222,2021-09-10,18:30,SAN MARTIN,PE-5N,572.0,CHOQUE,0,2.0,18.0,2021,9,4,0,1.9,1.9,3.0
20211222,2021-09-10,08:30,SAN MARTIN,PE-5N,639.0,DESPISTE,0,1.0,8.0,2021,9,4,0,1.9,1.9,3.0
20211222,2021-09-10,21:40,LA LIBERTAD,PE-1N,690.0,CHOQUE,0,0.0,21.0,2021,9,4,0,0.0,0.0,0.0
20211222,2021-09-10,18:30,AREQUIPA,PE-1S,952.0,CHOQUE,0,4.0,18.0,2021,9,4,0,0.0,0.0,0.0
20211222,2021-09-10,06:30,CUSCO,PE-3S,1027.0,CHOQUE,0,1.0,6.0,2021,9,4,0,0.8,0.8,5.0
20211222,2021-09-11,19:30,PIURA,PE-1N,1.0,CHOQUE,1,2.0,19.0,2021,9,5,1,0.0,0.0,0.0
20211222,2021-09-11,11:30,JUNIN,PE-3S,16.0,DESPISTE,0,2.0,11.0,2021,9,5,0,2.4,2.4,8.0
20211222,2021-09-11,22:30,AYACUCHO,PE-30A,123.0,DESPISTE,0,4.0,22.0,2021,9,5,0,2.2,2.2,8.0
20211222,2021-09-11,17:30,AREQUIPA,PE-34A,130.0,CHOQUE,0,3.0,17.0,2021,9,5,0,0.0,0.0,0.0
20211222,2021-09-11,23:30,LIMA,PE-1N,212.0,CHOQUE,0,0.0,23.0,2021,9,5,0,0.0,0.0,0.0
20211222,2021-09-11,13:55,SAN MARTIN,PE-5N,515.0,CHOQUE,0,0.0,13.0,2021,9,5,0,3.7,3.7,15.0
20211222,2021-09-11,18:30,SAN MARTIN,PE-5N,559.0,CHOQUE,0,7.0,18.0,2021,9,5,0,3.7,3.7,15.0
20211222,2021-09-11,18:15,PIURA,PE-1N,1003.0,CHOQUE,0,2.0,18.0,2021,9,5,0,0.0,0.0,0.0
20211222,2021-09-11,13:35,TACNA,PE-1S,1261.0,DESPISTE,0,1.0,13.0,2021,9,5,0,0.0,0.0,0.0
20211222,2021-09-12,05:00,PUNO,PU-100,2.0,CHOQUE,0,2.0,5.0,2021,9,6,0,0.5,0.5,3.0
20211222,2021-09-12,10:00,UCAYALI,PE-18C,19.0,CHOQUE,0,3.0,10.0,2021,9,6,0,0.0,0.0,0.0
20211222,2021-09-12,17:10,JUNIN,PE-3N,40.0,DESPISTE,0,0.0,17.0,2021,9,6,0,0.1,0.1,1.0
20211222,2021-09-12,15:30,JUNIN,PE-3SB,78.0,CHOQUE,0,2.0,15.0,2021,9,6,0,0.1,0.1,1.0
20211222,2021-09-12,19:17,CUSCO,PE-28B,102.0,DESPISTE,0,2.0,19.0,2021,9,6,0,0.7,0.7,3.0
20211222,2021-09-12,15:50,CAJAMARCA,PE-08B,113.0,CHOQUE,0,0.0,15.0,2021,9,6,0,0.9,0.9,6.0
20211222,2021-09-12,13:03,LIMA,PE-1S,115.0,DESPISTE,0,1.0,13.0,2021,9,6,0,0.0,0.0,0.0
20211222,2021-09-12,17:45,PASCO,PE-3N,137.0,CHOQUE,0,2.0,17.0,2021,9,6,0,1.0,1.0,3.0
20211222,2021-09-12,19:15,AREQUIPA,PE-34A,165.0,DESPISTE,0,1.0,19.0,2021,9,6,0,0.0,0.0,0.0
20211222,2021-09-12,06:00,AMAZONAS,PE-5N,232.0,DESPISTE,2,0.0,6.0,2021,9,6,1,0.1,0.1,1.0
20211222,2021-09-12,00:45,ICA,PE-1S,272.0,CHOQUE,0,1.0,0.0,2021,9,6,0,0.0,0.0,0.0
20211222,2021-09-12,18:35,SAN MARTIN,PE-5N,521.0,DESPISTE,0,6.0,18.0,2021,9,6,0,2.6,2.6,2.0
20211222,2021-09-12,00:18,APURIMAC,PE-3S,590.0,CHOQUE,0,0.0,0.0,2021,9,6,0,0.0,0.0,0.0
20211222,2021-09-12,09:50,AREQUIPA,PE-1S,612.0,DESPISTE,0,1.0,9.0,2021,9,6,0,0.0,0.0,0.0
20211222,2021-09-12,18:20,SAN MARTIN,PE-5N,635.0,DESPISTE,0,2.0,18.0,2021,9,6,0,2.6,2.6,2.0
20211222,2021-09-12,07:45,AREQUIPA,PE-1S,870.0,DESPISTE,0,2.0,7.0,2021,9,6,0,0.0,0.0,0.0
20211222,2021-09-12,08:35,AREQUIPA,PE-1S,1077.0,DESPISTE,0,1.0,8.0,2021,9,6,0,0.0,0.0,0.0
20211222,2021-09-13,19:30,PIURA,PE-1N,15.0,CHOQUE,1,2.0,19.0,2021,9,0,1,0.0,0.0,0.0
20211222,2021-09-13,11:00,LIMA,PE-18,79.0,CHOQUE,1,12.0,11.0,2021,9,0,1,0.0,0.0,0.0
20211222,2021-09-13,22:40,MOQUEGUA,PE-1S,233.0,CHOQUE,1,0.0,22.0,2021,9,0,1,0.0,0.0,0.0
20211222,2021-09-13,20:00,ANCASH,PE-1N,381.0,CHOQUE,0,5.0,20.0,2021,9,0,0,1.7,1.7,2.0
20211222,2021-09-13,04:30,CUSCO,PE-28B,428.0,DESPISTE,0,2.0,4.0,2021,9,0,0,0.0,0.0,0.0
20211222,2021-09-13,19:30,LA LIBERTAD,PE-1N,467.0,ESPECIAL,0,0.0,19.0,2021,9,0,0,0.0,0.0,0.0
20211222,2021-09-13,20:00,LA LIBERTAD,PE-1N,566.0,ESPECIAL,0,0.0,20.0,2021,9,0,0,0.0,0.0,0.0
20211222,2021-09-13,03:40,LA LIBERTAD,PE-1N,693.0,CHOQUE,2,1.0,3.0,2021,9,0,1,0.0,0.0,0.0
20211222,2021-09-13,19:40,AREQUIPA,PE-1S,703.0,CHOQUE,1,0.0,19.0,2021,9,0,1,0.0,0.0,0.0
20211222,2021-09-13,08:00,APURIMAC,PE-3S,822.0,CHOQUE,0,1.0,8.0,2021,9,0,0,0.0,0.0,0.0
20211222,2021-09-13,13:45,AREQUIPA,PE-1S,983.0,CHOQUE,0,0.0,13.0,2021,9,0,0,0.0,0.0,0.0
20211222,2021-09-13,08:06,PIURA,PE-1N,1009.0,CHOQUE,0,0.0,8.0,2021,9,0,0,0.0,0.0,0.0
20211222,2021-09-13,11:20,PUNO,PE-3S,1217.0,CHOQUE,0,2.0,11.0,2021,9,0,0,1.1,1.1,2.0
20211222,2021-09-14,23:15,LIMA,PE-1S,31.0,DESPISTE,0,0.0,23.0,2021,9,1,0,0.0,0.0,0.0
20211222,2021-09-14,10:45,JUNIN,PE-3SA,38.0,CHOQUE,0,0.0,10.0,2021,9,1,0,1.3,1.3,7.0
20211222,2021-09-14,02:10,JUNIN,PE-3N,40.0,VOLCADURA,0,7.0,2.0,2021,9,1,0,1.3,1.3,7.0
20211222,2021-09-14,11:10,LIMA,PE-1N,56.0,CHOQUE,0,1.0,11.0,2021,9,1,0,0.0,0.0,0.0
20211222,2021-09-14,12:40,CAJAMARCA,PE-08B,83.0,CHOQUE,0,1.0,12.0,2021,9,1,0,1.1,1.1,2.0
20211222,2021-09-14,10:00,LIMA,PE-1N,111.0,DESPISTE,0,3.0,10.0,2021,9,1,0,0.0,0.0,0.0
20211222,2021-09-14,17:50,PASCO,PE-3N,164.0,DESPISTE,0,4.0,17.0,2021,9,1,0,2.7,2.5,9.0
20211222,2021-09-14,16:45,CUSCO,PE-28B,172.0,CHOQUE,0,3.0,16.0,2021,9,1,0,0.7,0.7,4.0
20211222,2021-09-14,14:15,AREQUIPA,PE-34A,179.0,CHOQUE,1,3.0,14.0,2021,9,1,1,0.0,0.0,0.0
20211222,2021-09-14,13:30,AYACUCHO,PE-30A,189.0,DESPISTE,0,1.0,13.0,2021,9,1,0,0.0,0.0,0.0
20211222,2021-09-14,12:30,ICA,PE-1S,245.0,CHOQUE,0,3.0,12.0,2021,9,1,0,0.0,0.0,0.0
20211222,2021-09-14,20:30,ICA,PE-1S,273.0,ATROPELLO,0,1.0,20.0,2021,9,1,0,0.0,0.0,0.0
20211222,2021-09-14,17:35,LA LIBERTAD,PE-1N,703.0,CHOQUE,0,1.0,17.0,2021,9,1,0,0.0,0.0,0.0
20211222,2021-09-14,11:30,AREQUIPA,PE-1S,858.0,DESPISTE,0,1.0,11.0,2021,9,1,0,0.0,0.0,0.0
20211222,2021-09-14,07:30,LAMBAYEQUE,PE-1N,879.0,DESPISTE,0,2.0,7.0,2021,9,1,0,0.0,0.0,0.0
20211222,2021-09-14,23:30,CUSCO,PE-3S,913.0,DESPISTE,0,0.0,23.0,2021,9,1,0,0.7,0.7,4.0
20211222,2021-09-15,10:05,PUNO,PE-34I,17.0,DESPISTE,0,4.0,10.0,2021,9,2,0,1.1,1.1,5.0
20211222,2021-09-15,06:00,LIMA,PE-22,51.0,DESPISTE,0,0.0,6.0,2021,9,2,0,0.0,0.0,0.0
20211222,2021-09-15,22:20,AYACUCHO,PE-30A,78.0,VOLCADURA,0,2.0,22.0,2021,9,2,0,0.1,0.1,1.0
20211222,2021-09-15,14:00,LIMA,PE-1S,81.0,CHOQUE,0,1.0,14.0,2021,9,2,0,0.0,0.0,0.0
20211222,2021-09-15,10:30,TUMBES,PE-1N,172.0,CHOQUE,0,1.0,10.0,2021,9,2,0,0.0,0.0,0.0
20211222,2021-09-15,05:15,LIMA,PE-1N,203.0,ESPECIAL,0,0.0,5.0,2021,9,2,0,0.0,0.0,0.0
20211222,2021-09-15,17:20,CUSCO,PE-28B,219.0,DESPISTE,0,0.0,17.0,2021,9,2,0,1.2,1.2,7.0
20211222,2021-09-15,01:55,ICA,PE-1S,243.0,CHOQUE,0,0.0,1.0,2021,9,2,0,0.0,0.0,0.0
20211222,2021-09-15,04:30,PUNO,PE-34H,302.0,ATROPELLO,1,0.0,4.0,2021,9,2,1,1.1,1.1,5.0
20211222,2021-09-15,05:00,MADRE DE DIOS,PE-30C,417.0,CHOQUE,0,0.0,5.0,2021,9,2,0,9.3,9.3,13.0
20211222,2021-09-15,20:30,MADRE DE DIOS,PE-30C,449.0,CHOQUE,0,1.0,20.0,2021,9,2,0,9.3,9.3,13.0
20211222,2021-09-15,21:40,LA LIBERTAD,PE-1N,530.0,DESPISTE,0,2.0,21.0,2021,9,2,0,0.0,0.0,0.0
20211222,2021-09-15,20:30,LA LIBERTAD,PE-1N,582.0,ATROPELLO,1,0.0,20.0,2021,9,2,1,0.0,0.0,0.0
20211222,2021-09-15,08:45,LA LIBERTAD,PE-1N,711.0,CHOQUE,1,0.0,8.0,2021,9,2,1,0.0,0.0,0.0
20211222,2021-09-15,05:35,LAMBAYEQUE,PE-1N,736.0,DESPISTE,2,71.0,5.0,2021,9,2,1,0.0,0.0,0.0
20211222,2021-09-15,06:00,MOQUEGUA,PE-1S,1147.0,DESPISTE,0,0.0,6.0,2021,9,2,0,0.0,0.0,0.0
20211222,2021-09-16,20:45,CAJAMARCA,PE-3N,16.0,CHOQUE,0,0.0,20.0,2021,9,3,0,0.3,0.3,3.0
20211222,2021-09-16,20:45,CUSCO,PE-28G,28.0,CHOQUE,0,0.0,20.0,2021,9,3,0,0.1,0.1,1.0
20211222,2021-09-16,18:30,UCAYALI,PE-18C,33.0,DESPISTE,0,0.0,18.0,2021,9,3,0,31.4,31.4,19.0
20211222,2021-09-16,17:20,PUNO,PE-34H,44.0,DESPISTE,0,0.0,17.0,2021,9,3,0,2.2,2.2,4.0
20211222,2021-09-16,23:40,AYACUCHO,PE-30A,75.0,DESPISTE,0,1.0,23.0,2021,9,3,0,0.0,0.0,0.0
20211222,2021-09-16,13:00,AREQUIPA,PE-34A,91.0,DESPISTE,0,0.0,13.0,2021,9,3,0,0.0,0.0,0.0
20211222,2021-09-16,07:00,LIMA,PE-1N,104.0,DESPISTE,0,1.0,7.0,2021,9,3,0,0.0,0.0,0.0
20211222,2021-09-16,09:40,LIMA,PE-22,122.0,DESPISTE,0,0.0,9.0,2021,9,3,0,0.0,0.0,0.0
20211222,2021-09-16,06:40,ANCASH,PE-3N,222.0,CHOQUE,0,1.0,6.0,2021,9,3,0,0.5,0.5,4.0
20211222,2021-09-16,11:30,APURIMAC,PE-30A,304.0,DESPISTE,0,0.0,11.0,2021,9,3,0,2.6,2.6,12.0
20211222,2021-09-16,04:00,MADRE DE DIOS,PE-30C,338.0,DESPISTE,0,1.0,4.0,2021,9,3,0,6.4,6.4,7.0
20211222,2021-09-16,23:20,ICA,PE-1S,370.0,DESPISTE,0,0.0,23.0,2021,9,3,0,0.0,0.0,0.0
20211222,2021-09-16,14:40,SAN MARTIN,PE-5N,586.0,CHOQUE,0,4.0,14.0,2021,9,3,0,11.9,11.9,12.0
20211222,2021-09-17,08:45,MOQUEGUA,PE-1SD,3.0,DESPISTE,0,4.0,8.0,2021,9,4,0,0.0,0.0,0.0
20211222,2021-09-17,13:50,LIMA,LI-128,3.0,DESPISTE,1,0.0,13.0,2021,9,4,1,0.0,0.0,0.0
20211222,2021-09-17,10:30,LA LIBERTAD,PE-10C,13.0,VOLCADURA,0,1.0,10.0,2021,9,4,0,0.0,0.0,0.0
20211222,2021-09-17,20:00,UCAYALI,PE-18C,17.0,CHOQUE,0,3.0,20.0,2021,9,4,0,0.0,0.0,0.0
20211222,2021-09-17,23:30,ANCASH,PE-14,27.0,CHOQUE,0,1.0,23.0,2021,9,4,0,4.1,4.1,12.0
20211222,2021-09-17,09:54,PIURA,PE-02,38.0,VOLCADURA,0,1.0,9.0,2021,9,4,0,0.0,0.0,0.0
20211222,2021-09-17,19:25,LIMA,PE-1N,91.0,CHOQUE,0,1.0,19.0,2021,9,4,0,0.0,0.0,0.0
20211222,2021-09-17,19:30,UCAYALI,PE-5N,111.0,CHOQUE,0,3.0,19.0,2021,9,4,0,0.0,0.0,0.0
20211222,2021-09-17,21:10,ANCASH,PE-16,115.0,CHOQUE,0,1.0,21.0,2021,9,4,0,4.1,4.1,12.0
20211222,2021-09-17,17:10,ANCASH,PE-3N,133.0,DESPISTE,0,0.0,17.0,2021,9,4,0,4.1,4.1,12.0
20211222,2021-09-17,17:00,ICA,PE-1S,219.0,CHOQUE,1,0.0,17.0,2021,9,4,1,0.0,0.0,0.0
20211222,2021-09-17,06:00,PUNO,PE-34B,221.0,DESPISTE,0,0.0,6.0,2021,9,4,0,1.0,1.0,5.0
20211222,2021-09-17,05:40,PUNO,PE-34B,264.0,DESPISTE,0,10.0,5.0,2021,9,4,0,1.0,1.0,5.0
20211222,2021-09-17,19:00,ICA,PE-1S,265.0,ESPECIAL,0,0.0,19.0,2021,9,4,0,0.0,0.0,0.0
20211222,2021-09-17,09:20,AREQUIPA,PE-1S,586.0,VOLCADURA,0,0.0,9.0,2021,9,4,0,0.0,0.0,0.0
20211222,2021-09-17,02:10,APURIMAC,PE-3S,809.0,DESPISTE,0,0.0,2.0,2021,9,4,0,4.0,4.0,10.0
20211222,2021-09-17,05:23,LAMBAYEQUE,PE-1N,827.0,DESPISTE,0,0.0,5.0,2021,9,4,0,0.0,0.0,0.0
20211222,2021-09-17,19:30,AREQUIPA,PE-1S,992.0,DESPISTE,0,1.0,19.0,2021,9,4,0,0.0,0.0,0.0
20211222,2021-09-17,08:00,MOQUEGUA,PE-1S,1186.0,DESPISTE,0,2.0,8.0,2021,9,4,0,0.0,0.0,0.0
20211222,2021-09-18,00:30,CALLAO,PE-20,6.0,CHOQUE,0,2.0,0.0,2021,9,5,0,0.0,0.0,0.0
20211222,2021-09-18,20:30,UCAYALI,PE-18C,18.0,CHOQUE,0,2.0,20.0,2021,9,5,0,0.0,0.0,0.0
20211222,2021-09-18,07:35,CAJAMARCA,PE-3N,47.0,DESPISTE,0,3.0,7.0,2021,9,5,0,0.6,0.6,3.0
20211222,2021-09-18,23:30,LAMBAYEQUE,PE-1NJ,86.0,DESPISTE,0,1.0,23.0,2021,9,5,0,0.0,0.0,0.0
20211222,2021-09-18,12:50,LIMA,PE-22,103.0,DESPISTE,0,0.0,12.0,2021,9,5,0,0.0,0.0,0.0
20211222,2021-09-18,N.I.,LIMA,PE-1N,105.0,CHOQUE,0,1.0,,2021,9,5,0,0.0,0.0,0.0
20211222,2021-09-18,21:15,AREQUIPA,PE-34A,136.0,DESPISTE,0,5.0,21.0,2021,9,5,0,0.0,0.0,0.0
20211222,2021-09-18,15:30,AYACUCHO,PE-30A,164.0,CHOQUE,0,3.0,15.0,2021,9,5,0,0.1,0.1,1.0
20211222,2021-09-18,20:15,LIMA,PE-1N,190.0,DESPISTE,1,2.0,20.0,2021,9,5,1,0.0,0.0,0.0
20211222,2021-09-18,03:20,ANCASH,PE-1N,236.0,CHOQUE,0,1.0,3.0,2021,9,5,0,0.1,0.1,1.0
20211222,2021-09-18,09:30,PUNO,PE-34B,265.0,CHOQUE,0,1.0,9.0,2021,9,5,0,0.0,0.0,0.0
20211222,2021-09-18,13:50,APURIMAC,PE-30A,362.0,DESPISTE,1,0.0,13.0,2021,9,5,1,3.4,3.4,4.0
20211222,2021-09-18,15:25,ANCASH,PE-1N,380.0,CHOQUE,0,1.0,15.0,2021,9,5,0,0.1,0.1,1.0
20211222,2021-09-18,20:10,SAN MARTIN,PE-5N,598.0,CHOQUE,1,0.0,20.0,2021,9,5,1,0.7,0.7,1.0
20211222,2021-09-18,21:20,LA LIBERTAD,PE-1N,634.0,ATROPELLO,0,3.0,21.0,2021,9,5,0,0.0,0.0,0.0
20211222,2021-09-18,23:00,PUNO,PE-3S,1195.0,DESPISTE,0,0.0,23.0,2021,9,5,0,0.0,0.0,0.0
20211222,2021-09-18,07:00,PUNO,PE-3S,1454.0,DESPISTE,0,0.0,7.0,2021,9,5,0,0.0,0.0,0.0
20211222,2021-09-19,02:30,HUANUCO,PE-3N,0.0,DESPISTE,0,0.0,2.0,2021,9,6,0,0.2,0.2,2.0
20211222,2021-09-19,01:50,PASCO,PE-5N,2.0,CHOQUE,1,1.0,1.0,2021,9,6,1,3.4,2.2,5.0
20211222,2021-09-19,15:00,LORETO,LO-103,6.0,ATROPELLO,0,2.0,15.0,2021,9,6,0,0.0,0.0,0.0
20211222,2021-09-19,19:00,UCAYALI,PE-18C,16.0,CHOQUE,0,1.0,19.0,2021,9,6,0,0.0,0.0,0.0
20211222,2021-09-19,04:30,LIMA,LM-117,21.0,CHOQUE,0,3.0,4.0,2021,9,6,0,0.0,0.0,0.0
20211222,2021-09-19,18:30,ANCASH,PE-14,28.0,VOLCADURA,0,0.0,18.0,2021,9,6,0,5.6,5.6,8.0
20211222,2021-09-19,10:30,PUNO,PU-123,30.0,ATROPELLO,1,0.0,10.0,2021,9,6,1,1.4,1.4,5.0
20211222,2021-09-19,21:30,LAMBAYEQUE,PE-1NJ,70.0,CHOQUE,0,1.0,21.0,2021,9,6,0,0.0,0.0,0.0
20211222,2021-09-19,12:40,AREQUIPA,PE-34A,73.0,CHOQUE,0,3.0,12.0,2021,9,6,0,0.0,0.0,0.0
20211222,2021-09-19,01:50,JUNIN,PE-3S,77.0,DESPISTE,0,0.0,1.0,2021,9,6,0,2.2,2.2,7.0
20211222,2021-09-19,06:30,LIMA,PE-22,85.0,DESPISTE,0,0.0,6.0,2021,9,6,0,0.0,0.0,0.0
20211222,2021-09-19,13:30,LIMA,PE-22,104.0,CHOQUE,0,2.0,13.0,2021,9,6,0,0.0,0.0,0.0
20211222,2021-09-19,16:40,LIMA,PE-1S,110.0,CHOQUE,0,2.0,16.0,2021,9,6,0,0.0,0.0,0.0
20211222,2021-09-19,13:45,LIMA,PE-22,113.0,DESPISTE,0,3.0,13.0,2021,9,6,0,0.0,0.0,0.0
20211222,2021-09-19,03:45,LIMA,PE-1S,144.0,CHOQUE,0,6.0,3.0,2021,9,6,0,0.0,0.0,0.0
20211222,2021-09-19,15:40,ICA,PE-1S,258.0,DESPISTE,0,1.0,15.0,2021,9,6,0,0.0,0.0,0.0
20211222,2021-09-19,13:50,SAN MARTIN,PE-5N,389.0,DESPISTE,0,0.0,13.0,2021,9,6,0,0.6,0.6,4.0
20211222,2021-09-19,12:15,SAN MARTIN,PE-5N,603.0,CHOQUE,0,1.0,12.0,2021,9,6,0,0.6,0.6,4.0
20211222,2021-09-19,20:30,LA LIBERTAD,PE-1N,608.0,CHOQUE,0,1.0,20.0,2021,9,6,0,0.0,0.0,0.0
20211222,2021-09-19,06:30,PIURA,PE-1NL,1050.0,DESPISTE,0,1.0,6.0,2021,9,6,0,0.0,0.0,0.0
20211222,2021-09-20,11:30,AREQUIPA,PE-34C,4.0,DESPISTE,0,2.0,11.0,2021,9,0,0,0.0,0.0,0.0
20211222,2021-09-20,06:20,PIURA,PE-1NL,7.0,CHOQUE,2,3.0,6.0,2021,9,0,1,0.0,0.0,0.0
20211222,2021-09-20,17:20,UCAYALI,PE-18C,13.0,CHOQUE,0,1.0,17.0,2021,9,0,0,0.0,0.0,0.0
20211222,2021-09-20,21:15,JUNIN,PE-3N,48.0,CHOQUE,0,0.0,21.0,2021,9,0,0,2.5,2.5,6.0
20211222,2021-09-20,21:30,PASCO,PE-3N,91.0,CHOQUE,0,0.0,21.0,2021,9,0,0,1.8,1.6,6.0
20211222,2021-09-20,09:40,CAJAMARCA,PE-08,162.0,DESPISTE,0,2.0,9.0,2021,9,0,0,0.6,0.6,3.0
20211222,2021-09-20,04:00,PUNO,PE-34A,219.0,CHOQUE,0,0.0,4.0,2021,9,0,0,6.7,5.5,8.0
20211222,2021-09-20,08:10,ICA,PE-1S,236.0,DESPISTE,0,0.0,8.0,2021,9,0,0,0.0,0.0,0.0
20211222,2021-09-20,05:16,MADRE DE DIOS,PE-30C,347.0,DESPISTE,0,0.0,5.0,2021,9,0,0,0.4,0.4,1.0
20211222,2021-09-20,03:20,ANCASH,PE-1N,365.0,DESPISTE,0,1.0,3.0,2021,9,0,0,2.8,2.8,5.0
20211222,2021-09-20,20:45,APURIMAC,PE-30A,386.0,CHOQUE,0,0.0,20.0,2021,9,0,0,0.1,0.1,1.0
20211222,2021-09-20,10:10,MADRE DE DIOS,PE-30C,410.0,DESPISTE,0,0.0,10.0,2021,9,0,0,0.4,0.4,1.0
20211222,2021-09-20,07:00,APURIMAC,PE-3S,635.0,DESPISTE,0,7.0,7.0,2021,9,0,0,0.1,0.1,1.0
20211222,2021-09-20,07:00,PIURA,PE-1N,965.0,CHOQUE,0,2.0,7.0,2021,9,0,0,0.0,0.0,0.0
20211222,2021-09-20,23:13,CUSCO,PE-3S,1082.0,CHOQUE,0,1.0,23.0,2021,9,0,0,0.1,0.1,1.0
20211222,2021-09-21,12:34,AREQUIPA,PE-34,8.0,CHOQUE,0,1.0,12.0,2021,9,1,0,0.0,0.0,0.0
20211222,2021-09-21,00:30,LIMA,PE-22,41.0,CHOQUE,0,1.0,0.0,2021,9,1,0,0.0,0.0,0.0
20211222,2021-09-21,11:00,CUSCO,PE-28B,46.0,DESPISTE,0,1.0,11.0,2021,9,1,0,0.8,0.8,1.0
20211222,2021-09-21,11:00,JUNIN,PE-5S,53.0,DESPISTE,0,4.0,11.0,2021,9,1,0,7.9,7.9,7.0
20211222,2021-09-21,12:00,LIMA,PE-22,54.0,ATROPELLO,0,1.0,12.0,2021,9,1,0,0.0,0.0,0.0
20211222,2021-09-21,16:30,UCAYALI,PE-18C,63.0,CHOQUE,0,1.0,16.0,2021,9,1,0,9.2,9.2,9.0
20211222,2021-09-21,01:10,LAMBAYEQUE,PE-1NJ,64.0,CHOQUE,0,2.0,1.0,2021,9,1,0,0.0,0.0,0.0
20211222,2021-09-21,02:35,LIMA,PE-1N,71.0,DESPISTE,1,10.0,2.0,2021,9,1,1,0.0,0.0,0.0
20211222,2021-09-21,17:56,MOQUEGUA,PE-36A,113.0,DESPISTE,0,0.0,17.0,2021,9,1,0,0.0,0.0,0.0
20211222,2021-09-21,16:15,UCAYALI,PE-5N,117.0,DESPISTE,0,1.0,16.0,2021,9,1,0,9.2,9.2,9.0
20211222,2021-09-21,20:26,MOQUEGUA,PE-36B,155.0,DESPISTE,0,0.0,20.0,2021,9,1,0,0.0,0.0,0.0
20211222,2021-09-21,15:50,AREQUIPA,PE-34A,156.0,DESPISTE,0,1.0,15.0,2021,9,1,0,0.0,0.0,0.0
20211222,2021-09-21,11:50,CAJAMARCA,PE-5N,186.0,DESPISTE,0,2.0,11.0,2021,9,1,0,0.9,0.9,4.0
20211222,2021-09-21,10:25,ANCASH,PE-1N,284.0,DESPISTE,0,4.0,10.0,2021,9,1,0,7.9,7.9,7.0
20211222,2021-09-21,18:30,UCAYALI,PE-5N,456.0,CHOQUE,0,0.0,18.0,2021,9,1,0,9.2,9.2,9.0
20211222,2021-09-22,09:00,JUNIN,PE-3SC,2.0,DESPISTE,0,0.0,9.0,2021,9,2,0,4.0,4.0,9.0
20211222,2021-09-22,22:50,PUNO,PE-34H,5.0,CHOQUE,0,1.0,22.0,2021,9,2,0,4.5,4.5,17.0
20211222,2021-09-22,18:00,AYACUCHO,PE-28B,28.0,DESPISTE,0,3.0,18.0,2021,9,2,0,0.0,0.0,0.0
20211222,2021-09-22,09:40,JUNIN,PE-5S,29.0,CHOQUE,0,0.0,9.0,2021,9,2,0,4.0,4.0,9.0
20211222,2021-09-22,06:35,JUNIN,PE-3SA,44.0,CHOQUE,0,2.0,6.0,2021,9,2,0,4.0,4.0,9.0
20211222,2021-09-22,14:50,PUNO,PE-34H,51.0,CHOQUE,1,1.0,14.0,2021,9,2,1,4.5,4.5,17.0
20211222,2021-09-22,19:30,LIMA,PE-1S,53.0,ESPECIAL,0,0.0,19.0,2021,9,2,0,0.0,0.0,0.0
20211222,2021-09-22,14:30,LIMA,PE-1S,57.0,CHOQUE,0,1.0,14.0,2021,9,2,0,0.0,0.0,0.0
20211222,2021-09-22,14:55,LIMA,PE-1N,75.0,CHOQUE,0,0.0,14.0,2021,9,2,0,0.0,0.0,0.0
20211222,2021-09-22,14:15,ANCASH,AN-107,84.0,CHOQUE,0,1.0,14.0,2021,9,2,0,15.0,15.0,10.0
20211222,2021-09-22,19:00,LIMA,PE-1N,92.0,CHOQUE,0,1.0,19.0,2021,9,2,0,0.0,0.0,0.0
20211222,2021-09-22,14:30,AYACUCHO,PE-30A,98.0,DESPISTE,0,6.0,14.0,2021,9,2,0,0.0,0.0,0.0
20211222,2021-09-22,18:10,CUSCO,PE-28B,174.0,CHOQUE,0,1.0,18.0,2021,9,2,0,1.2,1.2,8.0
20211222,2021-09-22,18:30,MOQUEGUA,PE-36A,197.0,DESPISTE,0,0.0,18.0,2021,9,2,0,0.0,0.0,0.0
20211222,2021-09-22,15:30,MOQUEGUA,PE-1SD,198.0,DESPISTE,0,0.0,15.0,2021,9,2,0,0.0,0.0,0.0
20211222,2021-09-22,19:00,MADRE DE DIOS,PE-30C,508.0,CHOQUE,0,0.0,19.0,2021,9,2,0,1.8,1.8,4.0
20211222,2021-09-22,06:10,LA LIBERTAD,PE-1N,537.0,DESPISTE,1,0.0,6.0,2021,9,2,1,0.0,0.0,0.0
20211222,2021-09-22,11:00,APURIMAC,PE-3S,580.0,DESPISTE,0,20.0,11.0,2021,9,2,0,4.8,4.8,13.0
20211222,2021-09-22,10:35,ANCASH,PE-3N,589.0,DESPISTE,0,0.0,10.0,2021,9,2,0,15.0,15.0,10.0
20211222,2021-09-22,07:00,AREQUIPA,PE-1S,918.0,CHOQUE,1,4.0,7.0,2021,9,2,1,0.0,0.0,0.0
20211222,2021-09-22,07:50,CUSCO,PE-3S,920.0,DESPISTE,0,1.0,7.0,2021,9,2,0,1.2,1.2,8.0
20211222,2021-09-22,11:00,AREQUIPA,PE-1S,933.0,DESPISTE,0,0.0,11.0,2021,9,2,0,0.0,0.0,0.0
20211222,2021-09-23,03:20,LIMA,PE-1S,29.0,DESPISTE,0,1.0,3.0,2021,9,3,0,0.0,0.0,0.0
20211222,2021-09-23,05:30,JUNIN,PE-3S,30.0,DESPISTE,0,1.0,5.0,2021,9,3,0,1.2,1.2,7.0
20211222,2021-09-23,14:30,PIURA,PE-1N,33.0,DESPISTE,0,0.0,14.0,2021,9,3,0,0.0,0.0,0.0
20211222,2021-09-23,09:00,MOQUEGUA,PE-36,34.0,DESPISTE,0,0.0,9.0,2021,9,3,0,0.0,0.0,0.0
20211222,2021-09-23,11:30,JUNIN,PE-3S,57.0,DESPISTE,0,2.0,11.0,2021,9,3,0,1.2,1.2,7.0
20211222,2021-09-23,17:20,LIMA,PE-1S,62.0,CHOQUE,0,2.0,17.0,2021,9,3,0,0.0,0.0,0.0
20211222,2021-09-23,09:30,AYACUCHO,PE-30A,76.0,DESPISTE,1,0.0,9.0,2021,9,3,1,1.7,1.7,8.0
20211222,2021-09-23,11:50,UCAYALI,PE-18C,83.0,DESPISTE,0,0.0,11.0,2021,9,3,0,0.0,0.0,0.0
20211222,2021-09-23,12:53,AREQUIPA,PE-34A,119.0,CHOQUE,0,0.0,12.0,2021,9,3,0,0.0,0.0,0.0
20211222,2021-09-23,01:00,HUANCAVELICA,PE-28A,138.0,CHOQUE,0,0.0,1.0,2021,9,3,0,4.5,4.1,10.0
20211222,2021-09-23,07:40,PASCO,PE-3N,146.0,DESPISTE,0,0.0,7.0,2021,9,3,0,0.9,0.7,5.0
20211222,2021-09-23,22:30,TUMBES,PE-1N,158.0,CHOQUE,1,4.0,22.0,2021,9,3,1,0.0,0.0,0.0
20211222,2021-09-23,05:15,LIMA,PE-1S,163.0,CHOQUE,0,4.0,5.0,2021,9,3,0,0.0,0.0,0.0
20211222,2021-09-23,06:30,ICA,PE-1S,186.0,DESPISTE,0,0.0,6.0,2021,9,3,0,0.0,0.0,0.0
20211222,2021-09-23,21:40,ICA,PE-1S,211.0,CHOQUE,0,6.0,21.0,2021,9,3,0,0.0,0.0,0.0
20211222,2021-09-23,13:00,ANCASH,PE-1N,334.0,VOLCADURA,0,0.0,13.0,2021,9,3,0,2.3,2.3,7.0
20211222,2021-09-23,21:00,ANCASH,PE-1N,339.0,VOLCADURA,0,0.0,21.0,2021,9,3,0,2.3,2.3,7.0
20211222,2021-09-23,18:35,CUSCO,PE-28B,440.0,CHOQUE,0,0.0,18.0,2021,9,3,0,2.8,2.8,9.0
20211222,2021-09-23,00:30,LA LIBERTAD,PE-1N,473.0,ESPECIAL,0,0.0,0.0,2021,9,3,0,0.0,0.0,0.0
20211222,2021-09-23,12:00,SAN MARTIN,PE-5N,573.0,ATROPELLO,1,0.0,12.0,2021,9,3,1,2.2,2.2,6.0
20211222,2021-09-23,11:30,LA LIBERTAD,PE-1N,670.0,CHOQUE,0,2.0,11.0,2021,9,3,0,0.0,0.0,0.0
20211222,2021-09-24,13:05,JUNIN,PE-3S,16.0,DESPISTE,0,2.0,13.0,2021,9,4,0,2.0,2.0,8.0
20211222,2021-09-24,11:50,AREQUIPA,PE-34A,25.0,DESPISTE,1,1.0,11.0,2021,9,4,1,0.0,0.0,0.0
20211222,2021-09-24,23:00,ANCASH,PE-16,80.0,CHOQUE,0,1.0,23.0,2021,9,4,0,0.3,0.3,2.0
20211222,2021-09-24,10:40,JUNIN,PE-5S,88.0,CHOQUE,0,0.0,10.0,2021,9,4,0,2.0,2.0,8.0
20211222,2021-09-24,15:40,LIMA,PE-1N,140.0,DESPISTE,0,3.0,15.0,2021,9,4,0,0.0,0.0,0.0
20211222,2021-09-24,18:55,LIMA,PE-1N,173.0,CHOQUE,0,4.0,18.0,2021,9,4,0,0.0,0.0,0.0
20211222,2021-09-24,23:30,ICA,PE-1S,312.0,CHOQUE,1,2.0,23.0,2021,9,4,1,0.0,0.0,0.0
20211222,2021-09-24,19:15,SAN MARTIN,PE-5N,476.0,CHOQUE,1,0.0,19.0,2021,9,4,1,0.7,0.7,4.0
20211222,2021-09-24,18:25,LA LIBERTAD,PE-1N,619.0,DESPISTE,0,1.0,18.0,2021,9,4,0,0.0,0.0,0.0
20211222,2021-09-25,20:00,LA LIBERTAD,PE-10A,18.0,DESPISTE,0,2.0,20.0,2021,9,5,0,0.0,0.0,0.0
20211222,2021-09-25,21:00,ICA,PE-30A,27.0,DESPISTE,1,2.0,21.0,2021,9,5,1,0.0,0.0,0.0
20211222,2021-09-25,13:50,CUSCO,PE-28G,28.0,VOLCADURA,0,6.0,13.0,2021,9,5,0,0.8,0.8,6.0
20211222,2021-09-25,17:00,UCAYALI,PE-18C,39.0,CHOQUE,0,1.0,17.0,2021,9,5,0,0.4,0.4,3.0
20211222,2021-09-25,20:00,JUNIN,PE-3SA,39.0,CHOQUE,0,0.0,20.0,2021,9,5,0,0.7,0.7,4.0
20211222,2021-09-25,03:40,JUNIN,PE-3N,65.0,DESPISTE,0,1.0,3.0,2021,9,5,0,0.7,0.7,4.0
20211222,2021-09-25,06:42,MOQUEGUA,PE-36A,75.0,CHOQUE,0,1.0,6.0,2021,9,5,0,0.0,0.0,0.0
20211222,2021-09-25,18:30,LAMBAYEQUE,PE-1NJ,130.0,DESPISTE,0,2.0,18.0,2021,9,5,0,0.0,0.0,0.0
20211222,2021-09-25,08:00,LIMA,PE-1S,141.0,DESPISTE,0,0.0,8.0,2021,9,5,0,0.0,0.0,0.0
20211222,2021-09-25,21:20,LIMA,PE-1S,144.0,CHOQUE,0,2.0,21.0,2021,9,5,0,0.0,0.0,0.0
20211222,2021-09-25,21:30,TUMBES,PE-1N,190.0,CHOQUE,0,2.0,21.0,2021,9,5,0,0.0,0.0,0.0
20211222,2021-09-25,06:30,ANCASH,PE-1N,248.0,DESPISTE,0,2.0,6.0,2021,9,5,0,1.8,1.8,5.0
20211222,2021-09-25,14:50,ICA,PE-1S,266.0,CHOQUE,0,0.0,14.0,2021,9,5,0,0.0,0.0,0.0
20211222,2021-09-25,07:00,AMAZONAS,PE-5N,365.0,DESPISTE,0,0.0,7.0,2021,9,5,0,0.0,0.0,0.0
20211222,2021-09-25,15:30,MADRE DE DIOS,PE-30C,533.0,DESPISTE,0,0.0,15.0,2021,9,5,0,0.0,0.0,0.0
20211222,2021-09-25,05:30,LAMBAYEQUE,PE-1N,826.0,CHOQUE,1,1.0,5.0,2021,9,5,1,0.0,0.0,0.0
20211222,2021-09-25,07:30,PUNO,PE-3S,1373.0,DESPISTE,0,0.0,7.0,2021,9,5,0,0.8,0.8,5.0
20211222,2021-09-26,17:00,JUNIN,PE-3S,9.0,CHOQUE,0,1.0,17.0,2021,9,6,0,0.5,0.5,3.0
20211222,2021-09-26,05:10,AREQUIPA,AR-105,36.0,DESPISTE,0,0.0,5.0,2021,9,6,0,0.0,0.0,0.0
20211222,2021-09-26,06:20,JUNIN,PE-3N,50.0,CHOQUE,0,1.0,6.0,2021,9,6,0,0.5,0.5,3.0
20211222,2021-09-26,10:50,LIMA,PE-1N,52.0,CHOQUE,0,1.0,10.0,2021,9,6,0,0.0,0.0,0.0
20211222,2021-09-26,19:15,LIMA,PE-1S,138.0,CHOQUE,0,2.0,19.0,2021,9,6,0,0.0,0.0,0.0
20211222,2021-09-26,06:40,ICA,PE-1S,202.0,CHOQUE,0,1.0,6.0,2021,9,6,0,0.0,0.0,0.0
20211222,2021-09-26,19:50,MOQUEGUA,PE-36A,211.0,CHOQUE,0,1.0,19.0,2021,9,6,0,0.0,0.0,0.0
20211222,2021-09-26,02:40,PUNO,PE-34B,284.0,DESPISTE,0,2.0,2.0,2021,9,6,0,0.7,0.7,5.0
20211222,2021-09-26,21:30,MADRE DE DIOS,PE-30C,328.0,CHOQUE,0,2.0,21.0,2021,9,6,0,0.0,0.0,0.0
20211222,2021-09-26,18:00,HUANUCO,PE-5N,457.0,CHOQUE,0,2.0,18.0,2021,9,6,0,0.2,0.2,1.0
20211222,2021-09-26,14:10,SAN MARTIN,PE-5N,634.0,CHOQUE,0,1.0,14.0,2021,9,6,0,2.3,2.3,7.0
20211222,2021-09-26,21:20,SAN MARTIN,PE-5N,641.0,CHOQUE,0,1.0,21.0,2021,9,6,0,2.3,2.3,7.0
20211222,2021-09-26,12:30,AREQUIPA,PE-1S,714.0,VOLCADURA,0,1.0,12.0,2021,9,6,0,0.0,0.0,0.0
20211222,2021-09-26,22:40,PIURA,PE-1NL,1054.0,DESPISTE,0,1.0,22.0,2021,9,6,0,0.0,0.0,0.0
20211222,2021-09-26,23:50,MOQUEGUA,PE-1S,1155.0,DESPISTE,0,0.0,23.0,2021,9,6,0,0.0,0.0,0.0
20211222,2021-09-27,08:40,AREQUIPA,PE-34C,3.0,CHOQUE,0,0.0,8.0,2021,9,0,0,0.0,0.0,0.0
20211222,2021-09-27,18:00,JUNIN,PE-3S,10.0,CHOQUE,0,2.0,18.0,2021,9,0,0,1.1,1.1,5.0
20211222,2021-09-27,14:30,JUNIN,PE-3SA,32.0,CHOQUE,0,4.0,14.0,2021,9,0,0,1.1,1.1,5.0
20211222,2021-09-27,07:35,LIMA,PE-1N,45.0,CHOQUE,0,2.0,7.0,2021,9,0,0,0.0,0.0,0.0
20211222,2021-09-27,05:50,LIMA,PE-1S,53.0,DESPISTE,0,3.0,5.0,2021,9,0,0,0.0,0.0,0.0
20211222,2021-09-27,17:14,JUNIN,PE-3S,63.0,DESPISTE,2,1.0,17.0,2021,9,0,1,1.1,1.1,5.0
20211222,2021-09-27,04:00,LIMA,PE-22,85.0,ESPECIAL,1,0.0,4.0,2021,9,0,1,0.0,0.0,0.0
20211222,2021-09-27,15:30,LAMBAYEQUE,PE-1NJ,94.0,CHOQUE,1,3.0,15.0,2021,9,0,1,0.0,0.0,0.0
20211222,2021-09-27,18:40,LAMBAYEQUE,PE-1NJ,101.0,CHOQUE,0,3.0,18.0,2021,9,0,0,0.0,0.0,0.0
20211222,2021-09-27,10:30,PIURA,PE-1N,108.0,DESPISTE,0,1.0,10.0,2021,9,0,0,0.0,0.0,0.0
20211222,2021-09-27,13:50,PASCO,PE-3N,138.0,DESPISTE,0,0.0,13.0,2021,9,0,0,1.8,1.7,4.0
20211222,2021-09-27,06:35,LIMA,PE-1N,177.0,DESPISTE,0,1.0,6.0,2021,9,0,0,0.0,0.0,0.0
20211222,2021-09-27,02:50,PUNO,PE-34A,218.0,DESPISTE,0,0.0,2.0,2021,9,0,0,0.0,0.0,0.0
20211222,2021-09-27,18:30,AMAZONAS,PE-08B,396.0,DESPISTE,0,1.0,18.0,2021,9,0,0,0.0,0.0,0.0
20211222,2021-09-27,09:55,SAN MARTIN,PE-5N,480.0,DESPISTE,0,3.0,9.0,2021,9,0,0,2.8,2.8,4.0
20211222,2021-09-27,18:35,ANCASH,PE-3N,568.0,DESPISTE,0,2.0,18.0,2021,9,0,0,0.0,0.0,0.0
20211222,2021-09-27,18:20,AREQUIPA,PE-1S,642.0,DESPISTE,0,2.0,18.0,2021,9,0,0,0.0,0.0,0.0
20211222,2021-09-27,19:47,ANCASH,PE-3N,646.0,CHOQUE,0,2.0,19.0,2021,9,0,0,0.0,0.0,0.0
20211222,2021-09-27,04:00,CUSCO,PE-3S,888.0,DESPISTE,0,0.0,4.0,2021,9,0,0,0.3,0.3,3.0
20211222,2021-09-27,18:00,AREQUIPA,PE-1S,921.0,CHOQUE,0,1.0,18.0,2021,9,0,0,0.0,0.0,0.0
20211222,2021-09-27,07:20,AREQUIPA,PE-1S,970.0,CHOQUE,0,6.0,7.0,2021,9,0,0,0.0,0.0,0.0
20211222,2021-09-27,05:30,AREQUIPA,PE-1S,1006.0,DESPISTE,0,4.0,5.0,2021,9,0,0,0.0,0.0,0.0
20211222,2021-09-27,05:00,CUSCO,PE-3S,1061.0,DESPISTE,1,1.0,5.0,2021,9,0,1,0.3,0.3,3.0
20211222,2021-09-28,06:40,PUNO,PE-34I,17.0,CHOQUE,0,1.0,6.0,2021,9,1,0,0.0,0.0,0.0
20211222,2021-09-28,03:30,PIURA,PE-1N,33.0,VOLCADURA,0,0.0,3.0,2021,9,1,0,0.0,0.0,0.0
20211222,2021-09-28,16:00,LIMA,PE-18,65.0,DESPISTE,0,4.0,16.0,2021,9,1,0,0.0,0.0,0.0
20211222,2021-09-28,16:45,LIMA,PE-22,108.0,CHOQUE,0,0.0,16.0,2021,9,1,0,0.0,0.0,0.0
20211222,2021-09-28,18:00,APURIMAC,PE-30A,298.0,DESPISTE,0,0.0,18.0,2021,9,1,0,3.9,3.9,10.0
20211222,2021-09-28,19:20,SAN MARTIN,PE-5N,693.0,DESPISTE,0,0.0,19.0,2021,9,1,0,2.3,2.3,11.0
20211222,2021-09-28,05:40,AREQUIPA,PE-1S,947.0,CHOQUE,0,0.0,5.0,2021,9,1,0,0.0,0.0,0.0
20211222,2021-09-28,07:00,MOQUEGUA,PE-1S,1122.0,DESPISTE,0,0.0,7.0,2021,9,1,0,0.0,0.0,0.0
20211222,2021-09-28,07:10,MOQUEGUA,PE-1S,1141.0,DESPISTE,0,2.0,7.0,2021,9,1,0,0.0,0.0,0.0
20211222,2021-09-29,23:05,ANCASH,PE-3N,12.0,DESPISTE,0,0.0,23.0,2021,9,2,0,0.1,0.1,1.0
20211222,2021-09-29,11:30,SAN MARTIN,PE-5NB,19.0,DESPISTE,0,1.0,11.0,2021,9,2,0,2.0,2.0,6.0
20211222,2021-09-29,09:30,PUNO,PE-34H,22.0,CHOQUE,0,1.0,9.0,2021,9,2,0,1.1,1.1,3.0
20211222,2021-09-29,19:20,LIMA,PE-1S,30.0,CHOQUE,1,0.0,19.0,2021,9,2,1,0.3,0.3,1.0
20211222,2021-09-29,08:00,LIMA,PE-18,49.0,DESPISTE,0,1.0,8.0,2021,9,2,0,0.3,0.3,1.0
20211222,2021-09-29,05:45,LIMA,PE-1N,55.0,CHOQUE,0,0.0,5.0,2021,9,2,0,0.3,0.3,1.0
20211222,2021-09-29,16:20,LIMA,PE-22,110.0,CHOQUE,0,0.0,16.0,2021,9,2,0,0.3,0.3,1.0
20211222,2021-09-29,14:50,JUNIN,PE-3S,143.0,CHOQUE,0,0.0,14.0,2021,9,2,0,1.5,1.5,8.0
20211222,2021-09-29,06:00,ANCASH,PE-3N,148.0,DESPISTE,0,1.0,6.0,2021,9,2,0,0.1,0.1,1.0
20211222,2021-09-29,08:20,LIMA,PE-1N,214.0,DESPISTE,0,0.0,8.0,2021,9,2,0,0.3,0.3,1.0
20211222,2021-09-29,12:00,AYACUCHO,PE-30A,231.0,DESPISTE,0,4.0,12.0,2021,9,2,0,0.0,0.0,0.0
20211222,2021-09-29,12:00,MADRE DE DIOS,PE-30C,546.0,CHOQUE,0,1.0,12.0,2021,9,2,0,9.3,9.3,10.0
20211222,2021-09-29,20:30,AREQUIPA,PE-1S,914.0,CHOQUE,0,0.0,20.0,2021,9,2,0,0.0,0.0,0.0
20211222,2021-09-29,17:30,PIURA,PE-1N,1032.0,VOLCADURA,0,1.0,17.0,2021,9,2,0,0.0,0.0,0.0
20211222,2021-09-30,17:45,PUNO,PE-36B,22.0,DESPISTE,0,0.0,17.0,2021,9,3,0,0.2,0.2,2.0
20211222,2021-09-30,22:10,ANCASH,AN-110,26.0,DESPISTE,0,0.0,22.0,2021,9,3,0,8.0,8.0,8.0
20211222,2021-09-30,06:00,LIMA,PE-22,41.0,CHOQUE,0,0.0,6.0,2021,9,3,0,0.0,0.0,0.0
20211222,2021-09-30,09:30,LIMA,PE-1N,71.0,CHOQUE,0,2.0,9.0,2021,9,3,0,0.0,0.0,0.0
20211222,2021-09-30,18:27,AREQUIPA,PE-34A,77.0,CHOQUE,0,0.0,18.0,2021,9,3,0,0.0,0.0,0.0
20211222,2021-09-30,14:10,LA LIBERTAD,PE-10A,93.0,CHOQUE,0,3.0,14.0,2021,9,3,0,0.0,0.0,0.0
20211222,2021-09-30,15:33,AREQUIPA,PE-34A,112.0,CHOQUE,0,0.0,15.0,2021,9,3,0,0.0,0.0,0.0
20211222,2021-09-30,09:30,UCAYALI,PE-5N,118.0,CHOQUE,0,0.0,9.0,2021,9,3,0,1.2,1.2,6.0
20211222,2021-09-30,00:30,ANCASH,PE-3N,123.0,CHOQUE,0,2.0,0.0,2021,9,3,0,8.0,8.0,8.0
20211222,2021-09-30,22:15,MOQUEGUA,PE-36B,124.0,DESPISTE,0,1.0,22.0,2021,9,3,0,0.0,0.0,0.0
20211222,2021-09-30,17:13,PUNO,PE-34A,218.0,DESPISTE,0,0.0,17.0,2021,9,3,0,0.2,0.2,2.0
20211222,2021-09-30,17:00,MADRE DE DIOS,PE-30C,323.0,CHOQUE,1,1.0,17.0,2021,9,3,1,3.0,3.0,3.0
20211222,2021-09-30,01:30,ANCASH,PE-1N,348.0,CHOQUE,0,0.0,1.0,2021,9,3,0,8.0,8.0,8.0
20211222,2021-09-30,04:00,MADRE DE DIOS,PE-30C,417.0,CHOQUE,0,0.0,4.0,2021,9,3,0,3.0,3.0,3.0
20211222,2021-09-30,15:10,LA LIBERTAD,PE-1N,627.0,CHOQUE,0,2.0,15.0,2021,9,3,0,0.0,0.0,0.0
20211222,2021-09-30,02:50,LAMBAYEQUE,PE-1N,758.0,DESPISTE,0,0.0,2.0,2021,9,3,0,0.0,0.0,0.0
20211222,2021-09-30,18:47,PUNO,PE-3S,1296.0,CHOQUE,1,0.0,18.0,2021,9,3,1,0.2,0.2,2.0
